;index;date;date_time;idbldsite;region_id;day_of_week;day_of_month;day_of_year;month;year;hour;day_0;day_1;day_2;day_3;day_4;day_5;day_6;month_1;month_2;month_3;month_4;month_5;month_6;month_7;month_8;month_9;month_10;month_11;month_12;public_holiday;not_public_holiday;school_holiday;not_school_holiday;cloudamount;mintemperature;maxtemperature;weathersituation;cloudamount_reg;mintemperature_reg;maxtemperature_reg;weathersituation_reg
0;0;2016-11-11;2016-11-11;12;0;4;11;316;11;2016;0;0;0;0;0;1;0;0;0;0;0;0;0;0;0;0;0;0;1;0;0;1;0;1;8.0;3.8;6.7;63.0;1.18962930299;-2.36589777503;-2.60823992693;1.03988241463
1;1;2016-11-12;2016-11-12;12;0;5;12;317;11;2016;0;0;0;0;0;0;1;0;0;0;0;0;0;0;0;0;0;0;1;0;0;1;0;1;8.0;2.6;4.9;63.0;1.18962930299;-2.66594603512;-2.93898236392;1.03988241463
2;2;2016-11-13;2016-11-13;12;0;6;13;318;11;2016;0;0;0;0;0;0;0;1;0;0;0;0;0;0;0;0;0;0;1;0;0;1;0;1;6.0;0.3;5.3;6.0;0.379470795278;-3.24103853364;-2.86548404459;-0.583532316726
3;3;2016-11-14;2016-11-14;12;0;0;14;319;11;2016;0;1;0;0;0;0;0;0;0;0;0;0;0;0;0;0;0;0;1;0;0;1;0;1;5.0;0.6;4.8;6.0;-0.025608458577;-3.16602646862;-2.95735694375;-0.583532316726
4;4;2016-11-15;2016-11-15;12;0;1;15;320;11;2016;0;0;1;0;0;0;0;0;0;0;0;0;0;0;0;0;0;0;1;0;0;1;0;1;4.0;-0.4;5.8;4.0;-0.430687712432;-3.41606668537;-2.77361114543;-0.640494237124
5;5;2016-11-16;2016-11-16;12;0;2;16;321;11;2016;0;0;0;1;0;0;0;0;0;0;0;0;0;0;0;0;0;0;1;0;0;1;0;1;6.0;2.9;9.0;7.0;0.379470795278;-2.5909339701;-2.18562459078;-0.555051356526
6;6;2016-11-17;2016-11-17;12;0;3;17;322;11;2016;0;0;0;0;1;0;0;0;0;0;0;0;0;0;0;0;0;0;1;0;0;1;0;1;8.0;6.3;11.4;8.0;1.18962930299;-1.74079723315;-1.7446346748;-0.526570396327
7;7;2016-11-18;2016-11-18;12;0;4;18;323;11;2016;0;0;0;0;0;1;0;0;0;0;0;0;0;0;0;0;0;0;1;0;0;1;0;1;8.0;6.7;11.4;8.0;1.18962930299;-1.64078114646;-1.7446346748;-0.526570396327
8;8;2016-11-19;2016-11-19;12;0;5;19;324;11;2016;0;0;0;0;0;0;1;0;0;0;0;0;0;0;0;0;0;0;1;0;0;1;0;1;0.0;0.0;0.0;0.0;0.0;0.0;0.0;0.0
9;9;2016-11-20;2016-11-20;12;0;6;20;325;11;2016;0;0;0;0;0;0;0;1;0;0;0;0;0;0;0;0;0;0;1;0;0;1;0;1;0.0;0.0;0.0;0.0;0.0;0.0;0.0;0.0
10;10;2016-11-21;2016-11-21;12;0;0;21;326;11;2016;0;1;0;0;0;0;0;0;0;0;0;0;0;0;0;0;0;0;1;0;0;1;0;1;0.0;0.0;0.0;0.0;0.0;0.0;0.0;0.0
11;11;2016-11-22;2016-11-22;12;0;1;22;327;11;2016;0;0;1;0;0;0;0;0;0;0;0;0;0;0;0;0;0;0;1;0;0;1;0;1;0.0;0.0;0.0;0.0;0.0;0.0;0.0;0.0
12;12;2016-11-23;2016-11-23;12;0;2;23;328;11;2016;0;0;0;1;0;0;0;0;0;0;0;0;0;0;0;0;0;0;1;0;0;1;0;1;0.0;0.0;0.0;0.0;0.0;0.0;0.0;0.0
13;13;2016-11-24;2016-11-24;12;0;3;24;329;11;2016;0;0;0;0;1;0;0;0;0;0;0;0;0;0;0;0;0;0;1;0;0;1;0;1;0.0;0.0;0.0;0.0;0.0;0.0;0.0;0.0
14;14;2016-11-25;2016-11-25;12;0;4;25;330;11;2016;0;0;0;0;0;1;0;0;0;0;0;0;0;0;0;0;0;0;1;0;0;1;0;1;0.0;0.0;0.0;0.0;0.0;0.0;0.0;0.0
15;15;2016-11-26;2016-11-26;12;0;5;26;331;11;2016;0;0;0;0;0;0;1;0;0;0;0;0;0;0;0;0;0;0;1;0;0;1;0;1;0.0;0.0;0.0;0.0;0.0;0.0;0.0;0.0
16;16;2016-11-27;2016-11-27;12;0;6;27;332;11;2016;0;0;0;0;0;0;0;1;0;0;0;0;0;0;0;0;0;0;1;0;0;1;0;1;0.0;0.0;0.0;0.0;0.0;0.0;0.0;0.0
17;17;2016-11-28;2016-11-28;12;0;0;28;333;11;2016;0;1;0;0;0;0;0;0;0;0;0;0;0;0;0;0;0;0;1;0;0;1;0;1;0.0;0.0;0.0;0.0;0.0;0.0;0.0;0.0
18;18;2016-11-29;2016-11-29;12;0;1;29;334;11;2016;0;0;1;0;0;0;0;0;0;0;0;0;0;0;0;0;0;0;1;0;0;1;0;1;0.0;0.0;0.0;0.0;0.0;0.0;0.0;0.0
19;19;2016-11-30;2016-11-30;12;0;2;30;335;11;2016;0;0;0;1;0;0;0;0;0;0;0;0;0;0;0;0;0;0;1;0;0;1;0;1;0.0;0.0;0.0;0.0;0.0;0.0;0.0;0.0
20;20;2016-12-01;2016-12-01;12;0;3;1;336;12;2016;0;0;0;0;1;0;0;0;0;0;0;0;0;0;0;0;0;0;0;1;0;1;0;1;0.0;0.0;0.0;0.0;0.0;0.0;0.0;0.0
21;21;2016-12-02;2016-12-02;12;0;4;2;337;12;2016;0;0;0;0;0;1;0;0;0;0;0;0;0;0;0;0;0;0;0;1;0;1;0;1;0.0;0.0;0.0;0.0;0.0;0.0;0.0;0.0
22;22;2016-12-03;2016-12-03;12;0;5;3;338;12;2016;0;0;0;0;0;0;1;0;0;0;0;0;0;0;0;0;0;0;0;1;0;1;0;1;0.0;0.0;0.0;0.0;0.0;0.0;0.0;0.0
23;23;2016-12-04;2016-12-04;12;0;6;4;339;12;2016;0;0;0;0;0;0;0;1;0;0;0;0;0;0;0;0;0;0;0;1;0;1;0;1;0.0;0.0;0.0;0.0;0.0;0.0;0.0;0.0
24;24;2016-12-05;2016-12-05;12;0;0;5;340;12;2016;0;1;0;0;0;0;0;0;0;0;0;0;0;0;0;0;0;0;0;1;0;1;0;1;0.0;0.0;0.0;0.0;0.0;0.0;0.0;0.0
25;25;2016-12-06;2016-12-06;12;0;1;6;341;12;2016;0;0;1;0;0;0;0;0;0;0;0;0;0;0;0;0;0;0;0;1;0;1;0;1;0.0;0.0;0.0;0.0;0.0;0.0;0.0;0.0
26;26;2016-12-07;2016-12-07;12;0;2;7;342;12;2016;0;0;0;1;0;0;0;0;0;0;0;0;0;0;0;0;0;0;0;1;0;1;0;1;0.0;0.0;0.0;0.0;0.0;0.0;0.0;0.0
27;27;2016-12-08;2016-12-08;12;0;3;8;343;12;2016;0;0;0;0;1;0;0;0;0;0;0;0;0;0;0;0;0;0;0;1;0;1;0;1;0.0;0.0;0.0;0.0;0.0;0.0;0.0;0.0
28;28;2016-12-09;2016-12-09;12;0;4;9;344;12;2016;0;0;0;0;0;1;0;0;0;0;0;0;0;0;0;0;0;0;0;1;0;1;0;1;0.0;0.0;0.0;0.0;0.0;0.0;0.0;0.0
29;29;2016-12-10;2016-12-10;12;0;5;10;345;12;2016;0;0;0;0;0;0;1;0;0;0;0;0;0;0;0;0;0;0;0;1;0;1;0;1;0.0;0.0;0.0;0.0;0.0;0.0;0.0;0.0
30;30;2016-12-11;2016-12-11;12;0;6;11;346;12;2016;0;0;0;0;0;0;0;1;0;0;0;0;0;0;0;0;0;0;0;1;0;1;0;1;0.0;0.0;0.0;0.0;0.0;0.0;0.0;0.0
31;0;2016-11-11;2016-11-11;1;5;4;11;316;11;2016;0;0;0;0;0;1;0;0;0;0;0;0;0;0;0;0;0;0;1;0;0;1;0;1;3.0;-0.6;5.5;83.0;-0.339546886308;-1.70319048796;-1.47516679849;1.53382442989
32;1;2016-11-12;2016-11-12;1;5;5;12;317;11;2016;0;0;0;0;0;0;1;0;0;0;0;0;0;0;0;0;0;0;1;0;0;1;0;1;7.0;-3.1;-0.2;7.0;1.87952261067;-2.12193025515;-2.23954524087;-0.746821776683
33;2;2016-11-13;2016-11-13;1;5;6;13;318;11;2016;0;0;0;0;0;0;0;1;0;0;0;0;0;0;0;0;0;0;1;0;0;1;0;1;6.0;-1.7;2.5;6.0;1.32475523642;-1.88743598552;-1.87747124185;-0.776830279401
34;3;2016-11-14;2016-11-14;1;5;0;14;319;11;2016;0;1;0;0;0;0;0;0;0;0;0;0;0;0;0;0;0;0;1;0;0;1;0;1;3.0;-2.0;4.6;4.0;-0.339546886308;-1.93768475758;-1.5958581315;-0.836847284837
35;4;2016-11-15;2016-11-15;1;5;1;15;320;11;2016;0;0;1;0;0;0;0;0;0;0;0;0;0;0;0;0;0;0;1;0;0;1;0;1;7.0;1.5;6.8;61.0;1.87952261067;-1.35144908351;-1.30083487303;0.87363737009
36;5;2016-11-16;2016-11-16;1;5;2;16;321;11;2016;0;0;0;1;0;0;0;0;0;0;0;0;0;0;0;0;0;0;1;0;0;1;0;1;8.0;6.1;8.6;61.0;2.43428998491;-0.580967911878;-1.05945220702;0.87363737009
37;6;2016-11-17;2016-11-17;1;5;3;17;322;11;2016;0;0;0;0;1;0;0;0;0;0;0;0;0;0;0;0;0;0;1;0;0;1;0;1;7.0;6.1;9.7;61.0;1.87952261067;-0.580967911878;-0.911940577784;0.87363737009
38;7;2016-11-18;2016-11-18;1;5;4;18;323;11;2016;0;0;0;0;0;1;0;0;0;0;0;0;0;0;0;0;0;0;1;0;0;1;0;1;6.0;6.3;9.1;80.0;1.32475523642;-0.547468730502;-0.992401466456;1.44379892173
39;8;2016-11-19;2016-11-19;1;5;5;19;324;11;2016;0;0;0;0;0;0;1;0;0;0;0;0;0;0;0;0;0;0;1;0;0;1;0;1;0.0;0.0;0.0;0.0;0.0;0.0;0.0;0.0
40;9;2016-11-20;2016-11-20;1;5;6;20;325;11;2016;0;0;0;0;0;0;0;1;0;0;0;0;0;0;0;0;0;0;1;0;0;1;0;1;0.0;0.0;0.0;0.0;0.0;0.0;0.0;0.0
41;10;2016-11-21;2016-11-21;1;5;0;21;326;11;2016;0;1;0;0;0;0;0;0;0;0;0;0;0;0;0;0;0;0;1;0;0;1;0;1;0.0;0.0;0.0;0.0;0.0;0.0;0.0;0.0
42;11;2016-11-22;2016-11-22;1;5;1;22;327;11;2016;0;0;1;0;0;0;0;0;0;0;0;0;0;0;0;0;0;0;1;0;0;1;0;1;0.0;0.0;0.0;0.0;0.0;0.0;0.0;0.0
43;12;2016-11-23;2016-11-23;1;5;2;23;328;11;2016;0;0;0;1;0;0;0;0;0;0;0;0;0;0;0;0;0;0;1;0;0;1;0;1;0.0;0.0;0.0;0.0;0.0;0.0;0.0;0.0
44;13;2016-11-24;2016-11-24;1;5;3;24;329;11;2016;0;0;0;0;1;0;0;0;0;0;0;0;0;0;0;0;0;0;1;0;0;1;0;1;0.0;0.0;0.0;0.0;0.0;0.0;0.0;0.0
45;14;2016-11-25;2016-11-25;1;5;4;25;330;11;2016;0;0;0;0;0;1;0;0;0;0;0;0;0;0;0;0;0;0;1;0;0;1;0;1;0.0;0.0;0.0;0.0;0.0;0.0;0.0;0.0
46;15;2016-11-26;2016-11-26;1;5;5;26;331;11;2016;0;0;0;0;0;0;1;0;0;0;0;0;0;0;0;0;0;0;1;0;0;1;0;1;0.0;0.0;0.0;0.0;0.0;0.0;0.0;0.0
47;16;2016-11-27;2016-11-27;1;5;6;27;332;11;2016;0;0;0;0;0;0;0;1;0;0;0;0;0;0;0;0;0;0;1;0;0;1;0;1;0.0;0.0;0.0;0.0;0.0;0.0;0.0;0.0
48;17;2016-11-28;2016-11-28;1;5;0;28;333;11;2016;0;1;0;0;0;0;0;0;0;0;0;0;0;0;0;0;0;0;1;0;0;1;0;1;0.0;0.0;0.0;0.0;0.0;0.0;0.0;0.0
49;18;2016-11-29;2016-11-29;1;5;1;29;334;11;2016;0;0;1;0;0;0;0;0;0;0;0;0;0;0;0;0;0;0;1;0;0;1;0;1;0.0;0.0;0.0;0.0;0.0;0.0;0.0;0.0
50;19;2016-11-30;2016-11-30;1;5;2;30;335;11;2016;0;0;0;1;0;0;0;0;0;0;0;0;0;0;0;0;0;0;1;0;0;1;0;1;0.0;0.0;0.0;0.0;0.0;0.0;0.0;0.0
51;20;2016-12-01;2016-12-01;1;5;3;1;336;12;2016;0;0;0;0;1;0;0;0;0;0;0;0;0;0;0;0;0;0;0;1;0;1;0;1;0.0;0.0;0.0;0.0;0.0;0.0;0.0;0.0
52;21;2016-12-02;2016-12-02;1;5;4;2;337;12;2016;0;0;0;0;0;1;0;0;0;0;0;0;0;0;0;0;0;0;0;1;0;1;0;1;0.0;0.0;0.0;0.0;0.0;0.0;0.0;0.0
53;22;2016-12-03;2016-12-03;1;5;5;3;338;12;2016;0;0;0;0;0;0;1;0;0;0;0;0;0;0;0;0;0;0;0;1;0;1;0;1;0.0;0.0;0.0;0.0;0.0;0.0;0.0;0.0
54;23;2016-12-04;2016-12-04;1;5;6;4;339;12;2016;0;0;0;0;0;0;0;1;0;0;0;0;0;0;0;0;0;0;0;1;0;1;0;1;0.0;0.0;0.0;0.0;0.0;0.0;0.0;0.0
55;24;2016-12-05;2016-12-05;1;5;0;5;340;12;2016;0;1;0;0;0;0;0;0;0;0;0;0;0;0;0;0;0;0;0;1;0;1;0;1;0.0;0.0;0.0;0.0;0.0;0.0;0.0;0.0
56;25;2016-12-06;2016-12-06;1;5;1;6;341;12;2016;0;0;1;0;0;0;0;0;0;0;0;0;0;0;0;0;0;0;0;1;0;1;0;1;0.0;0.0;0.0;0.0;0.0;0.0;0.0;0.0
57;26;2016-12-07;2016-12-07;1;5;2;7;342;12;2016;0;0;0;1;0;0;0;0;0;0;0;0;0;0;0;0;0;0;0;1;0;1;0;1;0.0;0.0;0.0;0.0;0.0;0.0;0.0;0.0
58;27;2016-12-08;2016-12-08;1;5;3;8;343;12;2016;0;0;0;0;1;0;0;0;0;0;0;0;0;0;0;0;0;0;0;1;0;1;0;1;0.0;0.0;0.0;0.0;0.0;0.0;0.0;0.0
59;28;2016-12-09;2016-12-09;1;5;4;9;344;12;2016;0;0;0;0;0;1;0;0;0;0;0;0;0;0;0;0;0;0;0;1;0;1;0;1;0.0;0.0;0.0;0.0;0.0;0.0;0.0;0.0
60;29;2016-12-10;2016-12-10;1;5;5;10;345;12;2016;0;0;0;0;0;0;1;0;0;0;0;0;0;0;0;0;0;0;0;1;0;1;0;1;0.0;0.0;0.0;0.0;0.0;0.0;0.0;0.0
61;30;2016-12-11;2016-12-11;1;5;6;11;346;12;2016;0;0;0;0;0;0;0;1;0;0;0;0;0;0;0;0;0;0;0;1;0;1;0;1;0.0;0.0;0.0;0.0;0.0;0.0;0.0;0.0
62;0;2016-11-11;2016-11-11;2;5;4;11;316;11;2016;0;0;0;0;0;1;0;0;0;0;0;0;0;0;0;0;0;0;1;0;0;1;0;1;3.0;-1.4;5.5;26.0;-0.922853716116;-1.66448553399;-1.40822006199;-0.226526496495
63;1;2016-11-12;2016-11-12;2;5;5;12;317;11;2016;0;0;0;0;0;0;1;0;0;0;0;0;0;0;0;0;0;0;1;0;0;1;0;1;7.0;-4.3;-0.4;7.0;1.14480587569;-2.15018652631;-2.24874143427;-0.787092065083
64;2;2016-11-13;2016-11-13;2;5;6;13;318;11;2016;0;0;0;0;0;0;0;1;0;0;0;0;0;0;0;0;0;0;1;0;0;1;0;1;5.0;-2.7;2.0;6.0;0.110976079786;-1.88221356503;-1.90683443537;-0.816595516061
65;3;2016-11-14;2016-11-14;2;5;0;14;319;11;2016;0;1;0;0;0;0;0;0;0;0;0;0;0;0;0;0;0;0;1;0;0;1;0;1;2.0;-3.4;3.4;3.0;-1.43976861407;-1.99945173559;-1.70738868602;-0.905105868996
66;4;2016-11-15;2016-11-15;2;5;1;15;320;11;2016;0;0;1;0;0;0;0;0;0;0;0;0;0;0;0;0;0;0;1;0;0;1;0;1;6.0;0.1;6.9;61.0;0.627890977737;-1.41326088279;-1.20877431263;0.806094287747
67;5;2016-11-16;2016-11-16;2;5;2;16;321;11;2016;0;0;0;1;0;0;0;0;0;0;0;0;0;0;0;0;0;0;1;0;0;1;0;1;8.0;6.1;8.8;61.0;1.66172077364;-0.408362278006;-0.938097938503;0.806094287747
68;6;2016-11-17;2016-11-17;2;5;3;17;322;11;2016;0;0;0;0;1;0;0;0;0;0;0;0;0;0;0;0;0;0;1;0;0;1;0;1;6.0;5.9;9.2;61.0;0.627890977737;-0.441858898165;-0.881113438687;0.806094287747
69;7;2016-11-18;2016-11-18;2;5;4;18;323;11;2016;0;0;0;0;0;1;0;0;0;0;0;0;0;0;0;0;0;0;1;0;0;1;0;1;6.0;6.1;8.7;80.0;0.627890977737;-0.408362278006;-0.952344063457;1.36665985634
70;8;2016-11-19;2016-11-19;2;5;5;19;324;11;2016;0;0;0;0;0;0;1;0;0;0;0;0;0;0;0;0;0;0;1;0;0;1;0;1;0.0;0.0;0.0;0.0;0.0;0.0;0.0;0.0
71;9;2016-11-20;2016-11-20;2;5;6;20;325;11;2016;0;0;0;0;0;0;0;1;0;0;0;0;0;0;0;0;0;0;1;0;0;1;0;1;0.0;0.0;0.0;0.0;0.0;0.0;0.0;0.0
72;10;2016-11-21;2016-11-21;2;5;0;21;326;11;2016;0;1;0;0;0;0;0;0;0;0;0;0;0;0;0;0;0;0;1;0;0;1;0;1;0.0;0.0;0.0;0.0;0.0;0.0;0.0;0.0
73;11;2016-11-22;2016-11-22;2;5;1;22;327;11;2016;0;0;1;0;0;0;0;0;0;0;0;0;0;0;0;0;0;0;1;0;0;1;0;1;0.0;0.0;0.0;0.0;0.0;0.0;0.0;0.0
74;12;2016-11-23;2016-11-23;2;5;2;23;328;11;2016;0;0;0;1;0;0;0;0;0;0;0;0;0;0;0;0;0;0;1;0;0;1;0;1;0.0;0.0;0.0;0.0;0.0;0.0;0.0;0.0
75;13;2016-11-24;2016-11-24;2;5;3;24;329;11;2016;0;0;0;0;1;0;0;0;0;0;0;0;0;0;0;0;0;0;1;0;0;1;0;1;0.0;0.0;0.0;0.0;0.0;0.0;0.0;0.0
76;14;2016-11-25;2016-11-25;2;5;4;25;330;11;2016;0;0;0;0;0;1;0;0;0;0;0;0;0;0;0;0;0;0;1;0;0;1;0;1;0.0;0.0;0.0;0.0;0.0;0.0;0.0;0.0
77;15;2016-11-26;2016-11-26;2;5;5;26;331;11;2016;0;0;0;0;0;0;1;0;0;0;0;0;0;0;0;0;0;0;1;0;0;1;0;1;0.0;0.0;0.0;0.0;0.0;0.0;0.0;0.0
78;16;2016-11-27;2016-11-27;2;5;6;27;332;11;2016;0;0;0;0;0;0;0;1;0;0;0;0;0;0;0;0;0;0;1;0;0;1;0;1;0.0;0.0;0.0;0.0;0.0;0.0;0.0;0.0
79;17;2016-11-28;2016-11-28;2;5;0;28;333;11;2016;0;1;0;0;0;0;0;0;0;0;0;0;0;0;0;0;0;0;1;0;0;1;0;1;0.0;0.0;0.0;0.0;0.0;0.0;0.0;0.0
80;18;2016-11-29;2016-11-29;2;5;1;29;334;11;2016;0;0;1;0;0;0;0;0;0;0;0;0;0;0;0;0;0;0;1;0;0;1;0;1;0.0;0.0;0.0;0.0;0.0;0.0;0.0;0.0
81;19;2016-11-30;2016-11-30;2;5;2;30;335;11;2016;0;0;0;1;0;0;0;0;0;0;0;0;0;0;0;0;0;0;1;0;0;1;0;1;0.0;0.0;0.0;0.0;0.0;0.0;0.0;0.0
82;20;2016-12-01;2016-12-01;2;5;3;1;336;12;2016;0;0;0;0;1;0;0;0;0;0;0;0;0;0;0;0;0;0;0;1;0;1;0;1;0.0;0.0;0.0;0.0;0.0;0.0;0.0;0.0
83;21;2016-12-02;2016-12-02;2;5;4;2;337;12;2016;0;0;0;0;0;1;0;0;0;0;0;0;0;0;0;0;0;0;0;1;0;1;0;1;0.0;0.0;0.0;0.0;0.0;0.0;0.0;0.0
84;22;2016-12-03;2016-12-03;2;5;5;3;338;12;2016;0;0;0;0;0;0;1;0;0;0;0;0;0;0;0;0;0;0;0;1;0;1;0;1;0.0;0.0;0.0;0.0;0.0;0.0;0.0;0.0
85;23;2016-12-04;2016-12-04;2;5;6;4;339;12;2016;0;0;0;0;0;0;0;1;0;0;0;0;0;0;0;0;0;0;0;1;0;1;0;1;0.0;0.0;0.0;0.0;0.0;0.0;0.0;0.0
86;24;2016-12-05;2016-12-05;2;5;0;5;340;12;2016;0;1;0;0;0;0;0;0;0;0;0;0;0;0;0;0;0;0;0;1;0;1;0;1;0.0;0.0;0.0;0.0;0.0;0.0;0.0;0.0
87;25;2016-12-06;2016-12-06;2;5;1;6;341;12;2016;0;0;1;0;0;0;0;0;0;0;0;0;0;0;0;0;0;0;0;1;0;1;0;1;0.0;0.0;0.0;0.0;0.0;0.0;0.0;0.0
88;26;2016-12-07;2016-12-07;2;5;2;7;342;12;2016;0;0;0;1;0;0;0;0;0;0;0;0;0;0;0;0;0;0;0;1;0;1;0;1;0.0;0.0;0.0;0.0;0.0;0.0;0.0;0.0
89;27;2016-12-08;2016-12-08;2;5;3;8;343;12;2016;0;0;0;0;1;0;0;0;0;0;0;0;0;0;0;0;0;0;0;1;0;1;0;1;0.0;0.0;0.0;0.0;0.0;0.0;0.0;0.0
90;28;2016-12-09;2016-12-09;2;5;4;9;344;12;2016;0;0;0;0;0;1;0;0;0;0;0;0;0;0;0;0;0;0;0;1;0;1;0;1;0.0;0.0;0.0;0.0;0.0;0.0;0.0;0.0
91;29;2016-12-10;2016-12-10;2;5;5;10;345;12;2016;0;0;0;0;0;0;1;0;0;0;0;0;0;0;0;0;0;0;0;1;0;1;0;1;0.0;0.0;0.0;0.0;0.0;0.0;0.0;0.0
92;30;2016-12-11;2016-12-11;2;5;6;11;346;12;2016;0;0;0;0;0;0;0;1;0;0;0;0;0;0;0;0;0;0;0;1;0;1;0;1;0.0;0.0;0.0;0.0;0.0;0.0;0.0;0.0
93;0;2016-11-11;2016-11-11;3;1;4;11;316;11;2016;0;0;0;0;0;1;0;0;0;0;0;0;0;0;0;0;0;0;1;0;0;1;1;0;8.0;2.5;5.0;80.0;2.43366131265;-0.933151064585;-1.41679406427;1.42701342113
94;1;2016-11-12;2016-11-12;3;1;5;12;317;11;2016;0;0;0;0;0;0;1;0;0;0;0;0;0;0;0;0;0;0;1;0;0;1;1;0;8.0;-0.1;1.9;83.0;2.43366131265;-1.33385659739;-1.80869860133;1.51155791607
95;2;2016-11-13;2016-11-13;3;1;6;13;318;11;2016;0;0;0;0;0;0;0;1;0;0;0;0;0;0;0;0;0;0;1;0;0;1;1;0;8.0;-1.1;2.2;71.0;2.43366131265;-1.48797411001;-1.77077235581;1.17337993632
96;3;2016-11-14;2016-11-14;3;1;0;14;319;11;2016;0;1;0;0;0;0;0;0;0;0;0;0;0;0;0;0;0;0;1;0;0;1;1;0;6.0;-1.9;1.6;6.0;1.3956901022;-1.6112681201;-1.84662484685;-0.658417453978
97;4;2016-11-15;2016-11-15;3;1;1;15;320;11;2016;0;0;1;0;0;0;0;0;0;0;0;0;0;0;0;0;0;0;1;0;0;1;1;0;7.0;-1.6;2.5;10.0;1.91467570742;-1.56503286632;-1.73284611028;-0.545691460729
98;5;2016-11-16;2016-11-16;3;1;2;16;321;11;2016;0;0;0;1;0;0;0;0;0;0;0;0;0;0;0;0;0;0;1;0;0;1;1;0;8.0;0.6;6.0;7.0;2.43366131265;-1.22597433856;-1.29037324586;-0.630235955665
99;6;2016-11-17;2016-11-17;3;1;3;17;322;11;2016;0;0;0;0;1;0;0;0;0;0;0;0;0;0;0;0;0;0;1;0;0;1;0;1;8.0;3.8;8.7;8.0;2.43366131265;-0.732798298183;-0.949037036161;-0.602054457353
100;7;2016-11-18;2016-11-18;3;1;4;18;323;11;2016;0;0;0;0;0;1;0;0;0;0;0;0;0;0;0;0;0;0;1;0;0;1;0;1;6.0;3.4;10.2;6.0;1.3956901022;-0.79444530323;-0.75940580855;-0.658417453978
101;8;2016-11-19;2016-11-19;3;1;5;19;324;11;2016;0;0;0;0;0;0;1;0;0;0;0;0;0;0;0;0;0;0;1;0;0;1;0;1;0.0;0.0;0.0;0.0;0.0;0.0;0.0;0.0
102;9;2016-11-20;2016-11-20;3;1;6;20;325;11;2016;0;0;0;0;0;0;0;1;0;0;0;0;0;0;0;0;0;0;1;0;0;1;0;1;0.0;0.0;0.0;0.0;0.0;0.0;0.0;0.0
103;10;2016-11-21;2016-11-21;3;1;0;21;326;11;2016;0;1;0;0;0;0;0;0;0;0;0;0;0;0;0;0;0;0;1;0;0;1;0;1;0.0;0.0;0.0;0.0;0.0;0.0;0.0;0.0
104;11;2016-11-22;2016-11-22;3;1;1;22;327;11;2016;0;0;1;0;0;0;0;0;0;0;0;0;0;0;0;0;0;0;1;0;0;1;0;1;0.0;0.0;0.0;0.0;0.0;0.0;0.0;0.0
105;12;2016-11-23;2016-11-23;3;1;2;23;328;11;2016;0;0;0;1;0;0;0;0;0;0;0;0;0;0;0;0;0;0;1;0;0;1;0;1;0.0;0.0;0.0;0.0;0.0;0.0;0.0;0.0
106;13;2016-11-24;2016-11-24;3;1;3;24;329;11;2016;0;0;0;0;1;0;0;0;0;0;0;0;0;0;0;0;0;0;1;0;0;1;0;1;0.0;0.0;0.0;0.0;0.0;0.0;0.0;0.0
107;14;2016-11-25;2016-11-25;3;1;4;25;330;11;2016;0;0;0;0;0;1;0;0;0;0;0;0;0;0;0;0;0;0;1;0;0;1;0;1;0.0;0.0;0.0;0.0;0.0;0.0;0.0;0.0
108;15;2016-11-26;2016-11-26;3;1;5;26;331;11;2016;0;0;0;0;0;0;1;0;0;0;0;0;0;0;0;0;0;0;1;0;0;1;0;1;0.0;0.0;0.0;0.0;0.0;0.0;0.0;0.0
109;16;2016-11-27;2016-11-27;3;1;6;27;332;11;2016;0;0;0;0;0;0;0;1;0;0;0;0;0;0;0;0;0;0;1;0;0;1;0;1;0.0;0.0;0.0;0.0;0.0;0.0;0.0;0.0
110;17;2016-11-28;2016-11-28;3;1;0;28;333;11;2016;0;1;0;0;0;0;0;0;0;0;0;0;0;0;0;0;0;0;1;0;0;1;0;1;0.0;0.0;0.0;0.0;0.0;0.0;0.0;0.0
111;18;2016-11-29;2016-11-29;3;1;1;29;334;11;2016;0;0;1;0;0;0;0;0;0;0;0;0;0;0;0;0;0;0;1;0;0;1;0;1;0.0;0.0;0.0;0.0;0.0;0.0;0.0;0.0
112;19;2016-11-30;2016-11-30;3;1;2;30;335;11;2016;0;0;0;1;0;0;0;0;0;0;0;0;0;0;0;0;0;0;1;0;0;1;0;1;0.0;0.0;0.0;0.0;0.0;0.0;0.0;0.0
113;20;2016-12-01;2016-12-01;3;1;3;1;336;12;2016;0;0;0;0;1;0;0;0;0;0;0;0;0;0;0;0;0;0;0;1;0;1;0;1;0.0;0.0;0.0;0.0;0.0;0.0;0.0;0.0
114;21;2016-12-02;2016-12-02;3;1;4;2;337;12;2016;0;0;0;0;0;1;0;0;0;0;0;0;0;0;0;0;0;0;0;1;0;1;0;1;0.0;0.0;0.0;0.0;0.0;0.0;0.0;0.0
115;22;2016-12-03;2016-12-03;3;1;5;3;338;12;2016;0;0;0;0;0;0;1;0;0;0;0;0;0;0;0;0;0;0;0;1;0;1;0;1;0.0;0.0;0.0;0.0;0.0;0.0;0.0;0.0
116;23;2016-12-04;2016-12-04;3;1;6;4;339;12;2016;0;0;0;0;0;0;0;1;0;0;0;0;0;0;0;0;0;0;0;1;0;1;0;1;0.0;0.0;0.0;0.0;0.0;0.0;0.0;0.0
117;24;2016-12-05;2016-12-05;3;1;0;5;340;12;2016;0;1;0;0;0;0;0;0;0;0;0;0;0;0;0;0;0;0;0;1;0;1;0;1;0.0;0.0;0.0;0.0;0.0;0.0;0.0;0.0
118;25;2016-12-06;2016-12-06;3;1;1;6;341;12;2016;0;0;1;0;0;0;0;0;0;0;0;0;0;0;0;0;0;0;0;1;0;1;0;1;0.0;0.0;0.0;0.0;0.0;0.0;0.0;0.0
119;26;2016-12-07;2016-12-07;3;1;2;7;342;12;2016;0;0;0;1;0;0;0;0;0;0;0;0;0;0;0;0;0;0;0;1;0;1;0;1;0.0;0.0;0.0;0.0;0.0;0.0;0.0;0.0
120;27;2016-12-08;2016-12-08;3;1;3;8;343;12;2016;0;0;0;0;1;0;0;0;0;0;0;0;0;0;0;0;0;0;0;1;0;1;0;1;0.0;0.0;0.0;0.0;0.0;0.0;0.0;0.0
121;28;2016-12-09;2016-12-09;3;1;4;9;344;12;2016;0;0;0;0;0;1;0;0;0;0;0;0;0;0;0;0;0;0;0;1;0;1;0;1;0.0;0.0;0.0;0.0;0.0;0.0;0.0;0.0
122;29;2016-12-10;2016-12-10;3;1;5;10;345;12;2016;0;0;0;0;0;0;1;0;0;0;0;0;0;0;0;0;0;0;0;1;0;1;0;1;0.0;0.0;0.0;0.0;0.0;0.0;0.0;0.0
123;30;2016-12-11;2016-12-11;3;1;6;11;346;12;2016;0;0;0;0;0;0;0;1;0;0;0;0;0;0;0;0;0;0;0;1;0;1;0;1;0.0;0.0;0.0;0.0;0.0;0.0;0.0;0.0
124;0;2016-11-11;2016-11-11;4;1;4;11;316;11;2016;0;0;0;0;0;1;0;0;0;0;0;0;0;0;0;0;0;0;1;0;0;1;1;0;8.0;2.5;5.0;80.0;2.43366131265;-0.933151064585;-1.41679406427;1.42701342113
125;1;2016-11-12;2016-11-12;4;1;5;12;317;11;2016;0;0;0;0;0;0;1;0;0;0;0;0;0;0;0;0;0;0;1;0;0;1;1;0;8.0;-0.1;1.9;83.0;2.43366131265;-1.33385659739;-1.80869860133;1.51155791607
126;2;2016-11-13;2016-11-13;4;1;6;13;318;11;2016;0;0;0;0;0;0;0;1;0;0;0;0;0;0;0;0;0;0;1;0;0;1;1;0;8.0;-1.1;2.2;71.0;2.43366131265;-1.48797411001;-1.77077235581;1.17337993632
127;3;2016-11-14;2016-11-14;4;1;0;14;319;11;2016;0;1;0;0;0;0;0;0;0;0;0;0;0;0;0;0;0;0;1;0;0;1;1;0;6.0;-1.9;1.6;6.0;1.3956901022;-1.6112681201;-1.84662484685;-0.658417453978
128;4;2016-11-15;2016-11-15;4;1;1;15;320;11;2016;0;0;1;0;0;0;0;0;0;0;0;0;0;0;0;0;0;0;1;0;0;1;1;0;7.0;-1.6;2.5;10.0;1.91467570742;-1.56503286632;-1.73284611028;-0.545691460729
129;5;2016-11-16;2016-11-16;4;1;2;16;321;11;2016;0;0;0;1;0;0;0;0;0;0;0;0;0;0;0;0;0;0;1;0;0;1;1;0;8.0;0.6;6.0;7.0;2.43366131265;-1.22597433856;-1.29037324586;-0.630235955665
130;6;2016-11-17;2016-11-17;4;1;3;17;322;11;2016;0;0;0;0;1;0;0;0;0;0;0;0;0;0;0;0;0;0;1;0;0;1;0;1;8.0;3.8;8.7;8.0;2.43366131265;-0.732798298183;-0.949037036161;-0.602054457353
131;7;2016-11-18;2016-11-18;4;1;4;18;323;11;2016;0;0;0;0;0;1;0;0;0;0;0;0;0;0;0;0;0;0;1;0;0;1;0;1;6.0;3.4;10.2;6.0;1.3956901022;-0.79444530323;-0.75940580855;-0.658417453978
132;8;2016-11-19;2016-11-19;4;1;5;19;324;11;2016;0;0;0;0;0;0;1;0;0;0;0;0;0;0;0;0;0;0;1;0;0;1;0;1;0.0;0.0;0.0;0.0;0.0;0.0;0.0;0.0
133;9;2016-11-20;2016-11-20;4;1;6;20;325;11;2016;0;0;0;0;0;0;0;1;0;0;0;0;0;0;0;0;0;0;1;0;0;1;0;1;0.0;0.0;0.0;0.0;0.0;0.0;0.0;0.0
134;10;2016-11-21;2016-11-21;4;1;0;21;326;11;2016;0;1;0;0;0;0;0;0;0;0;0;0;0;0;0;0;0;0;1;0;0;1;0;1;0.0;0.0;0.0;0.0;0.0;0.0;0.0;0.0
135;11;2016-11-22;2016-11-22;4;1;1;22;327;11;2016;0;0;1;0;0;0;0;0;0;0;0;0;0;0;0;0;0;0;1;0;0;1;0;1;0.0;0.0;0.0;0.0;0.0;0.0;0.0;0.0
136;12;2016-11-23;2016-11-23;4;1;2;23;328;11;2016;0;0;0;1;0;0;0;0;0;0;0;0;0;0;0;0;0;0;1;0;0;1;0;1;0.0;0.0;0.0;0.0;0.0;0.0;0.0;0.0
137;13;2016-11-24;2016-11-24;4;1;3;24;329;11;2016;0;0;0;0;1;0;0;0;0;0;0;0;0;0;0;0;0;0;1;0;0;1;0;1;0.0;0.0;0.0;0.0;0.0;0.0;0.0;0.0
138;14;2016-11-25;2016-11-25;4;1;4;25;330;11;2016;0;0;0;0;0;1;0;0;0;0;0;0;0;0;0;0;0;0;1;0;0;1;0;1;0.0;0.0;0.0;0.0;0.0;0.0;0.0;0.0
139;15;2016-11-26;2016-11-26;4;1;5;26;331;11;2016;0;0;0;0;0;0;1;0;0;0;0;0;0;0;0;0;0;0;1;0;0;1;0;1;0.0;0.0;0.0;0.0;0.0;0.0;0.0;0.0
140;16;2016-11-27;2016-11-27;4;1;6;27;332;11;2016;0;0;0;0;0;0;0;1;0;0;0;0;0;0;0;0;0;0;1;0;0;1;0;1;0.0;0.0;0.0;0.0;0.0;0.0;0.0;0.0
141;17;2016-11-28;2016-11-28;4;1;0;28;333;11;2016;0;1;0;0;0;0;0;0;0;0;0;0;0;0;0;0;0;0;1;0;0;1;0;1;0.0;0.0;0.0;0.0;0.0;0.0;0.0;0.0
142;18;2016-11-29;2016-11-29;4;1;1;29;334;11;2016;0;0;1;0;0;0;0;0;0;0;0;0;0;0;0;0;0;0;1;0;0;1;0;1;0.0;0.0;0.0;0.0;0.0;0.0;0.0;0.0
143;19;2016-11-30;2016-11-30;4;1;2;30;335;11;2016;0;0;0;1;0;0;0;0;0;0;0;0;0;0;0;0;0;0;1;0;0;1;0;1;0.0;0.0;0.0;0.0;0.0;0.0;0.0;0.0
144;20;2016-12-01;2016-12-01;4;1;3;1;336;12;2016;0;0;0;0;1;0;0;0;0;0;0;0;0;0;0;0;0;0;0;1;0;1;0;1;0.0;0.0;0.0;0.0;0.0;0.0;0.0;0.0
145;21;2016-12-02;2016-12-02;4;1;4;2;337;12;2016;0;0;0;0;0;1;0;0;0;0;0;0;0;0;0;0;0;0;0;1;0;1;0;1;0.0;0.0;0.0;0.0;0.0;0.0;0.0;0.0
146;22;2016-12-03;2016-12-03;4;1;5;3;338;12;2016;0;0;0;0;0;0;1;0;0;0;0;0;0;0;0;0;0;0;0;1;0;1;0;1;0.0;0.0;0.0;0.0;0.0;0.0;0.0;0.0
147;23;2016-12-04;2016-12-04;4;1;6;4;339;12;2016;0;0;0;0;0;0;0;1;0;0;0;0;0;0;0;0;0;0;0;1;0;1;0;1;0.0;0.0;0.0;0.0;0.0;0.0;0.0;0.0
148;24;2016-12-05;2016-12-05;4;1;0;5;340;12;2016;0;1;0;0;0;0;0;0;0;0;0;0;0;0;0;0;0;0;0;1;0;1;0;1;0.0;0.0;0.0;0.0;0.0;0.0;0.0;0.0
149;25;2016-12-06;2016-12-06;4;1;1;6;341;12;2016;0;0;1;0;0;0;0;0;0;0;0;0;0;0;0;0;0;0;0;1;0;1;0;1;0.0;0.0;0.0;0.0;0.0;0.0;0.0;0.0
150;26;2016-12-07;2016-12-07;4;1;2;7;342;12;2016;0;0;0;1;0;0;0;0;0;0;0;0;0;0;0;0;0;0;0;1;0;1;0;1;0.0;0.0;0.0;0.0;0.0;0.0;0.0;0.0
151;27;2016-12-08;2016-12-08;4;1;3;8;343;12;2016;0;0;0;0;1;0;0;0;0;0;0;0;0;0;0;0;0;0;0;1;0;1;0;1;0.0;0.0;0.0;0.0;0.0;0.0;0.0;0.0
152;28;2016-12-09;2016-12-09;4;1;4;9;344;12;2016;0;0;0;0;0;1;0;0;0;0;0;0;0;0;0;0;0;0;0;1;0;1;0;1;0.0;0.0;0.0;0.0;0.0;0.0;0.0;0.0
153;29;2016-12-10;2016-12-10;4;1;5;10;345;12;2016;0;0;0;0;0;0;1;0;0;0;0;0;0;0;0;0;0;0;0;1;0;1;0;1;0.0;0.0;0.0;0.0;0.0;0.0;0.0;0.0
154;30;2016-12-11;2016-12-11;4;1;6;11;346;12;2016;0;0;0;0;0;0;0;1;0;0;0;0;0;0;0;0;0;0;0;1;0;1;0;1;0.0;0.0;0.0;0.0;0.0;0.0;0.0;0.0
155;0;2016-11-11;2016-11-11;5;9;4;11;316;11;2016;0;0;0;0;0;1;0;0;0;0;0;0;0;0;0;0;0;0;1;0;0;1;0;1;8.0;4.0;5.4;65.0;2.46520767893;-0.985969129514;-1.63524675305;1.15727643734
156;1;2016-11-12;2016-11-12;5;9;5;12;317;11;2016;0;0;0;0;0;0;1;0;0;0;0;0;0;0;0;0;0;0;1;0;0;1;0;1;3.0;-0.2;5.4;4.0;-0.238272861161;-1.74405654357;-1.63524675305;-0.743024742922
157;2;2016-11-13;2016-11-13;5;9;6;13;318;11;2016;0;0;0;0;0;0;0;1;0;0;0;0;0;0;0;0;0;0;1;0;0;1;0;1;6.0;1.8;5.4;6.0;1.3838154629;-1.38306253687;-1.63524675305;-0.680719786193
158;3;2016-11-14;2016-11-14;5;9;0;14;319;11;2016;0;1;0;0;0;0;0;0;0;0;0;0;0;0;0;0;0;0;1;0;0;1;0;1;5.0;2.1;7.1;6.0;0.843119354877;-1.32891343587;-1.39771561732;-0.680719786193
159;4;2016-11-15;2016-11-15;5;9;1;15;320;11;2016;0;0;1;0;0;0;0;0;0;0;0;0;0;0;0;0;0;0;1;0;0;1;0;1;5.0;3.0;9.4;61.0;0.843119354877;-1.16646613286;-1.07634996309;1.03266652388
160;5;2016-11-16;2016-11-16;5;9;2;16;321;11;2016;0;0;0;1;0;0;0;0;0;0;0;0;0;0;0;0;0;0;1;0;0;1;0;1;8.0;7.2;10.4;61.0;2.46520767893;-0.408378718807;-0.936625765594;1.03266652388
161;6;2016-11-17;2016-11-17;5;9;3;17;322;11;2016;0;0;0;0;1;0;0;0;0;0;0;0;0;0;0;0;0;0;1;0;0;1;0;1;6.0;7.1;11.0;61.0;1.3838154629;-0.426428419142;-0.852791247099;1.03266652388
162;7;2016-11-18;2016-11-18;5;9;4;18;323;11;2016;0;0;0;0;0;1;0;0;0;0;0;0;0;0;0;0;0;0;1;0;0;1;0;1;7.0;7.8;10.5;80.0;1.92451157091;-0.3000805168;-0.922653345845;1.62456361281
163;8;2016-11-19;2016-11-19;5;9;5;19;324;11;2016;0;0;0;0;0;0;1;0;0;0;0;0;0;0;0;0;0;0;1;0;0;1;0;1;0.0;0.0;0.0;0.0;0.0;0.0;0.0;0.0
164;9;2016-11-20;2016-11-20;5;9;6;20;325;11;2016;0;0;0;0;0;0;0;1;0;0;0;0;0;0;0;0;0;0;1;0;0;1;0;1;0.0;0.0;0.0;0.0;0.0;0.0;0.0;0.0
165;10;2016-11-21;2016-11-21;5;9;0;21;326;11;2016;0;1;0;0;0;0;0;0;0;0;0;0;0;0;0;0;0;0;1;0;0;1;0;1;0.0;0.0;0.0;0.0;0.0;0.0;0.0;0.0
166;11;2016-11-22;2016-11-22;5;9;1;22;327;11;2016;0;0;1;0;0;0;0;0;0;0;0;0;0;0;0;0;0;0;1;0;0;1;0;1;0.0;0.0;0.0;0.0;0.0;0.0;0.0;0.0
167;12;2016-11-23;2016-11-23;5;9;2;23;328;11;2016;0;0;0;1;0;0;0;0;0;0;0;0;0;0;0;0;0;0;1;0;0;1;0;1;0.0;0.0;0.0;0.0;0.0;0.0;0.0;0.0
168;13;2016-11-24;2016-11-24;5;9;3;24;329;11;2016;0;0;0;0;1;0;0;0;0;0;0;0;0;0;0;0;0;0;1;0;0;1;0;1;0.0;0.0;0.0;0.0;0.0;0.0;0.0;0.0
169;14;2016-11-25;2016-11-25;5;9;4;25;330;11;2016;0;0;0;0;0;1;0;0;0;0;0;0;0;0;0;0;0;0;1;0;0;1;0;1;0.0;0.0;0.0;0.0;0.0;0.0;0.0;0.0
170;15;2016-11-26;2016-11-26;5;9;5;26;331;11;2016;0;0;0;0;0;0;1;0;0;0;0;0;0;0;0;0;0;0;1;0;0;1;0;1;0.0;0.0;0.0;0.0;0.0;0.0;0.0;0.0
171;16;2016-11-27;2016-11-27;5;9;6;27;332;11;2016;0;0;0;0;0;0;0;1;0;0;0;0;0;0;0;0;0;0;1;0;0;1;0;1;0.0;0.0;0.0;0.0;0.0;0.0;0.0;0.0
172;17;2016-11-28;2016-11-28;5;9;0;28;333;11;2016;0;1;0;0;0;0;0;0;0;0;0;0;0;0;0;0;0;0;1;0;0;1;0;1;0.0;0.0;0.0;0.0;0.0;0.0;0.0;0.0
173;18;2016-11-29;2016-11-29;5;9;1;29;334;11;2016;0;0;1;0;0;0;0;0;0;0;0;0;0;0;0;0;0;0;1;0;0;1;0;1;0.0;0.0;0.0;0.0;0.0;0.0;0.0;0.0
174;19;2016-11-30;2016-11-30;5;9;2;30;335;11;2016;0;0;0;1;0;0;0;0;0;0;0;0;0;0;0;0;0;0;1;0;0;1;0;1;0.0;0.0;0.0;0.0;0.0;0.0;0.0;0.0
175;20;2016-12-01;2016-12-01;5;9;3;1;336;12;2016;0;0;0;0;1;0;0;0;0;0;0;0;0;0;0;0;0;0;0;1;0;1;0;1;0.0;0.0;0.0;0.0;0.0;0.0;0.0;0.0
176;21;2016-12-02;2016-12-02;5;9;4;2;337;12;2016;0;0;0;0;0;1;0;0;0;0;0;0;0;0;0;0;0;0;0;1;0;1;0;1;0.0;0.0;0.0;0.0;0.0;0.0;0.0;0.0
177;22;2016-12-03;2016-12-03;5;9;5;3;338;12;2016;0;0;0;0;0;0;1;0;0;0;0;0;0;0;0;0;0;0;0;1;0;1;0;1;0.0;0.0;0.0;0.0;0.0;0.0;0.0;0.0
178;23;2016-12-04;2016-12-04;5;9;6;4;339;12;2016;0;0;0;0;0;0;0;1;0;0;0;0;0;0;0;0;0;0;0;1;0;1;0;1;0.0;0.0;0.0;0.0;0.0;0.0;0.0;0.0
179;24;2016-12-05;2016-12-05;5;9;0;5;340;12;2016;0;1;0;0;0;0;0;0;0;0;0;0;0;0;0;0;0;0;0;1;0;1;0;1;0.0;0.0;0.0;0.0;0.0;0.0;0.0;0.0
180;25;2016-12-06;2016-12-06;5;9;1;6;341;12;2016;0;0;1;0;0;0;0;0;0;0;0;0;0;0;0;0;0;0;0;1;0;1;0;1;0.0;0.0;0.0;0.0;0.0;0.0;0.0;0.0
181;26;2016-12-07;2016-12-07;5;9;2;7;342;12;2016;0;0;0;1;0;0;0;0;0;0;0;0;0;0;0;0;0;0;0;1;0;1;0;1;0.0;0.0;0.0;0.0;0.0;0.0;0.0;0.0
182;27;2016-12-08;2016-12-08;5;9;3;8;343;12;2016;0;0;0;0;1;0;0;0;0;0;0;0;0;0;0;0;0;0;0;1;0;1;0;1;0.0;0.0;0.0;0.0;0.0;0.0;0.0;0.0
183;28;2016-12-09;2016-12-09;5;9;4;9;344;12;2016;0;0;0;0;0;1;0;0;0;0;0;0;0;0;0;0;0;0;0;1;0;1;0;1;0.0;0.0;0.0;0.0;0.0;0.0;0.0;0.0
184;29;2016-12-10;2016-12-10;5;9;5;10;345;12;2016;0;0;0;0;0;0;1;0;0;0;0;0;0;0;0;0;0;0;0;1;0;1;0;1;0.0;0.0;0.0;0.0;0.0;0.0;0.0;0.0
185;30;2016-12-11;2016-12-11;5;9;6;11;346;12;2016;0;0;0;0;0;0;0;1;0;0;0;0;0;0;0;0;0;0;0;1;0;1;0;1;0.0;0.0;0.0;0.0;0.0;0.0;0.0;0.0
186;0;2016-11-11;2016-11-11;6;9;4;11;316;11;2016;0;0;0;0;0;1;0;0;0;0;0;0;0;0;0;0;0;0;1;0;0;1;0;1;8.0;4.0;5.4;65.0;2.46520767893;-0.985969129514;-1.63524675305;1.15727643734
187;1;2016-11-12;2016-11-12;6;9;5;12;317;11;2016;0;0;0;0;0;0;1;0;0;0;0;0;0;0;0;0;0;0;1;0;0;1;0;1;3.0;-0.2;5.4;4.0;-0.238272861161;-1.74405654357;-1.63524675305;-0.743024742922
188;2;2016-11-13;2016-11-13;6;9;6;13;318;11;2016;0;0;0;0;0;0;0;1;0;0;0;0;0;0;0;0;0;0;1;0;0;1;0;1;6.0;1.8;5.4;6.0;1.3838154629;-1.38306253687;-1.63524675305;-0.680719786193
189;3;2016-11-14;2016-11-14;6;9;0;14;319;11;2016;0;1;0;0;0;0;0;0;0;0;0;0;0;0;0;0;0;0;1;0;0;1;0;1;5.0;2.1;7.1;6.0;0.843119354877;-1.32891343587;-1.39771561732;-0.680719786193
190;4;2016-11-15;2016-11-15;6;9;1;15;320;11;2016;0;0;1;0;0;0;0;0;0;0;0;0;0;0;0;0;0;0;1;0;0;1;0;1;5.0;3.0;9.4;61.0;0.843119354877;-1.16646613286;-1.07634996309;1.03266652388
191;5;2016-11-16;2016-11-16;6;9;2;16;321;11;2016;0;0;0;1;0;0;0;0;0;0;0;0;0;0;0;0;0;0;1;0;0;1;0;1;8.0;7.2;10.4;61.0;2.46520767893;-0.408378718807;-0.936625765594;1.03266652388
192;6;2016-11-17;2016-11-17;6;9;3;17;322;11;2016;0;0;0;0;1;0;0;0;0;0;0;0;0;0;0;0;0;0;1;0;0;1;0;1;6.0;7.1;11.0;61.0;1.3838154629;-0.426428419142;-0.852791247099;1.03266652388
193;7;2016-11-18;2016-11-18;6;9;4;18;323;11;2016;0;0;0;0;0;1;0;0;0;0;0;0;0;0;0;0;0;0;1;0;0;1;0;1;7.0;7.8;10.5;80.0;1.92451157091;-0.3000805168;-0.922653345845;1.62456361281
194;8;2016-11-19;2016-11-19;6;9;5;19;324;11;2016;0;0;0;0;0;0;1;0;0;0;0;0;0;0;0;0;0;0;1;0;0;1;0;1;0.0;0.0;0.0;0.0;0.0;0.0;0.0;0.0
195;9;2016-11-20;2016-11-20;6;9;6;20;325;11;2016;0;0;0;0;0;0;0;1;0;0;0;0;0;0;0;0;0;0;1;0;0;1;0;1;0.0;0.0;0.0;0.0;0.0;0.0;0.0;0.0
196;10;2016-11-21;2016-11-21;6;9;0;21;326;11;2016;0;1;0;0;0;0;0;0;0;0;0;0;0;0;0;0;0;0;1;0;0;1;0;1;0.0;0.0;0.0;0.0;0.0;0.0;0.0;0.0
197;11;2016-11-22;2016-11-22;6;9;1;22;327;11;2016;0;0;1;0;0;0;0;0;0;0;0;0;0;0;0;0;0;0;1;0;0;1;0;1;0.0;0.0;0.0;0.0;0.0;0.0;0.0;0.0
198;12;2016-11-23;2016-11-23;6;9;2;23;328;11;2016;0;0;0;1;0;0;0;0;0;0;0;0;0;0;0;0;0;0;1;0;0;1;0;1;0.0;0.0;0.0;0.0;0.0;0.0;0.0;0.0
199;13;2016-11-24;2016-11-24;6;9;3;24;329;11;2016;0;0;0;0;1;0;0;0;0;0;0;0;0;0;0;0;0;0;1;0;0;1;0;1;0.0;0.0;0.0;0.0;0.0;0.0;0.0;0.0
200;14;2016-11-25;2016-11-25;6;9;4;25;330;11;2016;0;0;0;0;0;1;0;0;0;0;0;0;0;0;0;0;0;0;1;0;0;1;0;1;0.0;0.0;0.0;0.0;0.0;0.0;0.0;0.0
201;15;2016-11-26;2016-11-26;6;9;5;26;331;11;2016;0;0;0;0;0;0;1;0;0;0;0;0;0;0;0;0;0;0;1;0;0;1;0;1;0.0;0.0;0.0;0.0;0.0;0.0;0.0;0.0
202;16;2016-11-27;2016-11-27;6;9;6;27;332;11;2016;0;0;0;0;0;0;0;1;0;0;0;0;0;0;0;0;0;0;1;0;0;1;0;1;0.0;0.0;0.0;0.0;0.0;0.0;0.0;0.0
203;17;2016-11-28;2016-11-28;6;9;0;28;333;11;2016;0;1;0;0;0;0;0;0;0;0;0;0;0;0;0;0;0;0;1;0;0;1;0;1;0.0;0.0;0.0;0.0;0.0;0.0;0.0;0.0
204;18;2016-11-29;2016-11-29;6;9;1;29;334;11;2016;0;0;1;0;0;0;0;0;0;0;0;0;0;0;0;0;0;0;1;0;0;1;0;1;0.0;0.0;0.0;0.0;0.0;0.0;0.0;0.0
205;19;2016-11-30;2016-11-30;6;9;2;30;335;11;2016;0;0;0;1;0;0;0;0;0;0;0;0;0;0;0;0;0;0;1;0;0;1;0;1;0.0;0.0;0.0;0.0;0.0;0.0;0.0;0.0
206;20;2016-12-01;2016-12-01;6;9;3;1;336;12;2016;0;0;0;0;1;0;0;0;0;0;0;0;0;0;0;0;0;0;0;1;0;1;0;1;0.0;0.0;0.0;0.0;0.0;0.0;0.0;0.0
207;21;2016-12-02;2016-12-02;6;9;4;2;337;12;2016;0;0;0;0;0;1;0;0;0;0;0;0;0;0;0;0;0;0;0;1;0;1;0;1;0.0;0.0;0.0;0.0;0.0;0.0;0.0;0.0
208;22;2016-12-03;2016-12-03;6;9;5;3;338;12;2016;0;0;0;0;0;0;1;0;0;0;0;0;0;0;0;0;0;0;0;1;0;1;0;1;0.0;0.0;0.0;0.0;0.0;0.0;0.0;0.0
209;23;2016-12-04;2016-12-04;6;9;6;4;339;12;2016;0;0;0;0;0;0;0;1;0;0;0;0;0;0;0;0;0;0;0;1;0;1;0;1;0.0;0.0;0.0;0.0;0.0;0.0;0.0;0.0
210;24;2016-12-05;2016-12-05;6;9;0;5;340;12;2016;0;1;0;0;0;0;0;0;0;0;0;0;0;0;0;0;0;0;0;1;0;1;0;1;0.0;0.0;0.0;0.0;0.0;0.0;0.0;0.0
211;25;2016-12-06;2016-12-06;6;9;1;6;341;12;2016;0;0;1;0;0;0;0;0;0;0;0;0;0;0;0;0;0;0;0;1;0;1;0;1;0.0;0.0;0.0;0.0;0.0;0.0;0.0;0.0
212;26;2016-12-07;2016-12-07;6;9;2;7;342;12;2016;0;0;0;1;0;0;0;0;0;0;0;0;0;0;0;0;0;0;0;1;0;1;0;1;0.0;0.0;0.0;0.0;0.0;0.0;0.0;0.0
213;27;2016-12-08;2016-12-08;6;9;3;8;343;12;2016;0;0;0;0;1;0;0;0;0;0;0;0;0;0;0;0;0;0;0;1;0;1;0;1;0.0;0.0;0.0;0.0;0.0;0.0;0.0;0.0
214;28;2016-12-09;2016-12-09;6;9;4;9;344;12;2016;0;0;0;0;0;1;0;0;0;0;0;0;0;0;0;0;0;0;0;1;0;1;0;1;0.0;0.0;0.0;0.0;0.0;0.0;0.0;0.0
215;29;2016-12-10;2016-12-10;6;9;5;10;345;12;2016;0;0;0;0;0;0;1;0;0;0;0;0;0;0;0;0;0;0;0;1;0;1;0;1;0.0;0.0;0.0;0.0;0.0;0.0;0.0;0.0
216;30;2016-12-11;2016-12-11;6;9;6;11;346;12;2016;0;0;0;0;0;0;0;1;0;0;0;0;0;0;0;0;0;0;0;1;0;1;0;1;0.0;0.0;0.0;0.0;0.0;0.0;0.0;0.0
217;0;2016-11-11;2016-11-11;7;6;4;11;316;11;2016;0;0;0;0;0;1;0;0;0;0;0;0;0;0;0;0;0;0;1;0;0;1;0;1;8.0;3.7;5.8;80.0;1.41667902978;-0.988068571769;-1.43985568158;1.72014610099
218;1;2016-11-12;2016-11-12;7;6;5;12;317;11;2016;0;0;0;0;0;0;1;0;0;0;0;0;0;0;0;0;0;0;1;0;0;1;0;1;5.0;-1.2;3.3;7.0;0.418991278039;-1.7838759128;-1.75101301994;-0.580444704401
219;2;2016-11-13;2016-11-13;7;6;6;13;318;11;2016;0;0;0;0;0;0;0;1;0;0;0;0;0;0;0;0;0;0;1;0;0;1;0;1;7.0;-0.3;4.2;7.0;1.08411644587;-1.63770721751;-1.63899637813;-0.580444704401
220;3;2016-11-14;2016-11-14;7;6;0;14;319;11;2016;0;1;0;0;0;0;0;0;0;0;0;0;0;0;0;0;0;0;1;0;0;1;0;1;4.0;-0.2;4.2;6.0;0.0864286941247;-1.62146625137;-1.63899637813;-0.61195964694
221;4;2016-11-15;2016-11-15;7;6;1;15;320;11;2016;0;0;1;0;0;0;0;0;0;0;0;0;0;0;0;0;0;0;1;0;0;1;0;1;6.0;-0.3;4.4;6.0;0.751553861954;-1.63770721751;-1.61410379106;-0.61195964694
222;5;2016-11-16;2016-11-16;7;6;2;16;321;11;2016;0;0;0;1;0;0;0;0;0;0;0;0;0;0;0;0;0;0;1;0;0;1;0;1;8.0;3.2;7.1;61.0;1.41667902978;-1.06927340249;-1.27805386563;1.12136219274
223;6;2016-11-17;2016-11-17;7;6;3;17;322;11;2016;0;0;0;0;1;0;0;0;0;0;0;0;0;0;0;0;0;0;1;0;0;1;0;1;8.0;5.8;8.7;61.0;1.41667902978;-0.647008282753;-1.07891316908;1.12136219274
224;7;2016-11-18;2016-11-18;7;6;4;18;323;11;2016;0;0;0;0;0;1;0;0;0;0;0;0;0;0;0;0;0;0;1;0;0;1;0;1;7.0;5.9;8.5;25.0;1.08411644587;-0.63076731661;-1.10380575615;-0.0131757386889
225;8;2016-11-19;2016-11-19;7;6;5;19;324;11;2016;0;0;0;0;0;0;1;0;0;0;0;0;0;0;0;0;0;0;1;0;0;1;0;1;0.0;0.0;0.0;0.0;0.0;0.0;0.0;0.0
226;9;2016-11-20;2016-11-20;7;6;6;20;325;11;2016;0;0;0;0;0;0;0;1;0;0;0;0;0;0;0;0;0;0;1;0;0;1;0;1;0.0;0.0;0.0;0.0;0.0;0.0;0.0;0.0
227;10;2016-11-21;2016-11-21;7;6;0;21;326;11;2016;0;1;0;0;0;0;0;0;0;0;0;0;0;0;0;0;0;0;1;0;0;1;0;1;0.0;0.0;0.0;0.0;0.0;0.0;0.0;0.0
228;11;2016-11-22;2016-11-22;7;6;1;22;327;11;2016;0;0;1;0;0;0;0;0;0;0;0;0;0;0;0;0;0;0;1;0;0;1;0;1;0.0;0.0;0.0;0.0;0.0;0.0;0.0;0.0
229;12;2016-11-23;2016-11-23;7;6;2;23;328;11;2016;0;0;0;1;0;0;0;0;0;0;0;0;0;0;0;0;0;0;1;0;0;1;0;1;0.0;0.0;0.0;0.0;0.0;0.0;0.0;0.0
230;13;2016-11-24;2016-11-24;7;6;3;24;329;11;2016;0;0;0;0;1;0;0;0;0;0;0;0;0;0;0;0;0;0;1;0;0;1;0;1;0.0;0.0;0.0;0.0;0.0;0.0;0.0;0.0
231;14;2016-11-25;2016-11-25;7;6;4;25;330;11;2016;0;0;0;0;0;1;0;0;0;0;0;0;0;0;0;0;0;0;1;0;0;1;0;1;0.0;0.0;0.0;0.0;0.0;0.0;0.0;0.0
232;15;2016-11-26;2016-11-26;7;6;5;26;331;11;2016;0;0;0;0;0;0;1;0;0;0;0;0;0;0;0;0;0;0;1;0;0;1;0;1;0.0;0.0;0.0;0.0;0.0;0.0;0.0;0.0
233;16;2016-11-27;2016-11-27;7;6;6;27;332;11;2016;0;0;0;0;0;0;0;1;0;0;0;0;0;0;0;0;0;0;1;0;0;1;0;1;0.0;0.0;0.0;0.0;0.0;0.0;0.0;0.0
234;17;2016-11-28;2016-11-28;7;6;0;28;333;11;2016;0;1;0;0;0;0;0;0;0;0;0;0;0;0;0;0;0;0;1;0;0;1;0;1;0.0;0.0;0.0;0.0;0.0;0.0;0.0;0.0
235;18;2016-11-29;2016-11-29;7;6;1;29;334;11;2016;0;0;1;0;0;0;0;0;0;0;0;0;0;0;0;0;0;0;1;0;0;1;0;1;0.0;0.0;0.0;0.0;0.0;0.0;0.0;0.0
236;19;2016-11-30;2016-11-30;7;6;2;30;335;11;2016;0;0;0;1;0;0;0;0;0;0;0;0;0;0;0;0;0;0;1;0;0;1;0;1;0.0;0.0;0.0;0.0;0.0;0.0;0.0;0.0
237;20;2016-12-01;2016-12-01;7;6;3;1;336;12;2016;0;0;0;0;1;0;0;0;0;0;0;0;0;0;0;0;0;0;0;1;0;1;0;1;0.0;0.0;0.0;0.0;0.0;0.0;0.0;0.0
238;21;2016-12-02;2016-12-02;7;6;4;2;337;12;2016;0;0;0;0;0;1;0;0;0;0;0;0;0;0;0;0;0;0;0;1;0;1;0;1;0.0;0.0;0.0;0.0;0.0;0.0;0.0;0.0
239;22;2016-12-03;2016-12-03;7;6;5;3;338;12;2016;0;0;0;0;0;0;1;0;0;0;0;0;0;0;0;0;0;0;0;1;0;1;0;1;0.0;0.0;0.0;0.0;0.0;0.0;0.0;0.0
240;23;2016-12-04;2016-12-04;7;6;6;4;339;12;2016;0;0;0;0;0;0;0;1;0;0;0;0;0;0;0;0;0;0;0;1;0;1;0;1;0.0;0.0;0.0;0.0;0.0;0.0;0.0;0.0
241;24;2016-12-05;2016-12-05;7;6;0;5;340;12;2016;0;1;0;0;0;0;0;0;0;0;0;0;0;0;0;0;0;0;0;1;0;1;0;1;0.0;0.0;0.0;0.0;0.0;0.0;0.0;0.0
242;25;2016-12-06;2016-12-06;7;6;1;6;341;12;2016;0;0;1;0;0;0;0;0;0;0;0;0;0;0;0;0;0;0;0;1;0;1;0;1;0.0;0.0;0.0;0.0;0.0;0.0;0.0;0.0
243;26;2016-12-07;2016-12-07;7;6;2;7;342;12;2016;0;0;0;1;0;0;0;0;0;0;0;0;0;0;0;0;0;0;0;1;0;1;0;1;0.0;0.0;0.0;0.0;0.0;0.0;0.0;0.0
244;27;2016-12-08;2016-12-08;7;6;3;8;343;12;2016;0;0;0;0;1;0;0;0;0;0;0;0;0;0;0;0;0;0;0;1;0;1;0;1;0.0;0.0;0.0;0.0;0.0;0.0;0.0;0.0
245;28;2016-12-09;2016-12-09;7;6;4;9;344;12;2016;0;0;0;0;0;1;0;0;0;0;0;0;0;0;0;0;0;0;0;1;0;1;0;1;0.0;0.0;0.0;0.0;0.0;0.0;0.0;0.0
246;29;2016-12-10;2016-12-10;7;6;5;10;345;12;2016;0;0;0;0;0;0;1;0;0;0;0;0;0;0;0;0;0;0;0;1;0;1;0;1;0.0;0.0;0.0;0.0;0.0;0.0;0.0;0.0
247;30;2016-12-11;2016-12-11;7;6;6;11;346;12;2016;0;0;0;0;0;0;0;1;0;0;0;0;0;0;0;0;0;0;0;1;0;1;0;1;0.0;0.0;0.0;0.0;0.0;0.0;0.0;0.0
248;0;2016-11-11;2016-11-11;8;2;4;11;316;11;2016;0;0;0;0;0;1;0;0;0;0;0;0;0;0;0;0;0;0;1;0;0;1;0;1;7.0;0.2;3.1;7.0;1.29524842083;-1.24182814389;-1.64642886242;-0.550058186676
249;1;2016-11-12;2016-11-12;8;2;5;12;317;11;2016;0;0;0;0;0;0;1;0;0;0;0;0;0;0;0;0;0;0;1;0;0;1;0;1;6.0;-2.2;1.9;6.0;0.759596620627;-1.60039842378;-1.79104715385;-0.582486397748
250;2;2016-11-13;2016-11-13;8;2;6;13;318;11;2016;0;0;0;0;0;0;0;1;0;0;0;0;0;0;0;0;0;0;1;0;0;1;0;1;2.0;-4.9;2.5;3.0;-1.38301058019;-2.00378998867;-1.71873800813;-0.679771030964
251;3;2016-11-14;2016-11-14;8;2;0;14;319;11;2016;0;1;0;0;0;0;0;0;0;0;0;0;0;0;0;0;0;0;1;0;0;1;0;1;1.0;-3.5;3.6;3.0;-1.91866238039;-1.79462399206;-1.58617124099;-0.679771030964
252;4;2016-11-15;2016-11-15;8;2;1;15;320;11;2016;0;0;1;0;0;0;0;0;0;0;0;0;0;0;0;0;0;0;1;0;0;1;0;1;4.0;-2.1;4.0;5.0;-0.311706979779;-1.58545799546;-1.53796514384;-0.61491460882
253;5;2016-11-16;2016-11-16;8;2;2;16;321;11;2016;0;0;0;1;0;0;0;0;0;0;0;0;0;0;0;0;0;0;1;0;0;1;0;1;7.0;2.6;7.1;61.0;1.29524842083;-0.883257863989;-1.16436789098;1.20106521121
254;6;2016-11-17;2016-11-17;8;2;3;17;322;11;2016;0;0;0;0;1;0;0;0;0;0;0;0;0;0;0;0;0;0;1;0;0;1;0;1;7.0;4.6;8.3;61.0;1.29524842083;-0.584449297408;-1.01974959956;1.20106521121
255;7;2016-11-18;2016-11-18;8;2;4;18;323;11;2016;0;0;0;0;0;1;0;0;0;0;0;0;0;0;0;0;0;0;1;0;0;1;0;1;6.0;4.8;9.2;25.0;0.759596620627;-0.55456844075;-0.911285880983;0.0336496126189
256;8;2016-11-19;2016-11-19;8;2;5;19;324;11;2016;0;0;0;0;0;0;1;0;0;0;0;0;0;0;0;0;0;0;1;0;0;1;0;1;0.0;0.0;0.0;0.0;0.0;0.0;0.0;0.0
257;9;2016-11-20;2016-11-20;8;2;6;20;325;11;2016;0;0;0;0;0;0;0;1;0;0;0;0;0;0;0;0;0;0;1;0;0;1;0;1;0.0;0.0;0.0;0.0;0.0;0.0;0.0;0.0
258;10;2016-11-21;2016-11-21;8;2;0;21;326;11;2016;0;1;0;0;0;0;0;0;0;0;0;0;0;0;0;0;0;0;1;0;0;1;0;1;0.0;0.0;0.0;0.0;0.0;0.0;0.0;0.0
259;11;2016-11-22;2016-11-22;8;2;1;22;327;11;2016;0;0;1;0;0;0;0;0;0;0;0;0;0;0;0;0;0;0;1;0;0;1;0;1;0.0;0.0;0.0;0.0;0.0;0.0;0.0;0.0
260;12;2016-11-23;2016-11-23;8;2;2;23;328;11;2016;0;0;0;1;0;0;0;0;0;0;0;0;0;0;0;0;0;0;1;0;0;1;0;1;0.0;0.0;0.0;0.0;0.0;0.0;0.0;0.0
261;13;2016-11-24;2016-11-24;8;2;3;24;329;11;2016;0;0;0;0;1;0;0;0;0;0;0;0;0;0;0;0;0;0;1;0;0;1;0;1;0.0;0.0;0.0;0.0;0.0;0.0;0.0;0.0
262;14;2016-11-25;2016-11-25;8;2;4;25;330;11;2016;0;0;0;0;0;1;0;0;0;0;0;0;0;0;0;0;0;0;1;0;0;1;0;1;0.0;0.0;0.0;0.0;0.0;0.0;0.0;0.0
263;15;2016-11-26;2016-11-26;8;2;5;26;331;11;2016;0;0;0;0;0;0;1;0;0;0;0;0;0;0;0;0;0;0;1;0;0;1;0;1;0.0;0.0;0.0;0.0;0.0;0.0;0.0;0.0
264;16;2016-11-27;2016-11-27;8;2;6;27;332;11;2016;0;0;0;0;0;0;0;1;0;0;0;0;0;0;0;0;0;0;1;0;0;1;0;1;0.0;0.0;0.0;0.0;0.0;0.0;0.0;0.0
265;17;2016-11-28;2016-11-28;8;2;0;28;333;11;2016;0;1;0;0;0;0;0;0;0;0;0;0;0;0;0;0;0;0;1;0;0;1;0;1;0.0;0.0;0.0;0.0;0.0;0.0;0.0;0.0
266;18;2016-11-29;2016-11-29;8;2;1;29;334;11;2016;0;0;1;0;0;0;0;0;0;0;0;0;0;0;0;0;0;0;1;0;0;1;0;1;0.0;0.0;0.0;0.0;0.0;0.0;0.0;0.0
267;19;2016-11-30;2016-11-30;8;2;2;30;335;11;2016;0;0;0;1;0;0;0;0;0;0;0;0;0;0;0;0;0;0;1;0;0;1;0;1;0.0;0.0;0.0;0.0;0.0;0.0;0.0;0.0
268;20;2016-12-01;2016-12-01;8;2;3;1;336;12;2016;0;0;0;0;1;0;0;0;0;0;0;0;0;0;0;0;0;0;0;1;0;1;0;1;0.0;0.0;0.0;0.0;0.0;0.0;0.0;0.0
269;21;2016-12-02;2016-12-02;8;2;4;2;337;12;2016;0;0;0;0;0;1;0;0;0;0;0;0;0;0;0;0;0;0;0;1;0;1;0;1;0.0;0.0;0.0;0.0;0.0;0.0;0.0;0.0
270;22;2016-12-03;2016-12-03;8;2;5;3;338;12;2016;0;0;0;0;0;0;1;0;0;0;0;0;0;0;0;0;0;0;0;1;0;1;0;1;0.0;0.0;0.0;0.0;0.0;0.0;0.0;0.0
271;23;2016-12-04;2016-12-04;8;2;6;4;339;12;2016;0;0;0;0;0;0;0;1;0;0;0;0;0;0;0;0;0;0;0;1;0;1;0;1;0.0;0.0;0.0;0.0;0.0;0.0;0.0;0.0
272;24;2016-12-05;2016-12-05;8;2;0;5;340;12;2016;0;1;0;0;0;0;0;0;0;0;0;0;0;0;0;0;0;0;0;1;0;1;0;1;0.0;0.0;0.0;0.0;0.0;0.0;0.0;0.0
273;25;2016-12-06;2016-12-06;8;2;1;6;341;12;2016;0;0;1;0;0;0;0;0;0;0;0;0;0;0;0;0;0;0;0;1;0;1;0;1;0.0;0.0;0.0;0.0;0.0;0.0;0.0;0.0
274;26;2016-12-07;2016-12-07;8;2;2;7;342;12;2016;0;0;0;1;0;0;0;0;0;0;0;0;0;0;0;0;0;0;0;1;0;1;0;1;0.0;0.0;0.0;0.0;0.0;0.0;0.0;0.0
275;27;2016-12-08;2016-12-08;8;2;3;8;343;12;2016;0;0;0;0;1;0;0;0;0;0;0;0;0;0;0;0;0;0;0;1;0;1;0;1;0.0;0.0;0.0;0.0;0.0;0.0;0.0;0.0
276;28;2016-12-09;2016-12-09;8;2;4;9;344;12;2016;0;0;0;0;0;1;0;0;0;0;0;0;0;0;0;0;0;0;0;1;0;1;0;1;0.0;0.0;0.0;0.0;0.0;0.0;0.0;0.0
277;29;2016-12-10;2016-12-10;8;2;5;10;345;12;2016;0;0;0;0;0;0;1;0;0;0;0;0;0;0;0;0;0;0;0;1;0;1;0;1;0.0;0.0;0.0;0.0;0.0;0.0;0.0;0.0
278;30;2016-12-11;2016-12-11;8;2;6;11;346;12;2016;0;0;0;0;0;0;0;1;0;0;0;0;0;0;0;0;0;0;0;1;0;1;0;1;0.0;0.0;0.0;0.0;0.0;0.0;0.0;0.0
279;0;2016-11-11;2016-11-11;9;8;4;11;316;11;2016;0;0;0;0;0;1;0;0;0;0;0;0;0;0;0;0;0;0;1;0;0;1;0;1;7.0;2.0;3.2;10.0;1.93439667622;-1.09469061804;-1.78635152253;-0.635206267995
280;1;2016-11-12;2016-11-12;9;8;5;12;317;11;2016;0;0;0;0;0;0;1;0;0;0;0;0;0;0;0;0;0;0;1;0;0;1;0;1;1.0;-3.5;3.2;3.0;-1.30757481796;-2.03607748867;-1.78635152253;-0.852195671371
281;2;2016-11-13;2016-11-13;9;8;6;13;318;11;2016;0;0;0;0;0;0;0;1;0;0;0;0;0;0;0;0;0;0;1;0;0;1;0;1;5.0;-1.3;4.3;5.0;0.853739511492;-1.65952274042;-1.63370831283;-0.790198698978
282;3;2016-11-14;2016-11-14;9;8;0;14;319;11;2016;0;1;0;0;0;0;0;0;0;0;0;0;0;0;0;0;0;0;1;0;0;1;0;1;5.0;-0.7;6.1;6.0;0.853739511492;-1.5568259909;-1.38392851515;-0.759200212781
283;4;2016-11-15;2016-11-15;9;8;1;15;320;11;2016;0;0;1;0;0;0;0;0;0;0;0;0;0;0;0;0;0;0;1;0;0;1;0;1;6.0;1.4;8.6;6.0;1.39406809385;-1.19738736757;-1.03701212948;-0.759200212781
284;5;2016-11-16;2016-11-16;9;8;2;16;321;11;2016;0;0;0;1;0;0;0;0;0;0;0;0;0;0;0;0;0;0;1;0;0;1;0;1;8.0;7.0;9.9;61.0;2.47472525858;-0.238884372024;-0.85661560893;0.945716528032
285;6;2016-11-17;2016-11-17;9;8;3;17;322;11;2016;0;0;0;0;1;0;0;0;0;0;0;0;0;0;0;0;0;0;1;0;0;1;0;1;7.0;6.3;10.0;61.0;1.93439667622;-0.358697246467;-0.842738953504;0.945716528032
286;7;2016-11-18;2016-11-18;9;8;4;18;323;11;2016;0;0;0;0;0;1;0;0;0;0;0;0;0;0;0;0;0;0;1;0;0;1;0;1;7.0;6.5;9.5;80.0;1.93439667622;-0.324464996626;-0.912122230638;1.53468776577
287;8;2016-11-19;2016-11-19;9;8;5;19;324;11;2016;0;0;0;0;0;0;1;0;0;0;0;0;0;0;0;0;0;0;1;0;0;1;0;1;0.0;0.0;0.0;0.0;0.0;0.0;0.0;0.0
288;9;2016-11-20;2016-11-20;9;8;6;20;325;11;2016;0;0;0;0;0;0;0;1;0;0;0;0;0;0;0;0;0;0;1;0;0;1;0;1;0.0;0.0;0.0;0.0;0.0;0.0;0.0;0.0
289;10;2016-11-21;2016-11-21;9;8;0;21;326;11;2016;0;1;0;0;0;0;0;0;0;0;0;0;0;0;0;0;0;0;1;0;0;1;0;1;0.0;0.0;0.0;0.0;0.0;0.0;0.0;0.0
290;11;2016-11-22;2016-11-22;9;8;1;22;327;11;2016;0;0;1;0;0;0;0;0;0;0;0;0;0;0;0;0;0;0;1;0;0;1;0;1;0.0;0.0;0.0;0.0;0.0;0.0;0.0;0.0
291;12;2016-11-23;2016-11-23;9;8;2;23;328;11;2016;0;0;0;1;0;0;0;0;0;0;0;0;0;0;0;0;0;0;1;0;0;1;0;1;0.0;0.0;0.0;0.0;0.0;0.0;0.0;0.0
292;13;2016-11-24;2016-11-24;9;8;3;24;329;11;2016;0;0;0;0;1;0;0;0;0;0;0;0;0;0;0;0;0;0;1;0;0;1;0;1;0.0;0.0;0.0;0.0;0.0;0.0;0.0;0.0
293;14;2016-11-25;2016-11-25;9;8;4;25;330;11;2016;0;0;0;0;0;1;0;0;0;0;0;0;0;0;0;0;0;0;1;0;0;1;0;1;0.0;0.0;0.0;0.0;0.0;0.0;0.0;0.0
294;15;2016-11-26;2016-11-26;9;8;5;26;331;11;2016;0;0;0;0;0;0;1;0;0;0;0;0;0;0;0;0;0;0;1;0;0;1;0;1;0.0;0.0;0.0;0.0;0.0;0.0;0.0;0.0
295;16;2016-11-27;2016-11-27;9;8;6;27;332;11;2016;0;0;0;0;0;0;0;1;0;0;0;0;0;0;0;0;0;0;1;0;0;1;0;1;0.0;0.0;0.0;0.0;0.0;0.0;0.0;0.0
296;17;2016-11-28;2016-11-28;9;8;0;28;333;11;2016;0;1;0;0;0;0;0;0;0;0;0;0;0;0;0;0;0;0;1;0;0;1;0;1;0.0;0.0;0.0;0.0;0.0;0.0;0.0;0.0
297;18;2016-11-29;2016-11-29;9;8;1;29;334;11;2016;0;0;1;0;0;0;0;0;0;0;0;0;0;0;0;0;0;0;1;0;0;1;0;1;0.0;0.0;0.0;0.0;0.0;0.0;0.0;0.0
298;19;2016-11-30;2016-11-30;9;8;2;30;335;11;2016;0;0;0;1;0;0;0;0;0;0;0;0;0;0;0;0;0;0;1;0;0;1;0;1;0.0;0.0;0.0;0.0;0.0;0.0;0.0;0.0
299;20;2016-12-01;2016-12-01;9;8;3;1;336;12;2016;0;0;0;0;1;0;0;0;0;0;0;0;0;0;0;0;0;0;0;1;0;1;0;1;0.0;0.0;0.0;0.0;0.0;0.0;0.0;0.0
300;21;2016-12-02;2016-12-02;9;8;4;2;337;12;2016;0;0;0;0;0;1;0;0;0;0;0;0;0;0;0;0;0;0;0;1;0;1;0;1;0.0;0.0;0.0;0.0;0.0;0.0;0.0;0.0
301;22;2016-12-03;2016-12-03;9;8;5;3;338;12;2016;0;0;0;0;0;0;1;0;0;0;0;0;0;0;0;0;0;0;0;1;0;1;0;1;0.0;0.0;0.0;0.0;0.0;0.0;0.0;0.0
302;23;2016-12-04;2016-12-04;9;8;6;4;339;12;2016;0;0;0;0;0;0;0;1;0;0;0;0;0;0;0;0;0;0;0;1;0;1;0;1;0.0;0.0;0.0;0.0;0.0;0.0;0.0;0.0
303;24;2016-12-05;2016-12-05;9;8;0;5;340;12;2016;0;1;0;0;0;0;0;0;0;0;0;0;0;0;0;0;0;0;0;1;0;1;0;1;0.0;0.0;0.0;0.0;0.0;0.0;0.0;0.0
304;25;2016-12-06;2016-12-06;9;8;1;6;341;12;2016;0;0;1;0;0;0;0;0;0;0;0;0;0;0;0;0;0;0;0;1;0;1;0;1;0.0;0.0;0.0;0.0;0.0;0.0;0.0;0.0
305;26;2016-12-07;2016-12-07;9;8;2;7;342;12;2016;0;0;0;1;0;0;0;0;0;0;0;0;0;0;0;0;0;0;0;1;0;1;0;1;0.0;0.0;0.0;0.0;0.0;0.0;0.0;0.0
306;27;2016-12-08;2016-12-08;9;8;3;8;343;12;2016;0;0;0;0;1;0;0;0;0;0;0;0;0;0;0;0;0;0;0;1;0;1;0;1;0.0;0.0;0.0;0.0;0.0;0.0;0.0;0.0
307;28;2016-12-09;2016-12-09;9;8;4;9;344;12;2016;0;0;0;0;0;1;0;0;0;0;0;0;0;0;0;0;0;0;0;1;0;1;0;1;0.0;0.0;0.0;0.0;0.0;0.0;0.0;0.0
308;29;2016-12-10;2016-12-10;9;8;5;10;345;12;2016;0;0;0;0;0;0;1;0;0;0;0;0;0;0;0;0;0;0;0;1;0;1;0;1;0.0;0.0;0.0;0.0;0.0;0.0;0.0;0.0
309;30;2016-12-11;2016-12-11;9;8;6;11;346;12;2016;0;0;0;0;0;0;0;1;0;0;0;0;0;0;0;0;0;0;0;1;0;1;0;1;0.0;0.0;0.0;0.0;0.0;0.0;0.0;0.0
310;0;2016-11-11;2016-11-11;10;1;4;11;316;11;2016;0;0;0;0;0;1;0;0;0;0;0;0;0;0;0;0;0;0;1;0;0;1;1;0;7.0;2.9;4.5;63.0;1.05715511892;-0.618259665103;-1.34483259475;1.18376902489
311;1;2016-11-12;2016-11-12;10;1;5;12;317;11;2016;0;0;0;0;0;0;1;0;0;0;0;0;0;0;0;0;0;0;1;0;0;1;1;0;7.0;-1.8;3.1;61.0;1.05715511892;-1.36678912383;-1.52731576037;1.12045847277
312;2;2016-11-13;2016-11-13;10;1;6;13;318;11;2016;0;0;0;0;0;0;0;1;0;0;0;0;0;0;0;0;0;0;1;0;0;1;1;0;5.0;-2.2;2.4;6.0;0.0570451097466;-1.43049375862;-1.61855734318;-0.620581710524
313;3;2016-11-14;2016-11-14;10;1;0;14;319;11;2016;0;1;0;0;0;0;0;0;0;0;0;0;0;0;0;0;0;0;1;0;0;1;1;0;2.0;-2.5;3.0;2.0;-1.44311990401;-1.47827223471;-1.5403502722;-0.747202814764
314;4;2016-11-15;2016-11-15;10;1;1;15;320;11;2016;0;0;1;0;0;0;0;0;0;0;0;0;0;0;0;0;0;0;1;0;0;1;1;0;4.0;-2.5;3.8;5.0;-0.44300989484;-1.47827223471;-1.43607417756;-0.652236986584
315;5;2016-11-16;2016-11-16;10;1;2;16;321;11;2016;0;0;0;1;0;0;0;0;0;0;0;0;0;0;0;0;0;0;1;0;0;1;1;0;7.0;1.2;6.6;7.0;1.05715511892;-0.889004362941;-1.07110784631;-0.588926434464
316;6;2016-11-17;2016-11-17;10;1;3;17;322;11;2016;0;0;0;0;1;0;0;0;0;0;0;0;0;0;0;0;0;0;1;0;0;1;0;1;8.0;4.9;7.5;61.0;1.55721012351;-0.299736491176;-0.953797239835;1.12045847277
317;7;2016-11-18;2016-11-18;10;1;4;18;323;11;2016;0;0;0;0;0;1;0;0;0;0;0;0;0;0;0;0;0;0;1;0;0;1;0;1;7.0;4.9;9.1;51.0;1.05715511892;-0.299736491176;-0.745245050548;0.803905712172
318;8;2016-11-19;2016-11-19;10;1;5;19;324;11;2016;0;0;0;0;0;0;1;0;0;0;0;0;0;0;0;0;0;0;1;0;0;1;0;1;0.0;0.0;0.0;0.0;0.0;0.0;0.0;0.0
319;9;2016-11-20;2016-11-20;10;1;6;20;325;11;2016;0;0;0;0;0;0;0;1;0;0;0;0;0;0;0;0;0;0;1;0;0;1;0;1;0.0;0.0;0.0;0.0;0.0;0.0;0.0;0.0
320;10;2016-11-21;2016-11-21;10;1;0;21;326;11;2016;0;1;0;0;0;0;0;0;0;0;0;0;0;0;0;0;0;0;1;0;0;1;0;1;0.0;0.0;0.0;0.0;0.0;0.0;0.0;0.0
321;11;2016-11-22;2016-11-22;10;1;1;22;327;11;2016;0;0;1;0;0;0;0;0;0;0;0;0;0;0;0;0;0;0;1;0;0;1;0;1;0.0;0.0;0.0;0.0;0.0;0.0;0.0;0.0
322;12;2016-11-23;2016-11-23;10;1;2;23;328;11;2016;0;0;0;1;0;0;0;0;0;0;0;0;0;0;0;0;0;0;1;0;0;1;0;1;0.0;0.0;0.0;0.0;0.0;0.0;0.0;0.0
323;13;2016-11-24;2016-11-24;10;1;3;24;329;11;2016;0;0;0;0;1;0;0;0;0;0;0;0;0;0;0;0;0;0;1;0;0;1;0;1;0.0;0.0;0.0;0.0;0.0;0.0;0.0;0.0
324;14;2016-11-25;2016-11-25;10;1;4;25;330;11;2016;0;0;0;0;0;1;0;0;0;0;0;0;0;0;0;0;0;0;1;0;0;1;0;1;0.0;0.0;0.0;0.0;0.0;0.0;0.0;0.0
325;15;2016-11-26;2016-11-26;10;1;5;26;331;11;2016;0;0;0;0;0;0;1;0;0;0;0;0;0;0;0;0;0;0;1;0;0;1;0;1;0.0;0.0;0.0;0.0;0.0;0.0;0.0;0.0
326;16;2016-11-27;2016-11-27;10;1;6;27;332;11;2016;0;0;0;0;0;0;0;1;0;0;0;0;0;0;0;0;0;0;1;0;0;1;0;1;0.0;0.0;0.0;0.0;0.0;0.0;0.0;0.0
327;17;2016-11-28;2016-11-28;10;1;0;28;333;11;2016;0;1;0;0;0;0;0;0;0;0;0;0;0;0;0;0;0;0;1;0;0;1;0;1;0.0;0.0;0.0;0.0;0.0;0.0;0.0;0.0
328;18;2016-11-29;2016-11-29;10;1;1;29;334;11;2016;0;0;1;0;0;0;0;0;0;0;0;0;0;0;0;0;0;0;1;0;0;1;0;1;0.0;0.0;0.0;0.0;0.0;0.0;0.0;0.0
329;19;2016-11-30;2016-11-30;10;1;2;30;335;11;2016;0;0;0;1;0;0;0;0;0;0;0;0;0;0;0;0;0;0;1;0;0;1;0;1;0.0;0.0;0.0;0.0;0.0;0.0;0.0;0.0
330;20;2016-12-01;2016-12-01;10;1;3;1;336;12;2016;0;0;0;0;1;0;0;0;0;0;0;0;0;0;0;0;0;0;0;1;0;1;0;1;0.0;0.0;0.0;0.0;0.0;0.0;0.0;0.0
331;21;2016-12-02;2016-12-02;10;1;4;2;337;12;2016;0;0;0;0;0;1;0;0;0;0;0;0;0;0;0;0;0;0;0;1;0;1;0;1;0.0;0.0;0.0;0.0;0.0;0.0;0.0;0.0
332;22;2016-12-03;2016-12-03;10;1;5;3;338;12;2016;0;0;0;0;0;0;1;0;0;0;0;0;0;0;0;0;0;0;0;1;0;1;0;1;0.0;0.0;0.0;0.0;0.0;0.0;0.0;0.0
333;23;2016-12-04;2016-12-04;10;1;6;4;339;12;2016;0;0;0;0;0;0;0;1;0;0;0;0;0;0;0;0;0;0;0;1;0;1;0;1;0.0;0.0;0.0;0.0;0.0;0.0;0.0;0.0
334;24;2016-12-05;2016-12-05;10;1;0;5;340;12;2016;0;1;0;0;0;0;0;0;0;0;0;0;0;0;0;0;0;0;0;1;0;1;0;1;0.0;0.0;0.0;0.0;0.0;0.0;0.0;0.0
335;25;2016-12-06;2016-12-06;10;1;1;6;341;12;2016;0;0;1;0;0;0;0;0;0;0;0;0;0;0;0;0;0;0;0;1;0;1;0;1;0.0;0.0;0.0;0.0;0.0;0.0;0.0;0.0
336;26;2016-12-07;2016-12-07;10;1;2;7;342;12;2016;0;0;0;1;0;0;0;0;0;0;0;0;0;0;0;0;0;0;0;1;0;1;0;1;0.0;0.0;0.0;0.0;0.0;0.0;0.0;0.0
337;27;2016-12-08;2016-12-08;10;1;3;8;343;12;2016;0;0;0;0;1;0;0;0;0;0;0;0;0;0;0;0;0;0;0;1;0;1;0;1;0.0;0.0;0.0;0.0;0.0;0.0;0.0;0.0
338;28;2016-12-09;2016-12-09;10;1;4;9;344;12;2016;0;0;0;0;0;1;0;0;0;0;0;0;0;0;0;0;0;0;0;1;0;1;0;1;0.0;0.0;0.0;0.0;0.0;0.0;0.0;0.0
339;29;2016-12-10;2016-12-10;10;1;5;10;345;12;2016;0;0;0;0;0;0;1;0;0;0;0;0;0;0;0;0;0;0;0;1;0;1;0;1;0.0;0.0;0.0;0.0;0.0;0.0;0.0;0.0
340;30;2016-12-11;2016-12-11;10;1;6;11;346;12;2016;0;0;0;0;0;0;0;1;0;0;0;0;0;0;0;0;0;0;0;1;0;1;0;1;0.0;0.0;0.0;0.0;0.0;0.0;0.0;0.0
341;0;2016-11-11;2016-11-11;11;6;4;11;316;11;2016;0;0;0;0;0;1;0;0;0;0;0;0;0;0;0;0;0;0;1;0;0;1;0;1;8.0;4.4;6.1;63.0;0.837703952324;-0.755900487201;-1.42160674361;1.26836703705
342;1;2016-11-12;2016-11-12;11;6;5;12;317;11;2016;0;0;0;0;0;0;1;0;0;0;0;0;0;0;0;0;0;0;1;0;0;1;0;1;5.0;-0.2;4.0;7.0;-0.578922795077;-1.50584465047;-1.68278271569;-0.551735376506
343;2;2016-11-13;2016-11-13;11;6;6;13;318;11;2016;0;0;0;0;0;0;0;1;0;0;0;0;0;0;0;0;0;0;1;0;0;1;0;1;6.0;-0.2;4.9;6.0;-0.106713879277;-1.50584465047;-1.57085015623;-0.584237205319
344;3;2016-11-14;2016-11-14;11;6;0;14;319;11;2016;0;1;0;0;0;0;0;0;0;0;0;0;0;0;0;0;0;0;1;0;0;1;0;1;3.0;-0.5;4.9;5.0;-1.52334062668;-1.55475405242;-1.57085015623;-0.616739034133
345;4;2016-11-15;2016-11-15;11;6;1;15;320;11;2016;0;0;1;0;0;0;0;0;0;0;0;0;0;0;0;0;0;0;1;0;0;1;0;1;5.0;-0.2;5.3;5.0;-0.578922795077;-1.50584465047;-1.52110235202;-0.616739034133
346;5;2016-11-16;2016-11-16;11;6;2;16;321;11;2016;0;0;0;1;0;0;0;0;0;0;0;0;0;0;0;0;0;0;1;0;0;1;0;1;7.0;4.0;7.9;61.0;0.365495036524;-0.821113023137;-1.19774162469;1.20336337942
347;6;2016-11-17;2016-11-17;11;6;3;17;322;11;2016;0;0;0;0;1;0;0;0;0;0;0;0;0;0;0;0;0;0;1;0;0;1;0;1;7.0;6.6;8.9;61.0;0.365495036524;-0.39723153955;-1.07337211417;1.20336337942
348;7;2016-11-18;2016-11-18;11;6;4;18;323;11;2016;0;0;0;0;0;1;0;0;0;0;0;0;0;0;0;0;0;0;1;0;0;1;0;1;7.0;6.7;9.1;7.0;0.365495036524;-0.380928405566;-1.04849821207;-0.551735376506
349;8;2016-11-19;2016-11-19;11;6;5;19;324;11;2016;0;0;0;0;0;0;1;0;0;0;0;0;0;0;0;0;0;0;1;0;0;1;0;1;0.0;0.0;0.0;0.0;0.0;0.0;0.0;0.0
350;9;2016-11-20;2016-11-20;11;6;6;20;325;11;2016;0;0;0;0;0;0;0;1;0;0;0;0;0;0;0;0;0;0;1;0;0;1;0;1;0.0;0.0;0.0;0.0;0.0;0.0;0.0;0.0
351;10;2016-11-21;2016-11-21;11;6;0;21;326;11;2016;0;1;0;0;0;0;0;0;0;0;0;0;0;0;0;0;0;0;1;0;0;1;0;1;0.0;0.0;0.0;0.0;0.0;0.0;0.0;0.0
352;11;2016-11-22;2016-11-22;11;6;1;22;327;11;2016;0;0;1;0;0;0;0;0;0;0;0;0;0;0;0;0;0;0;1;0;0;1;0;1;0.0;0.0;0.0;0.0;0.0;0.0;0.0;0.0
353;12;2016-11-23;2016-11-23;11;6;2;23;328;11;2016;0;0;0;1;0;0;0;0;0;0;0;0;0;0;0;0;0;0;1;0;0;1;0;1;0.0;0.0;0.0;0.0;0.0;0.0;0.0;0.0
354;13;2016-11-24;2016-11-24;11;6;3;24;329;11;2016;0;0;0;0;1;0;0;0;0;0;0;0;0;0;0;0;0;0;1;0;0;1;0;1;0.0;0.0;0.0;0.0;0.0;0.0;0.0;0.0
355;14;2016-11-25;2016-11-25;11;6;4;25;330;11;2016;0;0;0;0;0;1;0;0;0;0;0;0;0;0;0;0;0;0;1;0;0;1;0;1;0.0;0.0;0.0;0.0;0.0;0.0;0.0;0.0
356;15;2016-11-26;2016-11-26;11;6;5;26;331;11;2016;0;0;0;0;0;0;1;0;0;0;0;0;0;0;0;0;0;0;1;0;0;1;0;1;0.0;0.0;0.0;0.0;0.0;0.0;0.0;0.0
357;16;2016-11-27;2016-11-27;11;6;6;27;332;11;2016;0;0;0;0;0;0;0;1;0;0;0;0;0;0;0;0;0;0;1;0;0;1;0;1;0.0;0.0;0.0;0.0;0.0;0.0;0.0;0.0
358;17;2016-11-28;2016-11-28;11;6;0;28;333;11;2016;0;1;0;0;0;0;0;0;0;0;0;0;0;0;0;0;0;0;1;0;0;1;0;1;0.0;0.0;0.0;0.0;0.0;0.0;0.0;0.0
359;18;2016-11-29;2016-11-29;11;6;1;29;334;11;2016;0;0;1;0;0;0;0;0;0;0;0;0;0;0;0;0;0;0;1;0;0;1;0;1;0.0;0.0;0.0;0.0;0.0;0.0;0.0;0.0
360;19;2016-11-30;2016-11-30;11;6;2;30;335;11;2016;0;0;0;1;0;0;0;0;0;0;0;0;0;0;0;0;0;0;1;0;0;1;0;1;0.0;0.0;0.0;0.0;0.0;0.0;0.0;0.0
361;20;2016-12-01;2016-12-01;11;6;3;1;336;12;2016;0;0;0;0;1;0;0;0;0;0;0;0;0;0;0;0;0;0;0;1;0;1;0;1;0.0;0.0;0.0;0.0;0.0;0.0;0.0;0.0
362;21;2016-12-02;2016-12-02;11;6;4;2;337;12;2016;0;0;0;0;0;1;0;0;0;0;0;0;0;0;0;0;0;0;0;1;0;1;0;1;0.0;0.0;0.0;0.0;0.0;0.0;0.0;0.0
363;22;2016-12-03;2016-12-03;11;6;5;3;338;12;2016;0;0;0;0;0;0;1;0;0;0;0;0;0;0;0;0;0;0;0;1;0;1;0;1;0.0;0.0;0.0;0.0;0.0;0.0;0.0;0.0
364;23;2016-12-04;2016-12-04;11;6;6;4;339;12;2016;0;0;0;0;0;0;0;1;0;0;0;0;0;0;0;0;0;0;0;1;0;1;0;1;0.0;0.0;0.0;0.0;0.0;0.0;0.0;0.0
365;24;2016-12-05;2016-12-05;11;6;0;5;340;12;2016;0;1;0;0;0;0;0;0;0;0;0;0;0;0;0;0;0;0;0;1;0;1;0;1;0.0;0.0;0.0;0.0;0.0;0.0;0.0;0.0
366;25;2016-12-06;2016-12-06;11;6;1;6;341;12;2016;0;0;1;0;0;0;0;0;0;0;0;0;0;0;0;0;0;0;0;1;0;1;0;1;0.0;0.0;0.0;0.0;0.0;0.0;0.0;0.0
367;26;2016-12-07;2016-12-07;11;6;2;7;342;12;2016;0;0;0;1;0;0;0;0;0;0;0;0;0;0;0;0;0;0;0;1;0;1;0;1;0.0;0.0;0.0;0.0;0.0;0.0;0.0;0.0
368;27;2016-12-08;2016-12-08;11;6;3;8;343;12;2016;0;0;0;0;1;0;0;0;0;0;0;0;0;0;0;0;0;0;0;1;0;1;0;1;0.0;0.0;0.0;0.0;0.0;0.0;0.0;0.0
369;28;2016-12-09;2016-12-09;11;6;4;9;344;12;2016;0;0;0;0;0;1;0;0;0;0;0;0;0;0;0;0;0;0;0;1;0;1;0;1;0.0;0.0;0.0;0.0;0.0;0.0;0.0;0.0
370;29;2016-12-10;2016-12-10;11;6;5;10;345;12;2016;0;0;0;0;0;0;1;0;0;0;0;0;0;0;0;0;0;0;0;1;0;1;0;1;0.0;0.0;0.0;0.0;0.0;0.0;0.0;0.0
371;30;2016-12-11;2016-12-11;11;6;6;11;346;12;2016;0;0;0;0;0;0;0;1;0;0;0;0;0;0;0;0;0;0;0;1;0;1;0;1;0.0;0.0;0.0;0.0;0.0;0.0;0.0;0.0
