;idbldsite;compensatedin;date;date_time;latitude;longitude
0;146;959;2016-11-21;2016-11-21;50.8286397;6.9044575
1;146;1107;2016-11-22;2016-11-22;50.8286397;6.9044575
2;146;1217;2016-11-23;2016-11-23;50.8286397;6.9044575
3;146;1202;2016-11-24;2016-11-24;50.8286397;6.9044575
4;146;1323;2016-11-25;2016-11-25;50.8286397;6.9044575
5;146;1570;2016-11-26;2016-11-26;50.8286397;6.9044575
6;146;0;2016-11-27;2016-11-27;50.8286397;6.9044575
7;146;1177;2016-11-28;2016-11-28;50.8286397;6.9044575
8;146;1273;2016-11-29;2016-11-29;50.8286397;6.9044575
9;146;1395;2016-11-30;2016-11-30;50.8286397;6.9044575
10;146;0;2016-12-01;2016-12-01;50.8286397;6.9044575
11;141;3506;2016-11-21;2016-11-21;51.960175;7.6247519
12;141;3730;2016-11-22;2016-11-22;51.960175;7.6247519
13;141;4439;2016-11-23;2016-11-23;51.960175;7.6247519
14;141;3951;2016-11-24;2016-11-24;51.960175;7.6247519
15;141;5872;2016-11-25;2016-11-25;51.960175;7.6247519
16;141;8337;2016-11-26;2016-11-26;51.960175;7.6247519
17;141;0;2016-11-27;2016-11-27;51.960175;7.6247519
18;141;4746;2016-11-28;2016-11-28;51.960175;7.6247519
19;141;4568;2016-11-29;2016-11-29;51.960175;7.6247519
20;141;5258;2016-11-30;2016-11-30;51.960175;7.6247519
21;141;1;2016-12-01;2016-12-01;51.960175;7.6247519
22;138;830;2016-11-21;2016-11-21;51.2292762;9.4263466
23;138;831;2016-11-22;2016-11-22;51.2292762;9.4263466
24;138;845;2016-11-23;2016-11-23;51.2292762;9.4263466
25;138;847;2016-11-24;2016-11-24;51.2292762;9.4263466
26;138;1219;2016-11-25;2016-11-25;51.2292762;9.4263466
27;138;1627;2016-11-26;2016-11-26;51.2292762;9.4263466
28;138;0;2016-11-27;2016-11-27;51.2292762;9.4263466
29;138;971;2016-11-28;2016-11-28;51.2292762;9.4263466
30;138;950;2016-11-29;2016-11-29;51.2292762;9.4263466
31;138;1166;2016-11-30;2016-11-30;51.2292762;9.4263466
32;138;0;2016-12-01;2016-12-01;51.2292762;9.4263466
33;117;1119;2016-11-21;2016-11-21;51.7877474;6.1361179
34;117;1165;2016-11-22;2016-11-22;51.7877474;6.1361179
35;117;1191;2016-11-23;2016-11-23;51.7877474;6.1361179
36;117;1226;2016-11-24;2016-11-24;51.7877474;6.1361179
37;117;1883;2016-11-25;2016-11-25;51.7877474;6.1361179
38;117;2280;2016-11-26;2016-11-26;51.7877474;6.1361179
39;117;0;2016-11-27;2016-11-27;51.7877474;6.1361179
40;117;1141;2016-11-28;2016-11-28;51.7877474;6.1361179
41;117;1353;2016-11-29;2016-11-29;51.7877474;6.1361179
42;117;1468;2016-11-30;2016-11-30;51.7877474;6.1361179
43;117;0;2016-12-01;2016-12-01;51.7877474;6.1361179
44;109;3645;2016-11-21;2016-11-21;52.5235472;13.3384453
45;109;3496;2016-11-22;2016-11-22;52.5235472;13.3384453
46;109;3681;2016-11-23;2016-11-23;52.5235472;13.3384453
47;109;4464;2016-11-24;2016-11-24;52.5235472;13.3384453
48;109;6194;2016-11-25;2016-11-25;52.5235472;13.3384453
49;109;8508;2016-11-26;2016-11-26;52.5235472;13.3384453
50;109;0;2016-11-27;2016-11-27;52.5235472;13.3384453
51;109;5172;2016-11-28;2016-11-28;52.5235472;13.3384453
52;109;5476;2016-11-29;2016-11-29;52.5235472;13.3384453
53;109;5412;2016-11-30;2016-11-30;52.5235472;13.3384453
54;109;0;2016-12-01;2016-12-01;52.5235472;13.3384453
55;156;1594;2016-11-21;2016-11-21;51.2878178;9.4749444
56;156;1471;2016-11-22;2016-11-22;51.2878178;9.4749444
57;156;1547;2016-11-23;2016-11-23;51.2878178;9.4749444
58;156;1496;2016-11-24;2016-11-24;51.2878178;9.4749444
59;156;1776;2016-11-25;2016-11-25;51.2878178;9.4749444
60;156;2317;2016-11-26;2016-11-26;51.2878178;9.4749444
61;156;0;2016-11-27;2016-11-27;51.2878178;9.4749444
62;156;1619;2016-11-28;2016-11-28;51.2878178;9.4749444
63;156;1592;2016-11-29;2016-11-29;51.2878178;9.4749444
64;156;1976;2016-11-30;2016-11-30;51.2878178;9.4749444
65;156;0;2016-12-01;2016-12-01;51.2878178;9.4749444
66;148;782;2016-11-21;2016-11-21;52.533083;13.080127
67;148;870;2016-11-22;2016-11-22;52.533083;13.080127
68;148;839;2016-11-23;2016-11-23;52.533083;13.080127
69;148;913;2016-11-24;2016-11-24;52.533083;13.080127
70;148;1441;2016-11-25;2016-11-25;52.533083;13.080127
71;148;1718;2016-11-26;2016-11-26;52.533083;13.080127
72;148;744;2016-11-27;2016-11-27;52.533083;13.080127
73;148;943;2016-11-28;2016-11-28;52.533083;13.080127
74;148;1033;2016-11-29;2016-11-29;52.533083;13.080127
75;148;1310;2016-11-30;2016-11-30;52.533083;13.080127
76;148;0;2016-12-01;2016-12-01;52.533083;13.080127
77;149;1409;2016-11-21;2016-11-21;50.8795523;6.8727949
78;149;1339;2016-11-22;2016-11-22;50.8795523;6.8727949
79;149;1323;2016-11-23;2016-11-23;50.8795523;6.8727949
80;149;1340;2016-11-24;2016-11-24;50.8795523;6.8727949
81;149;2248;2016-11-25;2016-11-25;50.8795523;6.8727949
82;149;2761;2016-11-26;2016-11-26;50.8795523;6.8727949
83;149;0;2016-11-27;2016-11-27;50.8795523;6.8727949
84;149;1566;2016-11-28;2016-11-28;50.8795523;6.8727949
85;149;1504;2016-11-29;2016-11-29;50.8795523;6.8727949
86;149;1599;2016-11-30;2016-11-30;50.8795523;6.8727949
87;149;0;2016-12-01;2016-12-01;50.8795523;6.8727949
88;152;763;2016-11-21;2016-11-21;53.8582302;10.6276671
89;152;838;2016-11-22;2016-11-22;53.8582302;10.6276671
90;152;880;2016-11-23;2016-11-23;53.8582302;10.6276671
91;152;832;2016-11-24;2016-11-24;53.8582302;10.6276671
92;152;1495;2016-11-25;2016-11-25;53.8582302;10.6276671
93;152;1958;2016-11-26;2016-11-26;53.8582302;10.6276671
94;152;0;2016-11-27;2016-11-27;53.8582302;10.6276671
95;152;1029;2016-11-28;2016-11-28;53.8582302;10.6276671
96;152;1079;2016-11-29;2016-11-29;53.8582302;10.6276671
97;152;1297;2016-11-30;2016-11-30;53.8582302;10.6276671
98;152;0;2016-12-01;2016-12-01;53.8582302;10.6276671
99;154;945;2016-11-21;2016-11-21;52.32245;10.22645
100;154;810;2016-11-22;2016-11-22;52.32245;10.22645
101;154;1065;2016-11-23;2016-11-23;52.32245;10.22645
102;154;1257;2016-11-24;2016-11-24;52.32245;10.22645
103;154;1500;2016-11-25;2016-11-25;52.32245;10.22645
104;154;1854;2016-11-26;2016-11-26;52.32245;10.22645
105;154;0;2016-11-27;2016-11-27;52.32245;10.22645
106;154;1347;2016-11-28;2016-11-28;52.32245;10.22645
107;154;1291;2016-11-29;2016-11-29;52.32245;10.22645
108;154;1571;2016-11-30;2016-11-30;52.32245;10.22645
109;154;2;2016-12-01;2016-12-01;52.32245;10.22645
110;151;2583;2016-11-21;2016-11-21;51.4821076816;11.9697800239
111;151;2788;2016-11-22;2016-11-22;51.4821076816;11.9697800239
112;151;2868;2016-11-23;2016-11-23;51.4821076816;11.9697800239
113;151;2795;2016-11-24;2016-11-24;51.4821076816;11.9697800239
114;151;3622;2016-11-25;2016-11-25;51.4821076816;11.9697800239
115;151;4452;2016-11-26;2016-11-26;51.4821076816;11.9697800239
116;151;0;2016-11-27;2016-11-27;51.4821076816;11.9697800239
117;151;3108;2016-11-28;2016-11-28;51.4821076816;11.9697800239
118;151;3288;2016-11-29;2016-11-29;51.4821076816;11.9697800239
119;151;3649;2016-11-30;2016-11-30;51.4821076816;11.9697800239
120;151;0;2016-12-01;2016-12-01;51.4821076816;11.9697800239
121;153;286;2016-11-21;2016-11-21;51.8184894;9.8668831
122;153;318;2016-11-22;2016-11-22;51.8184894;9.8668831
123;153;356;2016-11-23;2016-11-23;51.8184894;9.8668831
124;153;366;2016-11-24;2016-11-24;51.8184894;9.8668831
125;153;456;2016-11-25;2016-11-25;51.8184894;9.8668831
126;153;491;2016-11-26;2016-11-26;51.8184894;9.8668831
127;153;2;2016-11-27;2016-11-27;51.8184894;9.8668831
128;153;354;2016-11-28;2016-11-28;51.8184894;9.8668831
129;153;386;2016-11-29;2016-11-29;51.8184894;9.8668831
130;153;436;2016-11-30;2016-11-30;51.8184894;9.8668831
131;153;9;2016-12-01;2016-12-01;51.8184894;9.8668831
132;150;418;2016-11-21;2016-11-21;51.32989;12.37311
133;150;424;2016-11-22;2016-11-22;51.32989;12.37311
134;150;430;2016-11-23;2016-11-23;51.32989;12.37311
135;150;415;2016-11-24;2016-11-24;51.32989;12.37311
136;150;426;2016-11-25;2016-11-25;51.32989;12.37311
137;150;241;2016-11-26;2016-11-26;51.32989;12.37311
138;150;0;2016-11-27;2016-11-27;51.32989;12.37311
139;150;511;2016-11-28;2016-11-28;51.32989;12.37311
140;150;480;2016-11-29;2016-11-29;51.32989;12.37311
141;150;501;2016-11-30;2016-11-30;51.32989;12.37311
142;150;6;2016-12-01;2016-12-01;51.32989;12.37311
143;155;1071;2016-11-21;2016-11-21;50.9497882;10.7025742
144;155;979;2016-11-22;2016-11-22;50.9497882;10.7025742
145;155;1105;2016-11-23;2016-11-23;50.9497882;10.7025742
146;155;1067;2016-11-24;2016-11-24;50.9497882;10.7025742
147;155;1392;2016-11-25;2016-11-25;50.9497882;10.7025742
148;155;1144;2016-11-26;2016-11-26;50.9497882;10.7025742
149;155;0;2016-11-27;2016-11-27;50.9497882;10.7025742
150;155;1165;2016-11-28;2016-11-28;50.9497882;10.7025742
151;155;1238;2016-11-29;2016-11-29;50.9497882;10.7025742
152;155;1232;2016-11-30;2016-11-30;50.9497882;10.7025742
153;155;10;2016-12-01;2016-12-01;50.9497882;10.7025742
154;159;923;2016-11-21;2016-11-21;49.19743;8.11374
155;159;1093;2016-11-22;2016-11-22;49.19743;8.11374
156;159;1030;2016-11-23;2016-11-23;49.19743;8.11374
157;159;1073;2016-11-24;2016-11-24;49.19743;8.11374
158;159;1235;2016-11-25;2016-11-25;49.19743;8.11374
159;159;1875;2016-11-26;2016-11-26;49.19743;8.11374
160;159;1271;2016-11-27;2016-11-27;49.19743;8.11374
161;159;1082;2016-11-28;2016-11-28;49.19743;8.11374
162;159;1286;2016-11-29;2016-11-29;49.19743;8.11374
163;159;1267;2016-11-30;2016-11-30;49.19743;8.11374
164;159;0;2016-12-01;2016-12-01;49.19743;8.11374
165;162;969;2016-11-21;2016-11-21;52.6391434;9.205603
166;162;965;2016-11-22;2016-11-22;52.6391434;9.205603
167;162;1240;2016-11-23;2016-11-23;52.6391434;9.205603
168;162;683;2016-11-24;2016-11-24;52.6391434;9.205603
169;162;687;2016-11-25;2016-11-25;52.6391434;9.205603
170;162;1489;2016-11-26;2016-11-26;52.6391434;9.205603
171;162;0;2016-11-27;2016-11-27;52.6391434;9.205603
172;162;594;2016-11-28;2016-11-28;52.6391434;9.205603
173;162;645;2016-11-29;2016-11-29;52.6391434;9.205603
174;162;728;2016-11-30;2016-11-30;52.6391434;9.205603
175;162;6;2016-12-01;2016-12-01;52.6391434;9.205603
176;33;123;2016-11-21;2016-11-21;47.424153;9.370856
177;161;1349;2016-11-21;2016-11-21;51.0850192;13.6962112
178;161;1213;2016-11-22;2016-11-22;51.0850192;13.6962112
179;161;1357;2016-11-23;2016-11-23;51.0850192;13.6962112
180;161;1312;2016-11-24;2016-11-24;51.0850192;13.6962112
181;161;2171;2016-11-25;2016-11-25;51.0850192;13.6962112
182;161;2684;2016-11-26;2016-11-26;51.0850192;13.6962112
183;161;0;2016-11-27;2016-11-27;51.0850192;13.6962112
184;161;1662;2016-11-28;2016-11-28;51.0850192;13.6962112
185;161;1564;2016-11-29;2016-11-29;51.0850192;13.6962112
186;161;1765;2016-11-30;2016-11-30;51.0850192;13.6962112
187;161;0;2016-12-01;2016-12-01;51.0850192;13.6962112
188;157;773;2016-11-21;2016-11-21;47.4114629;8.5440232
189;157;746;2016-11-22;2016-11-22;47.4114629;8.5440232
190;157;669;2016-11-23;2016-11-23;47.4114629;8.5440232
191;157;621;2016-11-24;2016-11-24;47.4114629;8.5440232
192;157;760;2016-11-25;2016-11-25;47.4114629;8.5440232
193;157;660;2016-11-26;2016-11-26;47.4114629;8.5440232
194;157;468;2016-11-27;2016-11-27;47.4114629;8.5440232
195;157;746;2016-11-28;2016-11-28;47.4114629;8.5440232
196;157;754;2016-11-29;2016-11-29;47.4114629;8.5440232
197;157;769;2016-11-30;2016-11-30;47.4114629;8.5440232
198;157;5;2016-12-01;2016-12-01;47.4114629;8.5440232
199;147;1246;2016-11-21;2016-11-21;50.8027268;6.4825937
200;147;1437;2016-11-22;2016-11-22;50.8027268;6.4825937
201;147;1170;2016-11-23;2016-11-23;50.8027268;6.4825937
202;147;1436;2016-11-24;2016-11-24;50.8027268;6.4825937
203;147;1593;2016-11-25;2016-11-25;50.8027268;6.4825937
204;147;2221;2016-11-26;2016-11-26;50.8027268;6.4825937
205;147;0;2016-11-27;2016-11-27;50.8027268;6.4825937
206;147;1330;2016-11-28;2016-11-28;50.8027268;6.4825937
207;147;1544;2016-11-29;2016-11-29;50.8027268;6.4825937
208;147;1559;2016-11-30;2016-11-30;50.8027268;6.4825937
209;147;0;2016-12-01;2016-12-01;50.8027268;6.4825937
210;158;1603;2016-11-21;2016-11-21;53.5580022;13.2572307
211;158;1577;2016-11-22;2016-11-22;53.5580022;13.2572307
212;158;1516;2016-11-23;2016-11-23;53.5580022;13.2572307
213;158;1815;2016-11-24;2016-11-24;53.5580022;13.2572307
214;158;2405;2016-11-25;2016-11-25;53.5580022;13.2572307
215;158;2763;2016-11-26;2016-11-26;53.5580022;13.2572307
216;158;1471;2016-11-27;2016-11-27;53.5580022;13.2572307
217;158;1816;2016-11-28;2016-11-28;53.5580022;13.2572307
218;158;1947;2016-11-29;2016-11-29;53.5580022;13.2572307
219;158;1748;2016-11-30;2016-11-30;53.5580022;13.2572307
220;158;0;2016-12-01;2016-12-01;53.5580022;13.2572307
221;160;1457;2016-11-21;2016-11-21;52.3140386;13.6073362
222;160;1389;2016-11-22;2016-11-22;52.3140386;13.6073362
223;160;1573;2016-11-23;2016-11-23;52.3140386;13.6073362
224;160;1508;2016-11-24;2016-11-24;52.3140386;13.6073362
225;160;2533;2016-11-25;2016-11-25;52.3140386;13.6073362
226;160;3462;2016-11-26;2016-11-26;52.3140386;13.6073362
227;160;0;2016-11-27;2016-11-27;52.3140386;13.6073362
228;160;1786;2016-11-28;2016-11-28;52.3140386;13.6073362
229;160;1788;2016-11-29;2016-11-29;52.3140386;13.6073362
230;160;1948;2016-11-30;2016-11-30;52.3140386;13.6073362
231;160;0;2016-12-01;2016-12-01;52.3140386;13.6073362
232;163;3109;2016-11-21;2016-11-21;51.0469929;13.7338745
233;163;3100;2016-11-22;2016-11-22;51.0469929;13.7338745
234;163;3180;2016-11-23;2016-11-23;51.0469929;13.7338745
235;163;3145;2016-11-24;2016-11-24;51.0469929;13.7338745
236;163;5024;2016-11-25;2016-11-25;51.0469929;13.7338745
237;163;5689;2016-11-26;2016-11-26;51.0469929;13.7338745
238;163;0;2016-11-27;2016-11-27;51.0469929;13.7338745
239;163;3958;2016-11-28;2016-11-28;51.0469929;13.7338745
240;163;3919;2016-11-29;2016-11-29;51.0469929;13.7338745
241;163;4010;2016-11-30;2016-11-30;51.0469929;13.7338745
242;163;0;2016-12-01;2016-12-01;51.0469929;13.7338745
243;1;2527;2016-11-21;2016-11-21;51.3578;7.47042
244;1;2839;2016-11-22;2016-11-22;51.3578;7.47042
245;1;2867;2016-11-23;2016-11-23;51.3578;7.47042
246;1;2680;2016-11-24;2016-11-24;51.3578;7.47042
247;1;3543;2016-11-25;2016-11-25;51.3578;7.47042
248;1;4519;2016-11-26;2016-11-26;51.3578;7.47042
249;1;0;2016-11-27;2016-11-27;51.3578;7.47042
250;1;2964;2016-11-28;2016-11-28;51.3578;7.47042
251;1;3142;2016-11-29;2016-11-29;51.3578;7.47042
252;1;3526;2016-11-30;2016-11-30;51.3578;7.47042
253;1;0;2016-12-01;2016-12-01;51.3578;7.47042
254;2;232;2016-11-21;2016-11-21;48.817539;9.299707
255;2;191;2016-11-22;2016-11-22;48.817539;9.299707
256;2;192;2016-11-23;2016-11-23;48.817539;9.299707
257;2;269;2016-11-24;2016-11-24;48.817539;9.299707
258;2;359;2016-11-25;2016-11-25;48.817539;9.299707
259;2;453;2016-11-26;2016-11-26;48.817539;9.299707
260;2;1;2016-11-27;2016-11-27;48.817539;9.299707
261;2;274;2016-11-28;2016-11-28;48.817539;9.299707
262;2;232;2016-11-29;2016-11-29;48.817539;9.299707
263;2;318;2016-11-30;2016-11-30;48.817539;9.299707
264;2;0;2016-12-01;2016-12-01;48.817539;9.299707
265;3;1722;2016-11-21;2016-11-21;53.04845;8.95774
266;3;1679;2016-11-22;2016-11-22;53.04845;8.95774
267;3;1808;2016-11-23;2016-11-23;53.04845;8.95774
268;3;1592;2016-11-24;2016-11-24;53.04845;8.95774
269;3;3113;2016-11-25;2016-11-25;53.04845;8.95774
270;3;3837;2016-11-26;2016-11-26;53.04845;8.95774
271;3;0;2016-11-27;2016-11-27;53.04845;8.95774
272;3;2009;2016-11-28;2016-11-28;53.04845;8.95774
273;3;2090;2016-11-29;2016-11-29;53.04845;8.95774
274;3;2545;2016-11-30;2016-11-30;53.04845;8.95774
275;3;0;2016-12-01;2016-12-01;53.04845;8.95774
276;4;312;2016-11-21;2016-11-21;51.45702;6.984907
277;4;281;2016-11-22;2016-11-22;51.45702;6.984907
278;4;346;2016-11-23;2016-11-23;51.45702;6.984907
279;4;314;2016-11-24;2016-11-24;51.45702;6.984907
280;4;428;2016-11-25;2016-11-25;51.45702;6.984907
281;4;522;2016-11-26;2016-11-26;51.45702;6.984907
282;4;0;2016-11-27;2016-11-27;51.45702;6.984907
283;4;364;2016-11-28;2016-11-28;51.45702;6.984907
284;4;368;2016-11-29;2016-11-29;51.45702;6.984907
285;4;444;2016-11-30;2016-11-30;51.45702;6.984907
286;4;0;2016-12-01;2016-12-01;51.45702;6.984907
287;5;1473;2016-11-21;2016-11-21;51.613267;7.202009
288;5;1413;2016-11-22;2016-11-22;51.613267;7.202009
289;5;1592;2016-11-23;2016-11-23;51.613267;7.202009
290;5;1584;2016-11-24;2016-11-24;51.613267;7.202009
291;5;2703;2016-11-25;2016-11-25;51.613267;7.202009
292;5;3136;2016-11-26;2016-11-26;51.613267;7.202009
293;5;1635;2016-11-27;2016-11-27;51.613267;7.202009
294;5;1887;2016-11-28;2016-11-28;51.613267;7.202009
295;5;2118;2016-11-29;2016-11-29;51.613267;7.202009
296;5;2608;2016-11-30;2016-11-30;51.613267;7.202009
297;5;0;2016-12-01;2016-12-01;51.613267;7.202009
298;6;485;2016-11-21;2016-11-21;49.229231;7.034099
299;6;472;2016-11-22;2016-11-22;49.229231;7.034099
300;6;482;2016-11-23;2016-11-23;49.229231;7.034099
301;6;519;2016-11-24;2016-11-24;49.229231;7.034099
302;6;597;2016-11-25;2016-11-25;49.229231;7.034099
303;6;723;2016-11-26;2016-11-26;49.229231;7.034099
304;6;513;2016-11-27;2016-11-27;49.229231;7.034099
305;6;491;2016-11-28;2016-11-28;49.229231;7.034099
306;6;535;2016-11-29;2016-11-29;49.229231;7.034099
307;6;604;2016-11-30;2016-11-30;49.229231;7.034099
308;6;0;2016-12-01;2016-12-01;49.229231;7.034099
309;7;518;2016-11-21;2016-11-21;51.468913;6.852349
310;7;666;2016-11-22;2016-11-22;51.468913;6.852349
311;7;640;2016-11-23;2016-11-23;51.468913;6.852349
312;7;593;2016-11-24;2016-11-24;51.468913;6.852349
313;7;738;2016-11-25;2016-11-25;51.468913;6.852349
314;7;644;2016-11-26;2016-11-26;51.468913;6.852349
315;7;0;2016-11-27;2016-11-27;51.468913;6.852349
316;7;692;2016-11-28;2016-11-28;51.468913;6.852349
317;7;759;2016-11-29;2016-11-29;51.468913;6.852349
318;7;794;2016-11-30;2016-11-30;51.468913;6.852349
319;7;19;2016-12-01;2016-12-01;51.468913;6.852349
320;8;669;2016-11-21;2016-11-21;50.71546;7.04974
321;8;634;2016-11-22;2016-11-22;50.71546;7.04974
322;8;633;2016-11-23;2016-11-23;50.71546;7.04974
323;8;645;2016-11-24;2016-11-24;50.71546;7.04974
324;8;723;2016-11-25;2016-11-25;50.71546;7.04974
325;8;640;2016-11-26;2016-11-26;50.71546;7.04974
326;8;0;2016-11-27;2016-11-27;50.71546;7.04974
327;8;753;2016-11-28;2016-11-28;50.71546;7.04974
328;8;673;2016-11-29;2016-11-29;50.71546;7.04974
329;8;772;2016-11-30;2016-11-30;50.71546;7.04974
330;8;9;2016-12-01;2016-12-01;50.71546;7.04974
331;9;874;2016-11-21;2016-11-21;48.67859;10.152358
332;9;975;2016-11-22;2016-11-22;48.67859;10.152358
333;9;1008;2016-11-23;2016-11-23;48.67859;10.152358
334;9;962;2016-11-24;2016-11-24;48.67859;10.152358
335;9;1060;2016-11-25;2016-11-25;48.67859;10.152358
336;9;1373;2016-11-26;2016-11-26;48.67859;10.152358
337;9;0;2016-11-27;2016-11-27;48.67859;10.152358
338;9;1075;2016-11-28;2016-11-28;48.67859;10.152358
339;9;1052;2016-11-29;2016-11-29;48.67859;10.152358
340;9;1234;2016-11-30;2016-11-30;48.67859;10.152358
341;9;0;2016-12-01;2016-12-01;48.67859;10.152358
342;10;1126;2016-11-21;2016-11-21;50.495784;12.137534
343;10;1182;2016-11-22;2016-11-22;50.495784;12.137534
344;10;1086;2016-11-23;2016-11-23;50.495784;12.137534
345;10;1263;2016-11-24;2016-11-24;50.495784;12.137534
346;10;1435;2016-11-25;2016-11-25;50.495784;12.137534
347;10;2055;2016-11-26;2016-11-26;50.495784;12.137534
348;10;0;2016-11-27;2016-11-27;50.495784;12.137534
349;10;1489;2016-11-28;2016-11-28;50.495784;12.137534
350;10;1507;2016-11-29;2016-11-29;50.495784;12.137534
351;10;1586;2016-11-30;2016-11-30;50.495784;12.137534
352;10;0;2016-12-01;2016-12-01;50.495784;12.137534
353;11;647;2016-11-21;2016-11-21;50.977037;13.622839
354;11;634;2016-11-22;2016-11-22;50.977037;13.622839
355;11;707;2016-11-23;2016-11-23;50.977037;13.622839
356;11;700;2016-11-24;2016-11-24;50.977037;13.622839
357;11;831;2016-11-25;2016-11-25;50.977037;13.622839
358;11;854;2016-11-26;2016-11-26;50.977037;13.622839
359;11;0;2016-11-27;2016-11-27;50.977037;13.622839
360;11;829;2016-11-28;2016-11-28;50.977037;13.622839
361;11;880;2016-11-29;2016-11-29;50.977037;13.622839
362;11;833;2016-11-30;2016-11-30;50.977037;13.622839
363;11;0;2016-12-01;2016-12-01;50.977037;13.622839
364;12;707;2016-11-21;2016-11-21;50.96254;13.938968
365;12;706;2016-11-22;2016-11-22;50.96254;13.938968
366;12;749;2016-11-23;2016-11-23;50.96254;13.938968
367;12;758;2016-11-24;2016-11-24;50.96254;13.938968
368;12;788;2016-11-25;2016-11-25;50.96254;13.938968
369;12;666;2016-11-26;2016-11-26;50.96254;13.938968
370;12;666;2016-11-27;2016-11-27;50.96254;13.938968
371;12;760;2016-11-28;2016-11-28;50.96254;13.938968
372;12;832;2016-11-29;2016-11-29;50.96254;13.938968
373;12;917;2016-11-30;2016-11-30;50.96254;13.938968
374;12;0;2016-12-01;2016-12-01;50.96254;13.938968
375;13;823;2016-11-21;2016-11-21;50.805167;12.860131
376;13;802;2016-11-22;2016-11-22;50.805167;12.860131
377;13;675;2016-11-23;2016-11-23;50.805167;12.860131
378;13;691;2016-11-24;2016-11-24;50.805167;12.860131
379;13;923;2016-11-25;2016-11-25;50.805167;12.860131
380;13;1249;2016-11-26;2016-11-26;50.805167;12.860131
381;13;0;2016-11-27;2016-11-27;50.805167;12.860131
382;13;1001;2016-11-28;2016-11-28;50.805167;12.860131
383;13;881;2016-11-29;2016-11-29;50.805167;12.860131
384;13;1099;2016-11-30;2016-11-30;50.805167;12.860131
385;13;0;2016-12-01;2016-12-01;50.805167;12.860131
386;14;519;2016-11-21;2016-11-21;51.100723;13.679437
387;14;502;2016-11-22;2016-11-22;51.100723;13.679437
388;14;478;2016-11-23;2016-11-23;51.100723;13.679437
389;14;492;2016-11-24;2016-11-24;51.100723;13.679437
390;14;577;2016-11-25;2016-11-25;51.100723;13.679437
391;14;257;2016-11-26;2016-11-26;51.100723;13.679437
392;14;0;2016-11-27;2016-11-27;51.100723;13.679437
393;14;531;2016-11-28;2016-11-28;51.100723;13.679437
394;14;542;2016-11-29;2016-11-29;51.100723;13.679437
395;14;512;2016-11-30;2016-11-30;51.100723;13.679437
396;14;0;2016-12-01;2016-12-01;51.100723;13.679437
397;15;1211;2016-11-21;2016-11-21;51.319495;12.290467
398;15;1132;2016-11-22;2016-11-22;51.319495;12.290467
399;15;1172;2016-11-23;2016-11-23;51.319495;12.290467
400;15;1090;2016-11-24;2016-11-24;51.319495;12.290467
401;15;1473;2016-11-25;2016-11-25;51.319495;12.290467
402;15;1775;2016-11-26;2016-11-26;51.319495;12.290467
403;15;0;2016-11-27;2016-11-27;51.319495;12.290467
404;15;1233;2016-11-28;2016-11-28;51.319495;12.290467
405;15;1342;2016-11-29;2016-11-29;51.319495;12.290467
406;15;1406;2016-11-30;2016-11-30;51.319495;12.290467
407;15;0;2016-12-01;2016-12-01;51.319495;12.290467
408;16;407;2016-11-21;2016-11-21;51.291563;13.533609
409;16;431;2016-11-22;2016-11-22;51.291563;13.533609
410;16;414;2016-11-23;2016-11-23;51.291563;13.533609
411;16;432;2016-11-24;2016-11-24;51.291563;13.533609
412;16;525;2016-11-25;2016-11-25;51.291563;13.533609
413;16;474;2016-11-26;2016-11-26;51.291563;13.533609
414;16;617;2016-11-27;2016-11-27;51.291563;13.533609
415;16;560;2016-11-28;2016-11-28;51.291563;13.533609
416;16;579;2016-11-29;2016-11-29;51.291563;13.533609
417;16;508;2016-11-30;2016-11-30;51.291563;13.533609
418;16;0;2016-12-01;2016-12-01;51.291563;13.533609
419;17;668;2016-11-21;2016-11-21;51.12911;13.842047
420;17;725;2016-11-22;2016-11-22;51.12911;13.842047
421;17;759;2016-11-23;2016-11-23;51.12911;13.842047
422;17;659;2016-11-24;2016-11-24;51.12911;13.842047
423;17;790;2016-11-25;2016-11-25;51.12911;13.842047
424;17;1268;2016-11-26;2016-11-26;51.12911;13.842047
425;17;0;2016-11-27;2016-11-27;51.12911;13.842047
426;17;881;2016-11-28;2016-11-28;51.12911;13.842047
427;17;964;2016-11-29;2016-11-29;51.12911;13.842047
428;17;814;2016-11-30;2016-11-30;51.12911;13.842047
429;17;0;2016-12-01;2016-12-01;51.12911;13.842047
430;19;159;2016-11-21;2016-11-21;51.114481;13.784594
431;19;169;2016-11-22;2016-11-22;51.114481;13.784594
432;19;190;2016-11-23;2016-11-23;51.114481;13.784594
433;19;163;2016-11-24;2016-11-24;51.114481;13.784594
434;19;179;2016-11-25;2016-11-25;51.114481;13.784594
435;19;90;2016-11-26;2016-11-26;51.114481;13.784594
436;19;0;2016-11-27;2016-11-27;51.114481;13.784594
437;19;186;2016-11-28;2016-11-28;51.114481;13.784594
438;19;183;2016-11-29;2016-11-29;51.114481;13.784594
439;19;168;2016-11-30;2016-11-30;51.114481;13.784594
440;19;0;2016-12-01;2016-12-01;51.114481;13.784594
441;20;353;2016-11-21;2016-11-21;51.03308;13.726221
442;20;374;2016-11-22;2016-11-22;51.03308;13.726221
443;20;361;2016-11-23;2016-11-23;51.03308;13.726221
444;20;341;2016-11-24;2016-11-24;51.03308;13.726221
445;20;374;2016-11-25;2016-11-25;51.03308;13.726221
446;20;146;2016-11-26;2016-11-26;51.03308;13.726221
447;20;0;2016-11-27;2016-11-27;51.03308;13.726221
448;20;346;2016-11-28;2016-11-28;51.03308;13.726221
449;20;380;2016-11-29;2016-11-29;51.03308;13.726221
450;20;378;2016-11-30;2016-11-30;51.03308;13.726221
451;20;0;2016-12-01;2016-12-01;51.03308;13.726221
452;21;502;2016-11-21;2016-11-21;51.045123;13.778037
453;21;502;2016-11-22;2016-11-22;51.045123;13.778037
454;21;543;2016-11-23;2016-11-23;51.045123;13.778037
455;21;495;2016-11-24;2016-11-24;51.045123;13.778037
456;21;704;2016-11-25;2016-11-25;51.045123;13.778037
457;21;382;2016-11-26;2016-11-26;51.045123;13.778037
458;21;0;2016-11-27;2016-11-27;51.045123;13.778037
459;21;608;2016-11-28;2016-11-28;51.045123;13.778037
460;21;589;2016-11-29;2016-11-29;51.045123;13.778037
461;21;592;2016-11-30;2016-11-30;51.045123;13.778037
462;21;0;2016-12-01;2016-12-01;51.045123;13.778037
463;22;298;2016-11-21;2016-11-21;51.063207;13.751526
464;22;362;2016-11-22;2016-11-22;51.063207;13.751526
465;22;341;2016-11-23;2016-11-23;51.063207;13.751526
466;22;365;2016-11-24;2016-11-24;51.063207;13.751526
467;22;444;2016-11-25;2016-11-25;51.063207;13.751526
468;22;249;2016-11-26;2016-11-26;51.063207;13.751526
469;22;0;2016-11-27;2016-11-27;51.063207;13.751526
470;22;409;2016-11-28;2016-11-28;51.063207;13.751526
471;22;441;2016-11-29;2016-11-29;51.063207;13.751526
472;22;408;2016-11-30;2016-11-30;51.063207;13.751526
473;22;0;2016-12-01;2016-12-01;51.063207;13.751526
474;23;496;2016-11-21;2016-11-21;51.097398;14.667273
475;23;469;2016-11-22;2016-11-22;51.097398;14.667273
476;23;440;2016-11-23;2016-11-23;51.097398;14.667273
477;23;505;2016-11-24;2016-11-24;51.097398;14.667273
478;23;472;2016-11-25;2016-11-25;51.097398;14.667273
479;23;155;2016-11-26;2016-11-26;51.097398;14.667273
480;23;728;2016-11-27;2016-11-27;51.097398;14.667273
481;23;490;2016-11-28;2016-11-28;51.097398;14.667273
482;23;509;2016-11-29;2016-11-29;51.097398;14.667273
483;23;487;2016-11-30;2016-11-30;51.097398;14.667273
484;23;0;2016-12-01;2016-12-01;51.097398;14.667273
485;24;583;2016-11-21;2016-11-21;50.89642;14.807917
486;24;665;2016-11-22;2016-11-22;50.89642;14.807917
487;24;760;2016-11-23;2016-11-23;50.89642;14.807917
488;24;647;2016-11-24;2016-11-24;50.89642;14.807917
489;24;670;2016-11-25;2016-11-25;50.89642;14.807917
490;24;425;2016-11-26;2016-11-26;50.89642;14.807917
491;24;0;2016-11-27;2016-11-27;50.89642;14.807917
492;24;650;2016-11-28;2016-11-28;50.89642;14.807917
493;24;677;2016-11-29;2016-11-29;50.89642;14.807917
494;24;812;2016-11-30;2016-11-30;50.89642;14.807917
495;24;0;2016-12-01;2016-12-01;50.89642;14.807917
496;25;1155;2016-11-21;2016-11-21;51.437067;14.262112
497;25;1324;2016-11-22;2016-11-22;51.437067;14.262112
498;25;1235;2016-11-23;2016-11-23;51.437067;14.262112
499;25;1337;2016-11-24;2016-11-24;51.437067;14.262112
500;25;1368;2016-11-25;2016-11-25;51.437067;14.262112
501;25;1789;2016-11-26;2016-11-26;51.437067;14.262112
502;25;1171;2016-11-27;2016-11-27;51.437067;14.262112
503;25;1507;2016-11-28;2016-11-28;51.437067;14.262112
504;25;1638;2016-11-29;2016-11-29;51.437067;14.262112
505;25;1499;2016-11-30;2016-11-30;51.437067;14.262112
506;25;0;2016-12-01;2016-12-01;51.437067;14.262112
507;119;1396;2016-11-21;2016-11-21;51.3315429;6.560337
508;119;1668;2016-11-22;2016-11-22;51.3315429;6.560337
509;119;1632;2016-11-23;2016-11-23;51.3315429;6.560337
510;119;1590;2016-11-24;2016-11-24;51.3315429;6.560337
511;119;2243;2016-11-25;2016-11-25;51.3315429;6.560337
512;119;2929;2016-11-26;2016-11-26;51.3315429;6.560337
513;119;0;2016-11-27;2016-11-27;51.3315429;6.560337
514;119;1879;2016-11-28;2016-11-28;51.3315429;6.560337
515;119;2224;2016-11-29;2016-11-29;51.3315429;6.560337
516;119;2465;2016-11-30;2016-11-30;51.3315429;6.560337
517;119;0;2016-12-01;2016-12-01;51.3315429;6.560337
518;26;1090;2016-11-21;2016-11-21;51.757078;14.329118
519;26;1195;2016-11-22;2016-11-22;51.757078;14.329118
520;26;1280;2016-11-23;2016-11-23;51.757078;14.329118
521;26;1217;2016-11-24;2016-11-24;51.757078;14.329118
522;26;1561;2016-11-25;2016-11-25;51.757078;14.329118
523;26;1720;2016-11-26;2016-11-26;51.757078;14.329118
524;26;0;2016-11-27;2016-11-27;51.757078;14.329118
525;26;1495;2016-11-28;2016-11-28;51.757078;14.329118
526;26;1590;2016-11-29;2016-11-29;51.757078;14.329118
527;26;1694;2016-11-30;2016-11-30;51.757078;14.329118
528;26;0;2016-12-01;2016-12-01;51.757078;14.329118
529;27;1196;2016-11-21;2016-11-21;52.407607;12.565609
530;27;1259;2016-11-22;2016-11-22;52.407607;12.565609
531;27;1291;2016-11-23;2016-11-23;52.407607;12.565609
532;27;1253;2016-11-24;2016-11-24;52.407607;12.565609
533;27;1778;2016-11-25;2016-11-25;52.407607;12.565609
534;27;1845;2016-11-26;2016-11-26;52.407607;12.565609
535;27;0;2016-11-27;2016-11-27;52.407607;12.565609
536;27;1384;2016-11-28;2016-11-28;52.407607;12.565609
537;27;1529;2016-11-29;2016-11-29;52.407607;12.565609
538;27;1477;2016-11-30;2016-11-30;52.407607;12.565609
539;27;0;2016-12-01;2016-12-01;52.407607;12.565609
540;29;1359;2016-11-21;2016-11-21;51.216423;7.631425
541;29;1400;2016-11-22;2016-11-22;51.216423;7.631425
542;29;1574;2016-11-23;2016-11-23;51.216423;7.631425
543;29;1542;2016-11-24;2016-11-24;51.216423;7.631425
544;29;2078;2016-11-25;2016-11-25;51.216423;7.631425
545;29;2459;2016-11-26;2016-11-26;51.216423;7.631425
546;29;0;2016-11-27;2016-11-27;51.216423;7.631425
547;29;1674;2016-11-28;2016-11-28;51.216423;7.631425
548;29;1733;2016-11-29;2016-11-29;51.216423;7.631425
549;29;2120;2016-11-30;2016-11-30;51.216423;7.631425
550;29;0;2016-12-01;2016-12-01;51.216423;7.631425
551;30;1450;2016-11-21;2016-11-21;47.424743;9.376405
552;30;1697;2016-11-22;2016-11-22;47.424743;9.376405
553;30;1671;2016-11-23;2016-11-23;47.424743;9.376405
554;30;2507;2016-11-24;2016-11-24;47.424743;9.376405
555;30;2130;2016-11-25;2016-11-25;47.424743;9.376405
556;30;3516;2016-11-26;2016-11-26;47.424743;9.376405
557;30;4;2016-11-27;2016-11-27;47.424743;9.376405
558;30;1831;2016-11-28;2016-11-28;47.424743;9.376405
559;30;2002;2016-11-29;2016-11-29;47.424743;9.376405
560;30;2427;2016-11-30;2016-11-30;47.424743;9.376405
561;30;0;2016-12-01;2016-12-01;47.424743;9.376405
562;31;3208;2016-11-21;2016-11-21;47.373215;8.537646
563;31;3119;2016-11-22;2016-11-22;47.373215;8.537646
564;31;3246;2016-11-23;2016-11-23;47.373215;8.537646
565;31;3811;2016-11-24;2016-11-24;47.373215;8.537646
566;31;3860;2016-11-25;2016-11-25;47.373215;8.537646
567;31;5036;2016-11-26;2016-11-26;47.373215;8.537646
568;31;2136;2016-11-27;2016-11-27;47.373215;8.537646
569;31;3401;2016-11-28;2016-11-28;47.373215;8.537646
570;31;3571;2016-11-29;2016-11-29;47.373215;8.537646
571;31;3832;2016-11-30;2016-11-30;47.373215;8.537646
572;31;0;2016-12-01;2016-12-01;47.373215;8.537646
573;32;2378;2016-11-21;2016-11-21;47.366177;8.546959
574;32;2667;2016-11-22;2016-11-22;47.366177;8.546959
575;32;2670;2016-11-23;2016-11-23;47.366177;8.546959
576;32;3072;2016-11-24;2016-11-24;47.366177;8.546959
577;32;3113;2016-11-25;2016-11-25;47.366177;8.546959
578;32;3226;2016-11-26;2016-11-26;47.366177;8.546959
579;32;0;2016-11-27;2016-11-27;47.366177;8.546959
580;32;2808;2016-11-28;2016-11-28;47.366177;8.546959
581;32;2964;2016-11-29;2016-11-29;47.366177;8.546959
582;32;3190;2016-11-30;2016-11-30;47.366177;8.546959
583;32;0;2016-12-01;2016-12-01;47.366177;8.546959
584;34;1360;2016-11-21;2016-11-21;52.564161;13.505679
585;34;1380;2016-11-22;2016-11-22;52.564161;13.505679
586;34;1419;2016-11-23;2016-11-23;52.564161;13.505679
587;34;1335;2016-11-24;2016-11-24;52.564161;13.505679
588;34;1697;2016-11-25;2016-11-25;52.564161;13.505679
589;34;1960;2016-11-26;2016-11-26;52.564161;13.505679
590;34;0;2016-11-27;2016-11-27;52.564161;13.505679
591;34;1471;2016-11-28;2016-11-28;52.564161;13.505679
592;34;1688;2016-11-29;2016-11-29;52.564161;13.505679
593;34;1754;2016-11-30;2016-11-30;52.564161;13.505679
594;34;0;2016-12-01;2016-12-01;52.564161;13.505679
595;35;1328;2016-11-21;2016-11-21;47.378246;8.540301
596;35;1380;2016-11-22;2016-11-22;47.378246;8.540301
597;35;1362;2016-11-23;2016-11-23;47.378246;8.540301
598;35;1432;2016-11-24;2016-11-24;47.378246;8.540301
599;35;1478;2016-11-25;2016-11-25;47.378246;8.540301
600;35;1358;2016-11-26;2016-11-26;47.378246;8.540301
601;35;1153;2016-11-27;2016-11-27;47.378246;8.540301
602;35;1483;2016-11-28;2016-11-28;47.378246;8.540301
603;35;1610;2016-11-29;2016-11-29;47.378246;8.540301
604;35;1571;2016-11-30;2016-11-30;47.378246;8.540301
605;35;2;2016-12-01;2016-12-01;47.378246;8.540301
606;36;703;2016-11-21;2016-11-21;47.54566;7.587888
607;36;729;2016-11-22;2016-11-22;47.54566;7.587888
608;36;817;2016-11-23;2016-11-23;47.54566;7.587888
609;36;831;2016-11-24;2016-11-24;47.54566;7.587888
610;36;954;2016-11-25;2016-11-25;47.54566;7.587888
611;36;653;2016-11-26;2016-11-26;47.54566;7.587888
612;36;824;2016-11-27;2016-11-27;47.54566;7.587888
613;36;974;2016-11-28;2016-11-28;47.54566;7.587888
614;36;888;2016-11-29;2016-11-29;47.54566;7.587888
615;36;951;2016-11-30;2016-11-30;47.54566;7.587888
616;36;2;2016-12-01;2016-12-01;47.54566;7.587888
617;37;878;2016-11-21;2016-11-21;47.451681;8.562829
618;37;843;2016-11-22;2016-11-22;47.451681;8.562829
619;37;975;2016-11-23;2016-11-23;47.451681;8.562829
620;37;1009;2016-11-24;2016-11-24;47.451681;8.562829
621;37;1144;2016-11-25;2016-11-25;47.451681;8.562829
622;37;1009;2016-11-26;2016-11-26;47.451681;8.562829
623;37;1555;2016-11-27;2016-11-27;47.451681;8.562829
624;37;948;2016-11-28;2016-11-28;47.451681;8.562829
625;37;930;2016-11-29;2016-11-29;47.451681;8.562829
626;37;989;2016-11-30;2016-11-30;47.451681;8.562829
627;37;6;2016-12-01;2016-12-01;47.451681;8.562829
628;38;349;2016-11-21;2016-11-21;47.557073;8.895594
629;38;390;2016-11-22;2016-11-22;47.557073;8.895594
630;38;429;2016-11-23;2016-11-23;47.557073;8.895594
631;38;419;2016-11-24;2016-11-24;47.557073;8.895594
632;38;840;2016-11-25;2016-11-25;47.557073;8.895594
633;38;550;2016-11-26;2016-11-26;47.557073;8.895594
634;38;0;2016-11-27;2016-11-27;47.557073;8.895594
635;38;511;2016-11-28;2016-11-28;47.557073;8.895594
636;38;542;2016-11-29;2016-11-29;47.557073;8.895594
637;38;620;2016-11-30;2016-11-30;47.557073;8.895594
638;38;0;2016-12-01;2016-12-01;47.557073;8.895594
639;39;332;2016-11-21;2016-11-21;47.518643;8.720182
640;39;346;2016-11-22;2016-11-22;47.518643;8.720182
641;39;461;2016-11-23;2016-11-23;47.518643;8.720182
642;39;401;2016-11-24;2016-11-24;47.518643;8.720182
643;39;489;2016-11-25;2016-11-25;47.518643;8.720182
644;39;628;2016-11-26;2016-11-26;47.518643;8.720182
645;39;405;2016-11-27;2016-11-27;47.518643;8.720182
646;39;417;2016-11-28;2016-11-28;47.518643;8.720182
647;39;423;2016-11-29;2016-11-29;47.518643;8.720182
648;39;500;2016-11-30;2016-11-30;47.518643;8.720182
649;39;0;2016-12-01;2016-12-01;47.518643;8.720182
650;40;446;2016-11-21;2016-11-21;47.366552;8.548399
651;40;491;2016-11-22;2016-11-22;47.366552;8.548399
652;40;512;2016-11-23;2016-11-23;47.366552;8.548399
653;40;522;2016-11-24;2016-11-24;47.366552;8.548399
654;40;577;2016-11-25;2016-11-25;47.366552;8.548399
655;40;470;2016-11-26;2016-11-26;47.366552;8.548399
656;40;465;2016-11-27;2016-11-27;47.366552;8.548399
657;40;642;2016-11-28;2016-11-28;47.366552;8.548399
658;40;638;2016-11-29;2016-11-29;47.366552;8.548399
659;40;659;2016-11-30;2016-11-30;47.366552;8.548399
660;40;5;2016-12-01;2016-12-01;47.366552;8.548399
661;41;625;2016-11-21;2016-11-21;53.168;8.627204
662;41;804;2016-11-22;2016-11-22;53.168;8.627204
663;41;693;2016-11-23;2016-11-23;53.168;8.627204
664;41;902;2016-11-24;2016-11-24;53.168;8.627204
665;41;785;2016-11-25;2016-11-25;53.168;8.627204
666;41;1107;2016-11-26;2016-11-26;53.168;8.627204
667;41;0;2016-11-27;2016-11-27;53.168;8.627204
668;41;867;2016-11-28;2016-11-28;53.168;8.627204
669;41;902;2016-11-29;2016-11-29;53.168;8.627204
670;41;969;2016-11-30;2016-11-30;53.168;8.627204
671;41;0;2016-12-01;2016-12-01;53.168;8.627204
672;42;1412;2016-11-21;2016-11-21;53.54099;8.57885
673;42;1481;2016-11-22;2016-11-22;53.54099;8.57885
674;42;1522;2016-11-23;2016-11-23;53.54099;8.57885
675;42;1648;2016-11-24;2016-11-24;53.54099;8.57885
676;42;2088;2016-11-25;2016-11-25;53.54099;8.57885
677;42;3095;2016-11-26;2016-11-26;53.54099;8.57885
678;42;0;2016-11-27;2016-11-27;53.54099;8.57885
679;42;1789;2016-11-28;2016-11-28;53.54099;8.57885
680;42;1982;2016-11-29;2016-11-29;53.54099;8.57885
681;42;2162;2016-11-30;2016-11-30;53.54099;8.57885
682;42;0;2016-12-01;2016-12-01;53.54099;8.57885
683;43;287;2016-11-21;2016-11-21;53.18423;8.00613
684;43;533;2016-11-22;2016-11-22;53.18423;8.00613
685;43;545;2016-11-23;2016-11-23;53.18423;8.00613
686;43;544;2016-11-24;2016-11-24;53.18423;8.00613
687;43;554;2016-11-25;2016-11-25;53.18423;8.00613
688;43;865;2016-11-26;2016-11-26;53.18423;8.00613
689;43;0;2016-11-27;2016-11-27;53.18423;8.00613
690;43;660;2016-11-28;2016-11-28;53.18423;8.00613
691;43;633;2016-11-29;2016-11-29;53.18423;8.00613
692;43;636;2016-11-30;2016-11-30;53.18423;8.00613
693;43;0;2016-12-01;2016-12-01;53.18423;8.00613
694;44;594;2016-11-21;2016-11-21;53.520171;8.113756
695;44;634;2016-11-22;2016-11-22;53.520171;8.113756
696;44;673;2016-11-23;2016-11-23;53.520171;8.113756
697;44;665;2016-11-24;2016-11-24;53.520171;8.113756
698;44;810;2016-11-25;2016-11-25;53.520171;8.113756
699;44;1262;2016-11-26;2016-11-26;53.520171;8.113756
700;44;6;2016-11-27;2016-11-27;53.520171;8.113756
701;44;687;2016-11-28;2016-11-28;53.520171;8.113756
702;44;782;2016-11-29;2016-11-29;53.520171;8.113756
703;44;777;2016-11-30;2016-11-30;53.520171;8.113756
704;44;0;2016-12-01;2016-12-01;53.520171;8.113756
705;45;1626;2016-11-21;2016-11-21;50.846359;12.935652
706;45;1586;2016-11-22;2016-11-22;50.846359;12.935652
707;45;1631;2016-11-23;2016-11-23;50.846359;12.935652
708;45;1730;2016-11-24;2016-11-24;50.846359;12.935652
709;45;2450;2016-11-25;2016-11-25;50.846359;12.935652
710;45;2517;2016-11-26;2016-11-26;50.846359;12.935652
711;45;0;2016-11-27;2016-11-27;50.846359;12.935652
712;45;1981;2016-11-28;2016-11-28;50.846359;12.935652
713;45;2029;2016-11-29;2016-11-29;50.846359;12.935652
714;45;2225;2016-11-30;2016-11-30;50.846359;12.935652
715;45;0;2016-12-01;2016-12-01;50.846359;12.935652
716;46;631;2016-11-21;2016-11-21;51.1636976;13.4723401
717;46;626;2016-11-22;2016-11-22;51.1636976;13.4723401
718;46;715;2016-11-23;2016-11-23;51.1636976;13.4723401
719;46;623;2016-11-24;2016-11-24;51.1636976;13.4723401
720;46;935;2016-11-25;2016-11-25;51.1636976;13.4723401
721;46;1325;2016-11-26;2016-11-26;51.1636976;13.4723401
722;46;1478;2016-11-27;2016-11-27;51.1636976;13.4723401
723;46;893;2016-11-28;2016-11-28;51.1636976;13.4723401
724;46;1020;2016-11-29;2016-11-29;51.1636976;13.4723401
725;46;976;2016-11-30;2016-11-30;51.1636976;13.4723401
726;46;0;2016-12-01;2016-12-01;51.1636976;13.4723401
727;47;1164;2016-11-21;2016-11-21;51.1509643;14.9837119
728;47;1262;2016-11-22;2016-11-22;51.1509643;14.9837119
729;47;1150;2016-11-23;2016-11-23;51.1509643;14.9837119
730;47;1110;2016-11-24;2016-11-24;51.1509643;14.9837119
731;47;1209;2016-11-25;2016-11-25;51.1509643;14.9837119
732;47;1071;2016-11-26;2016-11-26;51.1509643;14.9837119
733;47;0;2016-11-27;2016-11-27;51.1509643;14.9837119
734;47;1327;2016-11-28;2016-11-28;51.1509643;14.9837119
735;47;1392;2016-11-29;2016-11-29;51.1509643;14.9837119
736;47;1330;2016-11-30;2016-11-30;51.1509643;14.9837119
737;47;0;2016-12-01;2016-12-01;51.1509643;14.9837119
738;48;666;2016-11-21;2016-11-21;53.06525;14.272225
739;48;733;2016-11-22;2016-11-22;53.06525;14.272225
740;48;670;2016-11-23;2016-11-23;53.06525;14.272225
741;48;688;2016-11-24;2016-11-24;53.06525;14.272225
742;48;1207;2016-11-25;2016-11-25;53.06525;14.272225
743;48;1331;2016-11-26;2016-11-26;53.06525;14.272225
744;48;0;2016-11-27;2016-11-27;53.06525;14.272225
745;48;1022;2016-11-28;2016-11-28;53.06525;14.272225
746;48;796;2016-11-29;2016-11-29;53.06525;14.272225
747;48;978;2016-11-30;2016-11-30;53.06525;14.272225
748;48;0;2016-12-01;2016-12-01;53.06525;14.272225
749;49;1055;2016-11-21;2016-11-21;52.5051255;13.3095649
750;49;1014;2016-11-22;2016-11-22;52.5051255;13.3095649
751;49;972;2016-11-23;2016-11-23;52.5051255;13.3095649
752;49;1045;2016-11-24;2016-11-24;52.5051255;13.3095649
753;49;1726;2016-11-25;2016-11-25;52.5051255;13.3095649
754;49;1979;2016-11-26;2016-11-26;52.5051255;13.3095649
755;49;0;2016-11-27;2016-11-27;52.5051255;13.3095649
756;49;1312;2016-11-28;2016-11-28;52.5051255;13.3095649
757;49;1264;2016-11-29;2016-11-29;52.5051255;13.3095649
758;49;1441;2016-11-30;2016-11-30;52.5051255;13.3095649
759;49;0;2016-12-01;2016-12-01;52.5051255;13.3095649
760;105;1085;2016-11-21;2016-11-21;51.6131592;7.5237871
761;105;1352;2016-11-22;2016-11-22;51.6131592;7.5237871
762;105;1296;2016-11-23;2016-11-23;51.6131592;7.5237871
763;105;1259;2016-11-24;2016-11-24;51.6131592;7.5237871
764;105;1582;2016-11-25;2016-11-25;51.6131592;7.5237871
765;105;1997;2016-11-26;2016-11-26;51.6131592;7.5237871
766;105;0;2016-11-27;2016-11-27;51.6131592;7.5237871
767;105;1219;2016-11-28;2016-11-28;51.6131592;7.5237871
768;105;1614;2016-11-29;2016-11-29;51.6131592;7.5237871
769;105;1460;2016-11-30;2016-11-30;51.6131592;7.5237871
770;105;0;2016-12-01;2016-12-01;51.6131592;7.5237871
771;51;741;2016-11-21;2016-11-21;52.086;8.74532
772;51;1011;2016-11-22;2016-11-22;52.086;8.74532
773;51;1030;2016-11-23;2016-11-23;52.086;8.74532
774;51;1054;2016-11-24;2016-11-24;52.086;8.74532
775;51;1227;2016-11-25;2016-11-25;52.086;8.74532
776;51;1999;2016-11-26;2016-11-26;52.086;8.74532
777;51;0;2016-11-27;2016-11-27;52.086;8.74532
778;51;1167;2016-11-28;2016-11-28;52.086;8.74532
779;51;1249;2016-11-29;2016-11-29;52.086;8.74532
780;51;1097;2016-11-30;2016-11-30;52.086;8.74532
781;51;0;2016-12-01;2016-12-01;52.086;8.74532
782;52;643;2016-11-21;2016-11-21;52.02845;8.89839
783;52;715;2016-11-22;2016-11-22;52.02845;8.89839
784;52;838;2016-11-23;2016-11-23;52.02845;8.89839
785;52;744;2016-11-24;2016-11-24;52.02845;8.89839
786;52;1007;2016-11-25;2016-11-25;52.02845;8.89839
787;52;1000;2016-11-26;2016-11-26;52.02845;8.89839
788;52;0;2016-11-27;2016-11-27;52.02845;8.89839
789;52;743;2016-11-28;2016-11-28;52.02845;8.89839
790;52;794;2016-11-29;2016-11-29;52.02845;8.89839
791;52;900;2016-11-30;2016-11-30;52.02845;8.89839
792;52;0;2016-12-01;2016-12-01;52.02845;8.89839
793;53;667;2016-11-21;2016-11-21;53.0800676;8.8943595
794;53;744;2016-11-22;2016-11-22;53.0800676;8.8943595
795;53;670;2016-11-23;2016-11-23;53.0800676;8.8943595
796;53;741;2016-11-24;2016-11-24;53.0800676;8.8943595
797;53;697;2016-11-25;2016-11-25;53.0800676;8.8943595
798;53;782;2016-11-26;2016-11-26;53.0800676;8.8943595
799;53;9;2016-11-27;2016-11-27;53.0800676;8.8943595
800;53;783;2016-11-28;2016-11-28;53.0800676;8.8943595
801;53;810;2016-11-29;2016-11-29;53.0800676;8.8943595
802;53;913;2016-11-30;2016-11-30;53.0800676;8.8943595
803;53;0;2016-12-01;2016-12-01;53.0800676;8.8943595
804;54;757;2016-11-21;2016-11-21;53.0632963;8.8692902
805;54;859;2016-11-22;2016-11-22;53.0632963;8.8692902
806;54;702;2016-11-23;2016-11-23;53.0632963;8.8692902
807;54;800;2016-11-24;2016-11-24;53.0632963;8.8692902
808;54;921;2016-11-25;2016-11-25;53.0632963;8.8692902
809;54;1186;2016-11-26;2016-11-26;53.0632963;8.8692902
810;54;0;2016-11-27;2016-11-27;53.0632963;8.8692902
811;54;896;2016-11-28;2016-11-28;53.0632963;8.8692902
812;54;989;2016-11-29;2016-11-29;53.0632963;8.8692902
813;54;1001;2016-11-30;2016-11-30;53.0632963;8.8692902
814;54;0;2016-12-01;2016-12-01;53.0632963;8.8692902
815;55;816;2016-11-21;2016-11-21;53.1107681;8.7482217
816;55;925;2016-11-22;2016-11-22;53.1107681;8.7482217
817;55;912;2016-11-23;2016-11-23;53.1107681;8.7482217
818;55;871;2016-11-24;2016-11-24;53.1107681;8.7482217
819;55;1608;2016-11-25;2016-11-25;53.1107681;8.7482217
820;55;2917;2016-11-26;2016-11-26;53.1107681;8.7482217
821;55;16;2016-11-27;2016-11-27;53.1107681;8.7482217
822;55;1010;2016-11-28;2016-11-28;53.1107681;8.7482217
823;55;1107;2016-11-29;2016-11-29;53.1107681;8.7482217
824;55;1227;2016-11-30;2016-11-30;53.1107681;8.7482217
825;55;0;2016-12-01;2016-12-01;53.1107681;8.7482217
826;56;926;2016-11-21;2016-11-21;50.647237;11.3595341
827;56;963;2016-11-22;2016-11-22;50.647237;11.3595341
828;56;833;2016-11-23;2016-11-23;50.647237;11.3595341
829;56;1035;2016-11-24;2016-11-24;50.647237;11.3595341
830;56;998;2016-11-25;2016-11-25;50.647237;11.3595341
831;56;980;2016-11-26;2016-11-26;50.647237;11.3595341
832;56;0;2016-11-27;2016-11-27;50.647237;11.3595341
833;56;894;2016-11-28;2016-11-28;50.647237;11.3595341
834;56;1086;2016-11-29;2016-11-29;50.647237;11.3595341
835;56;963;2016-11-30;2016-11-30;50.647237;11.3595341
836;56;9;2016-12-01;2016-12-01;50.647237;11.3595341
837;57;823;2016-11-21;2016-11-21;51.7931037;11.7434754
838;57;980;2016-11-22;2016-11-22;51.7931037;11.7434754
839;57;875;2016-11-23;2016-11-23;51.7931037;11.7434754
840;57;909;2016-11-24;2016-11-24;51.7931037;11.7434754
841;57;1707;2016-11-25;2016-11-25;51.7931037;11.7434754
842;57;709;2016-11-26;2016-11-26;51.7931037;11.7434754
843;57;0;2016-11-27;2016-11-27;51.7931037;11.7434754
844;57;988;2016-11-28;2016-11-28;51.7931037;11.7434754
845;57;1074;2016-11-29;2016-11-29;51.7931037;11.7434754
846;57;1074;2016-11-30;2016-11-30;51.7931037;11.7434754
847;57;0;2016-12-01;2016-12-01;51.7931037;11.7434754
848;58;1509;2016-11-21;2016-11-21;52.2130895;8.8116361
849;58;1493;2016-11-22;2016-11-22;52.2130895;8.8116361
850;58;1495;2016-11-23;2016-11-23;52.2130895;8.8116361
851;58;1977;2016-11-24;2016-11-24;52.2130895;8.8116361
852;58;2163;2016-11-25;2016-11-25;52.2130895;8.8116361
853;58;3520;2016-11-26;2016-11-26;52.2130895;8.8116361
854;58;0;2016-11-27;2016-11-27;52.2130895;8.8116361
855;58;1769;2016-11-28;2016-11-28;52.2130895;8.8116361
856;58;1985;2016-11-29;2016-11-29;52.2130895;8.8116361
857;58;2224;2016-11-30;2016-11-30;52.2130895;8.8116361
858;58;0;2016-12-01;2016-12-01;52.2130895;8.8116361
859;59;1309;2016-11-21;2016-11-21;50.7187609;12.4924857
860;59;1289;2016-11-22;2016-11-22;50.7187609;12.4924857
861;59;1248;2016-11-23;2016-11-23;50.7187609;12.4924857
862;59;1193;2016-11-24;2016-11-24;50.7187609;12.4924857
863;59;1635;2016-11-25;2016-11-25;50.7187609;12.4924857
864;59;1965;2016-11-26;2016-11-26;50.7187609;12.4924857
865;59;0;2016-11-27;2016-11-27;50.7187609;12.4924857
866;59;1607;2016-11-28;2016-11-28;50.7187609;12.4924857
867;59;1652;2016-11-29;2016-11-29;50.7187609;12.4924857
868;59;1691;2016-11-30;2016-11-30;50.7187609;12.4924857
869;59;0;2016-12-01;2016-12-01;50.7187609;12.4924857
870;60;311;2016-11-21;2016-11-21;53.32665;8.48015
871;60;298;2016-11-22;2016-11-22;53.32665;8.48015
872;60;308;2016-11-23;2016-11-23;53.32665;8.48015
873;60;248;2016-11-24;2016-11-24;53.32665;8.48015
874;60;251;2016-11-25;2016-11-25;53.32665;8.48015
875;60;169;2016-11-26;2016-11-26;53.32665;8.48015
876;60;0;2016-11-27;2016-11-27;53.32665;8.48015
877;60;324;2016-11-28;2016-11-28;53.32665;8.48015
878;60;317;2016-11-29;2016-11-29;53.32665;8.48015
879;60;346;2016-11-30;2016-11-30;53.32665;8.48015
880;60;0;2016-12-01;2016-12-01;53.32665;8.48015
881;61;637;2016-11-21;2016-11-21;53.86045;8.69905
882;61;671;2016-11-22;2016-11-22;53.86045;8.69905
883;61;629;2016-11-23;2016-11-23;53.86045;8.69905
884;61;691;2016-11-24;2016-11-24;53.86045;8.69905
885;61;728;2016-11-25;2016-11-25;53.86045;8.69905
886;61;933;2016-11-26;2016-11-26;53.86045;8.69905
887;61;0;2016-11-27;2016-11-27;53.86045;8.69905
888;61;731;2016-11-28;2016-11-28;53.86045;8.69905
889;61;790;2016-11-29;2016-11-29;53.86045;8.69905
890;61;546;2016-11-30;2016-11-30;53.86045;8.69905
891;61;0;2016-12-01;2016-12-01;53.86045;8.69905
892;62;621;2016-11-21;2016-11-21;53.3960116;8.1385626
893;62;634;2016-11-22;2016-11-22;53.3960116;8.1385626
894;62;737;2016-11-23;2016-11-23;53.3960116;8.1385626
895;62;768;2016-11-24;2016-11-24;53.3960116;8.1385626
896;62;767;2016-11-25;2016-11-25;53.3960116;8.1385626
897;62;919;2016-11-26;2016-11-26;53.3960116;8.1385626
898;62;0;2016-11-27;2016-11-27;53.3960116;8.1385626
899;62;785;2016-11-28;2016-11-28;53.3960116;8.1385626
900;62;809;2016-11-29;2016-11-29;53.3960116;8.1385626
901;62;927;2016-11-30;2016-11-30;53.3960116;8.1385626
902;62;0;2016-12-01;2016-12-01;53.3960116;8.1385626
903;63;457;2016-11-21;2016-11-21;53.4666642;7.4825859
904;63;446;2016-11-22;2016-11-22;53.4666642;7.4825859
905;63;514;2016-11-23;2016-11-23;53.4666642;7.4825859
906;63;528;2016-11-24;2016-11-24;53.4666642;7.4825859
907;63;629;2016-11-25;2016-11-25;53.4666642;7.4825859
908;63;589;2016-11-26;2016-11-26;53.4666642;7.4825859
909;63;109;2016-11-27;2016-11-27;53.4666642;7.4825859
910;63;577;2016-11-28;2016-11-28;53.4666642;7.4825859
911;63;606;2016-11-29;2016-11-29;53.4666642;7.4825859
912;63;632;2016-11-30;2016-11-30;53.4666642;7.4825859
913;63;0;2016-12-01;2016-12-01;53.4666642;7.4825859
914;64;349;2016-11-21;2016-11-21;53.5767054;7.7808936
915;64;414;2016-11-22;2016-11-22;53.5767054;7.7808936
916;64;392;2016-11-23;2016-11-23;53.5767054;7.7808936
917;64;385;2016-11-24;2016-11-24;53.5767054;7.7808936
918;64;450;2016-11-25;2016-11-25;53.5767054;7.7808936
919;64;305;2016-11-26;2016-11-26;53.5767054;7.7808936
920;64;0;2016-11-27;2016-11-27;53.5767054;7.7808936
921;64;434;2016-11-28;2016-11-28;53.5767054;7.7808936
922;64;409;2016-11-29;2016-11-29;53.5767054;7.7808936
923;64;497;2016-11-30;2016-11-30;53.5767054;7.7808936
924;64;0;2016-12-01;2016-12-01;53.5767054;7.7808936
925;66;861;2016-11-21;2016-11-21;51.3404772;7.0457438
926;66;1043;2016-11-22;2016-11-22;51.3404772;7.0457438
927;66;934;2016-11-23;2016-11-23;51.3404772;7.0457438
928;66;912;2016-11-24;2016-11-24;51.3404772;7.0457438
929;66;1439;2016-11-25;2016-11-25;51.3404772;7.0457438
930;66;1106;2016-11-26;2016-11-26;51.3404772;7.0457438
931;66;0;2016-11-27;2016-11-27;51.3404772;7.0457438
932;66;1258;2016-11-28;2016-11-28;51.3404772;7.0457438
933;66;1258;2016-11-29;2016-11-29;51.3404772;7.0457438
934;66;1182;2016-11-30;2016-11-30;51.3404772;7.0457438
935;66;0;2016-12-01;2016-12-01;51.3404772;7.0457438
936;67;1505;2016-11-21;2016-11-21;51.1714587;7.0814986
937;67;1700;2016-11-22;2016-11-22;51.1714587;7.0814986
938;67;1454;2016-11-23;2016-11-23;51.1714587;7.0814986
939;67;1604;2016-11-24;2016-11-24;51.1714587;7.0814986
940;67;2431;2016-11-25;2016-11-25;51.1714587;7.0814986
941;67;3517;2016-11-26;2016-11-26;51.1714587;7.0814986
942;67;0;2016-11-27;2016-11-27;51.1714587;7.0814986
943;67;2246;2016-11-28;2016-11-28;51.1714587;7.0814986
944;67;2193;2016-11-29;2016-11-29;51.1714587;7.0814986
945;67;2189;2016-11-30;2016-11-30;51.1714587;7.0814986
946;67;0;2016-12-01;2016-12-01;51.1714587;7.0814986
947;68;1084;2016-11-21;2016-11-21;51.1114433;6.9477513
948;68;1164;2016-11-22;2016-11-22;51.1114433;6.9477513
949;68;1101;2016-11-23;2016-11-23;51.1114433;6.9477513
950;68;1136;2016-11-24;2016-11-24;51.1114433;6.9477513
951;68;1651;2016-11-25;2016-11-25;51.1114433;6.9477513
952;68;1504;2016-11-26;2016-11-26;51.1114433;6.9477513
953;68;1309;2016-11-27;2016-11-27;51.1114433;6.9477513
954;68;1277;2016-11-28;2016-11-28;51.1114433;6.9477513
955;68;1368;2016-11-29;2016-11-29;51.1114433;6.9477513
956;68;1450;2016-11-30;2016-11-30;51.1114433;6.9477513
957;68;2;2016-12-01;2016-12-01;51.1114433;6.9477513
958;69;1085;2016-11-21;2016-11-21;51.5625827;6.736969
959;69;1273;2016-11-22;2016-11-22;51.5625827;6.736969
960;69;1268;2016-11-23;2016-11-23;51.5625827;6.736969
961;69;1179;2016-11-24;2016-11-24;51.5625827;6.736969
962;69;1601;2016-11-25;2016-11-25;51.5625827;6.736969
963;69;1420;2016-11-26;2016-11-26;51.5625827;6.736969
964;69;0;2016-11-27;2016-11-27;51.5625827;6.736969
965;69;1383;2016-11-28;2016-11-28;51.5625827;6.736969
966;69;1473;2016-11-29;2016-11-29;51.5625827;6.736969
967;69;1593;2016-11-30;2016-11-30;51.5625827;6.736969
968;69;0;2016-12-01;2016-12-01;51.5625827;6.736969
969;70;1293;2016-11-21;2016-11-21;51.201107;6.7188046
970;70;1070;2016-11-22;2016-11-22;51.201107;6.7188046
971;70;1194;2016-11-23;2016-11-23;51.201107;6.7188046
972;70;1063;2016-11-24;2016-11-24;51.201107;6.7188046
973;70;2093;2016-11-25;2016-11-25;51.201107;6.7188046
974;70;2966;2016-11-26;2016-11-26;51.201107;6.7188046
975;70;2632;2016-11-27;2016-11-27;51.201107;6.7188046
976;70;1291;2016-11-28;2016-11-28;51.201107;6.7188046
977;70;1495;2016-11-29;2016-11-29;51.201107;6.7188046
978;70;1592;2016-11-30;2016-11-30;51.201107;6.7188046
979;70;0;2016-12-01;2016-12-01;51.201107;6.7188046
980;71;1269;2016-11-21;2016-11-21;51.1687076;6.9341696
981;71;1730;2016-11-22;2016-11-22;51.1687076;6.9341696
982;71;1625;2016-11-23;2016-11-23;51.1687076;6.9341696
983;71;1574;2016-11-24;2016-11-24;51.1687076;6.9341696
984;71;2188;2016-11-25;2016-11-25;51.1687076;6.9341696
985;71;2916;2016-11-26;2016-11-26;51.1687076;6.9341696
986;71;0;2016-11-27;2016-11-27;51.1687076;6.9341696
987;71;1716;2016-11-28;2016-11-28;51.1687076;6.9341696
988;71;1873;2016-11-29;2016-11-29;51.1687076;6.9341696
989;71;1988;2016-11-30;2016-11-30;51.1687076;6.9341696
990;71;0;2016-12-01;2016-12-01;51.1687076;6.9341696
991;72;574;2016-11-21;2016-11-21;52.2783761;7.438211
992;72;884;2016-11-22;2016-11-22;52.2783761;7.438211
993;72;875;2016-11-23;2016-11-23;52.2783761;7.438211
994;72;902;2016-11-24;2016-11-24;52.2783761;7.438211
995;72;1155;2016-11-25;2016-11-25;52.2783761;7.438211
996;72;1492;2016-11-26;2016-11-26;52.2783761;7.438211
997;72;0;2016-11-27;2016-11-27;52.2783761;7.438211
998;72;816;2016-11-28;2016-11-28;52.2783761;7.438211
999;72;830;2016-11-29;2016-11-29;52.2783761;7.438211
1000;72;868;2016-11-30;2016-11-30;52.2783761;7.438211
1001;72;0;2016-12-01;2016-12-01;52.2783761;7.438211
1002;73;2161;2016-11-21;2016-11-21;51.45142;6.6262013
1003;73;2000;2016-11-22;2016-11-22;51.45142;6.6262013
1004;73;2097;2016-11-23;2016-11-23;51.45142;6.6262013
1005;73;2309;2016-11-24;2016-11-24;51.45142;6.6262013
1006;73;3215;2016-11-25;2016-11-25;51.45142;6.6262013
1007;73;3281;2016-11-26;2016-11-26;51.45142;6.6262013
1008;73;54;2016-11-27;2016-11-27;51.45142;6.6262013
1009;73;2445;2016-11-28;2016-11-28;51.45142;6.6262013
1010;73;2671;2016-11-29;2016-11-29;51.45142;6.6262013
1011;73;2840;2016-11-30;2016-11-30;51.45142;6.6262013
1012;73;0;2016-12-01;2016-12-01;51.45142;6.6262013
1013;74;999;2016-11-21;2016-11-21;51.021104;6.8936104
1014;74;1008;2016-11-22;2016-11-22;51.021104;6.8936104
1015;74;984;2016-11-23;2016-11-23;51.021104;6.8936104
1016;74;978;2016-11-24;2016-11-24;51.021104;6.8936104
1017;74;1215;2016-11-25;2016-11-25;51.021104;6.8936104
1018;74;1437;2016-11-26;2016-11-26;51.021104;6.8936104
1019;74;0;2016-11-27;2016-11-27;51.021104;6.8936104
1020;74;1088;2016-11-28;2016-11-28;51.021104;6.8936104
1021;74;1331;2016-11-29;2016-11-29;51.021104;6.8936104
1022;74;1401;2016-11-30;2016-11-30;51.021104;6.8936104
1023;74;0;2016-12-01;2016-12-01;51.021104;6.8936104
1024;75;988;2016-11-21;2016-11-21;50.9389789;6.9982495
1025;75;1046;2016-11-22;2016-11-22;50.9389789;6.9982495
1026;75;1072;2016-11-23;2016-11-23;50.9389789;6.9982495
1027;75;970;2016-11-24;2016-11-24;50.9389789;6.9982495
1028;75;1647;2016-11-25;2016-11-25;50.9389789;6.9982495
1029;75;2173;2016-11-26;2016-11-26;50.9389789;6.9982495
1030;75;0;2016-11-27;2016-11-27;50.9389789;6.9982495
1031;75;1278;2016-11-28;2016-11-28;50.9389789;6.9982495
1032;75;1308;2016-11-29;2016-11-29;50.9389789;6.9982495
1033;75;1414;2016-11-30;2016-11-30;50.9389789;6.9982495
1034;75;0;2016-12-01;2016-12-01;50.9389789;6.9982495
1035;76;3902;2016-11-21;2016-11-21;50.7357278;7.0998756
1036;76;4198;2016-11-22;2016-11-22;50.7357278;7.0998756
1037;76;4358;2016-11-23;2016-11-23;50.7357278;7.0998756
1038;76;4298;2016-11-24;2016-11-24;50.7357278;7.0998756
1039;76;5439;2016-11-25;2016-11-25;50.7357278;7.0998756
1040;76;7891;2016-11-26;2016-11-26;50.7357278;7.0998756
1041;76;1;2016-11-27;2016-11-27;50.7357278;7.0998756
1042;76;4475;2016-11-28;2016-11-28;50.7357278;7.0998756
1043;76;4548;2016-11-29;2016-11-29;50.7357278;7.0998756
1044;76;5181;2016-11-30;2016-11-30;50.7357278;7.0998756
1045;76;0;2016-12-01;2016-12-01;50.7357278;7.0998756
1046;77;1356;2016-11-21;2016-11-21;51.2082785;6.7729777
1047;77;1339;2016-11-22;2016-11-22;51.2082785;6.7729777
1048;77;1395;2016-11-23;2016-11-23;51.2082785;6.7729777
1049;77;1338;2016-11-24;2016-11-24;51.2082785;6.7729777
1050;77;1830;2016-11-25;2016-11-25;51.2082785;6.7729777
1051;77;2420;2016-11-26;2016-11-26;51.2082785;6.7729777
1052;77;0;2016-11-27;2016-11-27;51.2082785;6.7729777
1053;77;1459;2016-11-28;2016-11-28;51.2082785;6.7729777
1054;77;1447;2016-11-29;2016-11-29;51.2082785;6.7729777
1055;77;1706;2016-11-30;2016-11-30;51.2082785;6.7729777
1056;77;0;2016-12-01;2016-12-01;51.2082785;6.7729777
1057;79;2267;2016-11-21;2016-11-21;51.4388774;6.9538875
1058;79;1916;2016-11-22;2016-11-22;51.4388774;6.9538875
1059;79;2121;2016-11-23;2016-11-23;51.4388774;6.9538875
1060;79;1710;2016-11-24;2016-11-24;51.4388774;6.9538875
1061;79;2986;2016-11-25;2016-11-25;51.4388774;6.9538875
1062;79;3818;2016-11-26;2016-11-26;51.4388774;6.9538875
1063;79;0;2016-11-27;2016-11-27;51.4388774;6.9538875
1064;79;2466;2016-11-28;2016-11-28;51.4388774;6.9538875
1065;79;2373;2016-11-29;2016-11-29;51.4388774;6.9538875
1066;79;2827;2016-11-30;2016-11-30;51.4388774;6.9538875
1067;79;0;2016-12-01;2016-12-01;51.4388774;6.9538875
1068;80;1371;2016-11-21;2016-11-21;51.4284993;6.8835408
1069;80;1439;2016-11-22;2016-11-22;51.4284993;6.8835408
1070;80;1427;2016-11-23;2016-11-23;51.4284993;6.8835408
1071;80;1438;2016-11-24;2016-11-24;51.4284993;6.8835408
1072;80;1446;2016-11-25;2016-11-25;51.4284993;6.8835408
1073;80;1318;2016-11-26;2016-11-26;51.4284993;6.8835408
1074;80;885;2016-11-27;2016-11-27;51.4284993;6.8835408
1075;80;1325;2016-11-28;2016-11-28;51.4284993;6.8835408
1076;80;1691;2016-11-29;2016-11-29;51.4284993;6.8835408
1077;80;1714;2016-11-30;2016-11-30;51.4284993;6.8835408
1078;80;0;2016-12-01;2016-12-01;51.4284993;6.8835408
1079;81;1228;2016-11-21;2016-11-21;49.0066223;8.4003246
1080;81;1089;2016-11-22;2016-11-22;49.0066223;8.4003246
1081;81;1211;2016-11-23;2016-11-23;49.0066223;8.4003246
1082;81;1648;2016-11-24;2016-11-24;49.0066223;8.4003246
1083;81;2003;2016-11-25;2016-11-25;49.0066223;8.4003246
1084;81;2669;2016-11-26;2016-11-26;49.0066223;8.4003246
1085;81;0;2016-11-27;2016-11-27;49.0066223;8.4003246
1086;81;1490;2016-11-28;2016-11-28;49.0066223;8.4003246
1087;81;1594;2016-11-29;2016-11-29;49.0066223;8.4003246
1088;81;1797;2016-11-30;2016-11-30;49.0066223;8.4003246
1089;81;0;2016-12-01;2016-12-01;49.0066223;8.4003246
1090;82;2095;2016-11-21;2016-11-21;51.18139;7.1835913
1091;82;2182;2016-11-22;2016-11-22;51.18139;7.1835913
1092;82;2184;2016-11-23;2016-11-23;51.18139;7.1835913
1093;82;2195;2016-11-24;2016-11-24;51.18139;7.1835913
1094;82;2617;2016-11-25;2016-11-25;51.18139;7.1835913
1095;82;3436;2016-11-26;2016-11-26;51.18139;7.1835913
1096;82;0;2016-11-27;2016-11-27;51.18139;7.1835913
1097;82;2437;2016-11-28;2016-11-28;51.18139;7.1835913
1098;82;2501;2016-11-29;2016-11-29;51.18139;7.1835913
1099;82;2838;2016-11-30;2016-11-30;51.18139;7.1835913
1100;82;0;2016-12-01;2016-12-01;51.18139;7.1835913
1101;83;1069;2016-11-21;2016-11-21;51.5137952;7.4566698
1102;83;1103;2016-11-22;2016-11-22;51.5137952;7.4566698
1103;83;1021;2016-11-23;2016-11-23;51.5137952;7.4566698
1104;83;1146;2016-11-24;2016-11-24;51.5137952;7.4566698
1105;83;2293;2016-11-25;2016-11-25;51.5137952;7.4566698
1106;83;2921;2016-11-26;2016-11-26;51.5137952;7.4566698
1107;83;0;2016-11-27;2016-11-27;51.5137952;7.4566698
1108;83;1473;2016-11-28;2016-11-28;51.5137952;7.4566698
1109;83;1392;2016-11-29;2016-11-29;51.5137952;7.4566698
1110;83;1638;2016-11-30;2016-11-30;51.5137952;7.4566698
1111;83;0;2016-12-01;2016-12-01;51.5137952;7.4566698
1112;84;1995;2016-11-21;2016-11-21;50.9369715;6.8320997
1113;84;1899;2016-11-22;2016-11-22;50.9369715;6.8320997
1114;84;2017;2016-11-23;2016-11-23;50.9369715;6.8320997
1115;84;1719;2016-11-24;2016-11-24;50.9369715;6.8320997
1116;84;3109;2016-11-25;2016-11-25;50.9369715;6.8320997
1117;84;3507;2016-11-26;2016-11-26;50.9369715;6.8320997
1118;84;0;2016-11-27;2016-11-27;50.9369715;6.8320997
1119;84;2266;2016-11-28;2016-11-28;50.9369715;6.8320997
1120;84;2440;2016-11-29;2016-11-29;50.9369715;6.8320997
1121;84;2555;2016-11-30;2016-11-30;50.9369715;6.8320997
1122;84;0;2016-12-01;2016-12-01;50.9369715;6.8320997
1123;85;569;2016-11-21;2016-11-21;48.3938902;10.0027027
1124;85;531;2016-11-22;2016-11-22;48.3938902;10.0027027
1125;85;600;2016-11-23;2016-11-23;48.3938902;10.0027027
1126;85;578;2016-11-24;2016-11-24;48.3938902;10.0027027
1127;85;1085;2016-11-25;2016-11-25;48.3938902;10.0027027
1128;85;1316;2016-11-26;2016-11-26;48.3938902;10.0027027
1129;85;0;2016-11-27;2016-11-27;48.3938902;10.0027027
1130;85;707;2016-11-28;2016-11-28;48.3938902;10.0027027
1131;85;710;2016-11-29;2016-11-29;48.3938902;10.0027027
1132;85;784;2016-11-30;2016-11-30;48.3938902;10.0027027
1133;85;0;2016-12-01;2016-12-01;48.3938902;10.0027027
1134;86;1304;2016-11-21;2016-11-21;50.6606534;6.786726
1135;86;1329;2016-11-22;2016-11-22;50.6606534;6.786726
1136;86;1307;2016-11-23;2016-11-23;50.6606534;6.786726
1137;86;1429;2016-11-24;2016-11-24;50.6606534;6.786726
1138;86;1912;2016-11-25;2016-11-25;50.6606534;6.786726
1139;86;1862;2016-11-26;2016-11-26;50.6606534;6.786726
1140;86;0;2016-11-27;2016-11-27;50.6606534;6.786726
1141;86;1570;2016-11-28;2016-11-28;50.6606534;6.786726
1142;86;1704;2016-11-29;2016-11-29;50.6606534;6.786726
1143;86;1537;2016-11-30;2016-11-30;50.6606534;6.786726
1144;86;0;2016-12-01;2016-12-01;50.6606534;6.786726
1145;87;762;2016-11-21;2016-11-21;51.3051428;13.3001766
1146;87;632;2016-11-22;2016-11-22;51.3051428;13.3001766
1147;87;694;2016-11-23;2016-11-23;51.3051428;13.3001766
1148;87;636;2016-11-24;2016-11-24;51.3051428;13.3001766
1149;87;826;2016-11-25;2016-11-25;51.3051428;13.3001766
1150;87;532;2016-11-26;2016-11-26;51.3051428;13.3001766
1151;87;0;2016-11-27;2016-11-27;51.3051428;13.3001766
1152;87;755;2016-11-28;2016-11-28;51.3051428;13.3001766
1153;87;776;2016-11-29;2016-11-29;51.3051428;13.3001766
1154;87;670;2016-11-30;2016-11-30;51.3051428;13.3001766
1155;87;0;2016-12-01;2016-12-01;51.3051428;13.3001766
1156;90;1644;2016-11-21;2016-11-21;52.5432643;13.5426524
1157;90;1494;2016-11-22;2016-11-22;52.5432643;13.5426524
1158;90;1633;2016-11-23;2016-11-23;52.5432643;13.5426524
1159;90;1521;2016-11-24;2016-11-24;52.5432643;13.5426524
1160;90;2403;2016-11-25;2016-11-25;52.5432643;13.5426524
1161;90;2860;2016-11-26;2016-11-26;52.5432643;13.5426524
1162;90;0;2016-11-27;2016-11-27;52.5432643;13.5426524
1163;90;1850;2016-11-28;2016-11-28;52.5432643;13.5426524
1164;90;1969;2016-11-29;2016-11-29;52.5432643;13.5426524
1165;90;2309;2016-11-30;2016-11-30;52.5432643;13.5426524
1166;90;0;2016-12-01;2016-12-01;52.5432643;13.5426524
1167;91;840;2016-11-21;2016-11-21;52.5496691;13.597549
1168;91;765;2016-11-22;2016-11-22;52.5496691;13.597549
1169;91;793;2016-11-23;2016-11-23;52.5496691;13.597549
1170;91;860;2016-11-24;2016-11-24;52.5496691;13.597549
1171;91;1194;2016-11-25;2016-11-25;52.5496691;13.597549
1172;91;1377;2016-11-26;2016-11-26;52.5496691;13.597549
1173;91;0;2016-11-27;2016-11-27;52.5496691;13.597549
1174;91;1010;2016-11-28;2016-11-28;52.5496691;13.597549
1175;91;1041;2016-11-29;2016-11-29;52.5496691;13.597549
1176;91;1153;2016-11-30;2016-11-30;52.5496691;13.597549
1177;91;0;2016-12-01;2016-12-01;52.5496691;13.597549
1178;92;1674;2016-11-21;2016-11-21;52.584299;13.2849904
1179;92;1656;2016-11-22;2016-11-22;52.584299;13.2849904
1180;92;1536;2016-11-23;2016-11-23;52.584299;13.2849904
1181;92;1609;2016-11-24;2016-11-24;52.584299;13.2849904
1182;92;2715;2016-11-25;2016-11-25;52.584299;13.2849904
1183;92;2934;2016-11-26;2016-11-26;52.584299;13.2849904
1184;92;0;2016-11-27;2016-11-27;52.584299;13.2849904
1185;92;2049;2016-11-28;2016-11-28;52.584299;13.2849904
1186;92;1918;2016-11-29;2016-11-29;52.584299;13.2849904
1187;92;2095;2016-11-30;2016-11-30;52.584299;13.2849904
1188;92;0;2016-12-01;2016-12-01;52.584299;13.2849904
1189;89;1222;2016-11-21;2016-11-21;51.8680485;12.6416695
1190;89;1264;2016-11-22;2016-11-22;51.8680485;12.6416695
1191;89;1534;2016-11-23;2016-11-23;51.8680485;12.6416695
1192;89;1335;2016-11-24;2016-11-24;51.8680485;12.6416695
1193;89;1744;2016-11-25;2016-11-25;51.8680485;12.6416695
1194;89;2395;2016-11-26;2016-11-26;51.8680485;12.6416695
1195;89;2;2016-11-27;2016-11-27;51.8680485;12.6416695
1196;89;1540;2016-11-28;2016-11-28;51.8680485;12.6416695
1197;89;1638;2016-11-29;2016-11-29;51.8680485;12.6416695
1198;89;1845;2016-11-30;2016-11-30;51.8680485;12.6416695
1199;89;6;2016-12-01;2016-12-01;51.8680485;12.6416695
1200;78;810;2016-11-21;2016-11-21;51.4964914;7.0045746
1201;78;824;2016-11-22;2016-11-22;51.4964914;7.0045746
1202;78;839;2016-11-23;2016-11-23;51.4964914;7.0045746
1203;78;784;2016-11-24;2016-11-24;51.4964914;7.0045746
1204;78;1031;2016-11-25;2016-11-25;51.4964914;7.0045746
1205;78;1010;2016-11-26;2016-11-26;51.4964914;7.0045746
1206;78;1020;2016-11-27;2016-11-27;51.4964914;7.0045746
1207;78;934;2016-11-28;2016-11-28;51.4964914;7.0045746
1208;78;1124;2016-11-29;2016-11-29;51.4964914;7.0045746
1209;78;1188;2016-11-30;2016-11-30;51.4964914;7.0045746
1210;78;0;2016-12-01;2016-12-01;51.4964914;7.0045746
1211;93;1948;2016-11-21;2016-11-21;52.5339287;13.194507
1212;93;1879;2016-11-22;2016-11-22;52.5339287;13.194507
1213;93;1911;2016-11-23;2016-11-23;52.5339287;13.194507
1214;93;2071;2016-11-24;2016-11-24;52.5339287;13.194507
1215;93;2653;2016-11-25;2016-11-25;52.5339287;13.194507
1216;93;3183;2016-11-26;2016-11-26;52.5339287;13.194507
1217;93;0;2016-11-27;2016-11-27;52.5339287;13.194507
1218;93;2276;2016-11-28;2016-11-28;52.5339287;13.194507
1219;93;2412;2016-11-29;2016-11-29;52.5339287;13.194507
1220;93;2740;2016-11-30;2016-11-30;52.5339287;13.194507
1221;93;0;2016-12-01;2016-12-01;52.5339287;13.194507
1222;99;1822;2016-11-21;2016-11-21;52.5698147;13.4017006
1223;99;1932;2016-11-22;2016-11-22;52.5698147;13.4017006
1224;99;1989;2016-11-23;2016-11-23;52.5698147;13.4017006
1225;99;1950;2016-11-24;2016-11-24;52.5698147;13.4017006
1226;99;2099;2016-11-25;2016-11-25;52.5698147;13.4017006
1227;99;2671;2016-11-26;2016-11-26;52.5698147;13.4017006
1228;99;0;2016-11-27;2016-11-27;52.5698147;13.4017006
1229;99;2079;2016-11-28;2016-11-28;52.5698147;13.4017006
1230;99;2337;2016-11-29;2016-11-29;52.5698147;13.4017006
1231;99;2558;2016-11-30;2016-11-30;52.5698147;13.4017006
1232;99;0;2016-12-01;2016-12-01;52.5698147;13.4017006
1233;103;1514;2016-11-21;2016-11-21;52.1602373;11.6032795
1234;103;1389;2016-11-22;2016-11-22;52.1602373;11.6032795
1235;103;1587;2016-11-23;2016-11-23;52.1602373;11.6032795
1236;103;1621;2016-11-24;2016-11-24;52.1602373;11.6032795
1237;103;2328;2016-11-25;2016-11-25;52.1602373;11.6032795
1238;103;2797;2016-11-26;2016-11-26;52.1602373;11.6032795
1239;103;1531;2016-11-27;2016-11-27;52.1602373;11.6032795
1240;103;1807;2016-11-28;2016-11-28;52.1602373;11.6032795
1241;103;2045;2016-11-29;2016-11-29;52.1602373;11.6032795
1242;103;2146;2016-11-30;2016-11-30;52.1602373;11.6032795
1243;103;0;2016-12-01;2016-12-01;52.1602373;11.6032795
1244;107;847;2016-11-21;2016-11-21;51.3745461;7.6970716
1245;107;1088;2016-11-22;2016-11-22;51.3745461;7.6970716
1246;107;1136;2016-11-23;2016-11-23;51.3745461;7.6970716
1247;107;968;2016-11-24;2016-11-24;51.3745461;7.6970716
1248;107;1228;2016-11-25;2016-11-25;51.3745461;7.6970716
1249;107;1811;2016-11-26;2016-11-26;51.3745461;7.6970716
1250;107;0;2016-11-27;2016-11-27;51.3745461;7.6970716
1251;107;1076;2016-11-28;2016-11-28;51.3745461;7.6970716
1252;107;1225;2016-11-29;2016-11-29;51.3745461;7.6970716
1253;107;1395;2016-11-30;2016-11-30;51.3745461;7.6970716
1254;107;15;2016-12-01;2016-12-01;51.3745461;7.6970716
1255;94;1843;2016-11-21;2016-11-21;52.5486934;13.4115797
1256;94;2027;2016-11-22;2016-11-22;52.5486934;13.4115797
1257;94;2067;2016-11-23;2016-11-23;52.5486934;13.4115797
1258;94;2024;2016-11-24;2016-11-24;52.5486934;13.4115797
1259;94;2514;2016-11-25;2016-11-25;52.5486934;13.4115797
1260;94;2896;2016-11-26;2016-11-26;52.5486934;13.4115797
1261;94;0;2016-11-27;2016-11-27;52.5486934;13.4115797
1262;94;2322;2016-11-28;2016-11-28;52.5486934;13.4115797
1263;94;2424;2016-11-29;2016-11-29;52.5486934;13.4115797
1264;94;2401;2016-11-30;2016-11-30;52.5486934;13.4115797
1265;94;10;2016-12-01;2016-12-01;52.5486934;13.4115797
1266;95;2150;2016-11-21;2016-11-21;52.5137761;13.4733715
1267;95;2265;2016-11-22;2016-11-22;52.5137761;13.4733715
1268;95;2203;2016-11-23;2016-11-23;52.5137761;13.4733715
1269;95;2258;2016-11-24;2016-11-24;52.5137761;13.4733715
1270;95;2743;2016-11-25;2016-11-25;52.5137761;13.4733715
1271;95;2656;2016-11-26;2016-11-26;52.5137761;13.4733715
1272;95;0;2016-11-27;2016-11-27;52.5137761;13.4733715
1273;95;2434;2016-11-28;2016-11-28;52.5137761;13.4733715
1274;95;2605;2016-11-29;2016-11-29;52.5137761;13.4733715
1275;95;2761;2016-11-30;2016-11-30;52.5137761;13.4733715
1276;95;0;2016-12-01;2016-12-01;52.5137761;13.4733715
1277;97;1847;2016-11-21;2016-11-21;52.4579822;13.3188921
1278;97;1669;2016-11-22;2016-11-22;52.4579822;13.3188921
1279;97;1709;2016-11-23;2016-11-23;52.4579822;13.3188921
1280;97;1680;2016-11-24;2016-11-24;52.4579822;13.3188921
1281;97;2514;2016-11-25;2016-11-25;52.4579822;13.3188921
1282;97;3069;2016-11-26;2016-11-26;52.4579822;13.3188921
1283;97;0;2016-11-27;2016-11-27;52.4579822;13.3188921
1284;97;2038;2016-11-28;2016-11-28;52.4579822;13.3188921
1285;97;2108;2016-11-29;2016-11-29;52.4579822;13.3188921
1286;97;2151;2016-11-30;2016-11-30;52.4579822;13.3188921
1287;97;0;2016-12-01;2016-12-01;52.4579822;13.3188921
1288;96;883;2016-11-21;2016-11-21;53.06123;9.17148
1289;96;868;2016-11-22;2016-11-22;53.06123;9.17148
1290;96;1101;2016-11-23;2016-11-23;53.06123;9.17148
1291;96;1346;2016-11-24;2016-11-24;53.06123;9.17148
1292;96;1704;2016-11-25;2016-11-25;53.06123;9.17148
1293;96;2748;2016-11-26;2016-11-26;53.06123;9.17148
1294;96;0;2016-11-27;2016-11-27;53.06123;9.17148
1295;96;1370;2016-11-28;2016-11-28;53.06123;9.17148
1296;96;1367;2016-11-29;2016-11-29;53.06123;9.17148
1297;96;1573;2016-11-30;2016-11-30;53.06123;9.17148
1298;96;0;2016-12-01;2016-12-01;53.06123;9.17148
1299;98;1176;2016-11-21;2016-11-21;51.6819471;7.8128959
1300;98;1026;2016-11-22;2016-11-22;51.6819471;7.8128959
1301;98;1163;2016-11-23;2016-11-23;51.6819471;7.8128959
1302;98;1190;2016-11-24;2016-11-24;51.6819471;7.8128959
1303;98;2147;2016-11-25;2016-11-25;51.6819471;7.8128959
1304;98;2322;2016-11-26;2016-11-26;51.6819471;7.8128959
1305;98;0;2016-11-27;2016-11-27;51.6819471;7.8128959
1306;98;1395;2016-11-28;2016-11-28;51.6819471;7.8128959
1307;98;1470;2016-11-29;2016-11-29;51.6819471;7.8128959
1308;98;1622;2016-11-30;2016-11-30;51.6819471;7.8128959
1309;98;0;2016-12-01;2016-12-01;51.6819471;7.8128959
1310;101;1620;2016-11-21;2016-11-21;52.5496122;13.386111
1311;101;1652;2016-11-22;2016-11-22;52.5496122;13.386111
1312;101;1729;2016-11-23;2016-11-23;52.5496122;13.386111
1313;101;1666;2016-11-24;2016-11-24;52.5496122;13.386111
1314;101;2285;2016-11-25;2016-11-25;52.5496122;13.386111
1315;101;2402;2016-11-26;2016-11-26;52.5496122;13.386111
1316;101;0;2016-11-27;2016-11-27;52.5496122;13.386111
1317;101;1948;2016-11-28;2016-11-28;52.5496122;13.386111
1318;101;2134;2016-11-29;2016-11-29;52.5496122;13.386111
1319;101;2184;2016-11-30;2016-11-30;52.5496122;13.386111
1320;101;0;2016-12-01;2016-12-01;52.5496122;13.386111
1321;100;2010;2016-11-21;2016-11-21;52.4581631;13.5753083
1322;100;2001;2016-11-22;2016-11-22;52.4581631;13.5753083
1323;100;2070;2016-11-23;2016-11-23;52.4581631;13.5753083
1324;100;2012;2016-11-24;2016-11-24;52.4581631;13.5753083
1325;100;2527;2016-11-25;2016-11-25;52.4581631;13.5753083
1326;100;2820;2016-11-26;2016-11-26;52.4581631;13.5753083
1327;100;0;2016-11-27;2016-11-27;52.4581631;13.5753083
1328;100;2383;2016-11-28;2016-11-28;52.4581631;13.5753083
1329;100;2473;2016-11-29;2016-11-29;52.4581631;13.5753083
1330;100;2612;2016-11-30;2016-11-30;52.4581631;13.5753083
1331;100;0;2016-12-01;2016-12-01;52.4581631;13.5753083
1332;88;1674;2016-11-21;2016-11-21;53.4560722;9.9849593
1333;88;1730;2016-11-22;2016-11-22;53.4560722;9.9849593
1334;88;1770;2016-11-23;2016-11-23;53.4560722;9.9849593
1335;88;1872;2016-11-24;2016-11-24;53.4560722;9.9849593
1336;88;2677;2016-11-25;2016-11-25;53.4560722;9.9849593
1337;88;3127;2016-11-26;2016-11-26;53.4560722;9.9849593
1338;88;0;2016-11-27;2016-11-27;53.4560722;9.9849593
1339;88;2086;2016-11-28;2016-11-28;53.4560722;9.9849593
1340;88;2274;2016-11-29;2016-11-29;53.4560722;9.9849593
1341;88;2363;2016-11-30;2016-11-30;53.4560722;9.9849593
1342;88;1;2016-12-01;2016-12-01;53.4560722;9.9849593
1343;65;490;2016-11-21;2016-11-21;53.2610209;7.4578071
1344;65;468;2016-11-22;2016-11-22;53.2610209;7.4578071
1345;65;534;2016-11-23;2016-11-23;53.2610209;7.4578071
1346;65;429;2016-11-24;2016-11-24;53.2610209;7.4578071
1347;65;709;2016-11-25;2016-11-25;53.2610209;7.4578071
1348;65;879;2016-11-26;2016-11-26;53.2610209;7.4578071
1349;65;8;2016-11-27;2016-11-27;53.2610209;7.4578071
1350;65;526;2016-11-28;2016-11-28;53.2610209;7.4578071
1351;65;533;2016-11-29;2016-11-29;53.2610209;7.4578071
1352;65;629;2016-11-30;2016-11-30;53.2610209;7.4578071
1353;65;0;2016-12-01;2016-12-01;53.2610209;7.4578071
1354;104;584;2016-11-21;2016-11-21;52.5924693;11.493781
1355;104;612;2016-11-22;2016-11-22;52.5924693;11.493781
1356;104;668;2016-11-23;2016-11-23;52.5924693;11.493781
1357;104;600;2016-11-24;2016-11-24;52.5924693;11.493781
1358;104;797;2016-11-25;2016-11-25;52.5924693;11.493781
1359;104;560;2016-11-26;2016-11-26;52.5924693;11.493781
1360;104;0;2016-11-27;2016-11-27;52.5924693;11.493781
1361;104;726;2016-11-28;2016-11-28;52.5924693;11.493781
1362;104;796;2016-11-29;2016-11-29;52.5924693;11.493781
1363;104;600;2016-11-30;2016-11-30;52.5924693;11.493781
1364;104;0;2016-12-01;2016-12-01;52.5924693;11.493781
1365;102;282;2016-11-21;2016-11-21;53.0631037;8.7696568
1366;102;301;2016-11-22;2016-11-22;53.0631037;8.7696568
1367;102;329;2016-11-23;2016-11-23;53.0631037;8.7696568
1368;102;247;2016-11-24;2016-11-24;53.0631037;8.7696568
1369;102;507;2016-11-25;2016-11-25;53.0631037;8.7696568
1370;102;497;2016-11-26;2016-11-26;53.0631037;8.7696568
1371;102;0;2016-11-27;2016-11-27;53.0631037;8.7696568
1372;102;396;2016-11-28;2016-11-28;53.0631037;8.7696568
1373;102;327;2016-11-29;2016-11-29;53.0631037;8.7696568
1374;102;426;2016-11-30;2016-11-30;53.0631037;8.7696568
1375;102;0;2016-12-01;2016-12-01;53.0631037;8.7696568
1376;106;1387;2016-11-21;2016-11-21;52.523954;13.345434
1377;106;1240;2016-11-22;2016-11-22;52.523954;13.345434
1378;106;1353;2016-11-23;2016-11-23;52.523954;13.345434
1379;106;1506;2016-11-24;2016-11-24;52.523954;13.345434
1380;106;2618;2016-11-25;2016-11-25;52.523954;13.345434
1381;106;3517;2016-11-26;2016-11-26;52.523954;13.345434
1382;106;0;2016-11-27;2016-11-27;52.523954;13.345434
1383;106;1717;2016-11-28;2016-11-28;52.523954;13.345434
1384;106;1794;2016-11-29;2016-11-29;52.523954;13.345434
1385;106;1957;2016-11-30;2016-11-30;52.523954;13.345434
1386;106;0;2016-12-01;2016-12-01;52.523954;13.345434
1387;108;1712;2016-11-21;2016-11-21;51.4898807;6.8780579
1388;108;1785;2016-11-22;2016-11-22;51.4898807;6.8780579
1389;108;1990;2016-11-23;2016-11-23;51.4898807;6.8780579
1390;108;1939;2016-11-24;2016-11-24;51.4898807;6.8780579
1391;108;3119;2016-11-25;2016-11-25;51.4898807;6.8780579
1392;108;4035;2016-11-26;2016-11-26;51.4898807;6.8780579
1393;108;0;2016-11-27;2016-11-27;51.4898807;6.8780579
1394;108;2442;2016-11-28;2016-11-28;51.4898807;6.8780579
1395;108;2519;2016-11-29;2016-11-29;51.4898807;6.8780579
1396;108;2842;2016-11-30;2016-11-30;51.4898807;6.8780579
1397;108;0;2016-12-01;2016-12-01;51.4898807;6.8780579
1398;50;2615;2016-11-21;2016-11-21;52.5339185;9.1147769
1399;50;3070;2016-11-22;2016-11-22;52.5339185;9.1147769
1400;50;3111;2016-11-23;2016-11-23;52.5339185;9.1147769
1401;50;2988;2016-11-24;2016-11-24;52.5339185;9.1147769
1402;50;4365;2016-11-25;2016-11-25;52.5339185;9.1147769
1403;50;5721;2016-11-26;2016-11-26;52.5339185;9.1147769
1404;50;12;2016-11-27;2016-11-27;52.5339185;9.1147769
1405;50;3523;2016-11-28;2016-11-28;52.5339185;9.1147769
1406;50;3752;2016-11-29;2016-11-29;52.5339185;9.1147769
1407;50;3973;2016-11-30;2016-11-30;52.5339185;9.1147769
1408;50;0;2016-12-01;2016-12-01;52.5339185;9.1147769
1409;110;1787;2016-11-21;2016-11-21;53.5713232;9.8603613
1410;110;1790;2016-11-22;2016-11-22;53.5713232;9.8603613
1411;110;1768;2016-11-23;2016-11-23;53.5713232;9.8603613
1412;110;1784;2016-11-24;2016-11-24;53.5713232;9.8603613
1413;110;3223;2016-11-25;2016-11-25;53.5713232;9.8603613
1414;110;3666;2016-11-26;2016-11-26;53.5713232;9.8603613
1415;110;0;2016-11-27;2016-11-27;53.5713232;9.8603613
1416;110;2072;2016-11-28;2016-11-28;53.5713232;9.8603613
1417;110;2222;2016-11-29;2016-11-29;53.5713232;9.8603613
1418;110;2589;2016-11-30;2016-11-30;53.5713232;9.8603613
1419;110;0;2016-12-01;2016-12-01;53.5713232;9.8603613
1420;111;2508;2016-11-21;2016-11-21;53.572836;10.0641836
1421;111;2636;2016-11-22;2016-11-22;53.572836;10.0641836
1422;111;2547;2016-11-23;2016-11-23;53.572836;10.0641836
1423;111;2901;2016-11-24;2016-11-24;53.572836;10.0641836
1424;111;3755;2016-11-25;2016-11-25;53.572836;10.0641836
1425;111;4527;2016-11-26;2016-11-26;53.572836;10.0641836
1426;111;7;2016-11-27;2016-11-27;53.572836;10.0641836
1427;111;3181;2016-11-28;2016-11-28;53.572836;10.0641836
1428;111;3246;2016-11-29;2016-11-29;53.572836;10.0641836
1429;111;3408;2016-11-30;2016-11-30;53.572836;10.0641836
1430;111;0;2016-12-01;2016-12-01;53.572836;10.0641836
1431;113;370;2016-11-21;2016-11-21;53.3685058;7.2038874
1432;113;385;2016-11-22;2016-11-22;53.3685058;7.2038874
1433;113;468;2016-11-23;2016-11-23;53.3685058;7.2038874
1434;113;464;2016-11-24;2016-11-24;53.3685058;7.2038874
1435;113;558;2016-11-25;2016-11-25;53.3685058;7.2038874
1436;113;739;2016-11-26;2016-11-26;53.3685058;7.2038874
1437;113;0;2016-11-27;2016-11-27;53.3685058;7.2038874
1438;113;518;2016-11-28;2016-11-28;53.3685058;7.2038874
1439;113;527;2016-11-29;2016-11-29;53.3685058;7.2038874
1440;113;548;2016-11-30;2016-11-30;53.3685058;7.2038874
1441;113;0;2016-12-01;2016-12-01;53.3685058;7.2038874
1442;115;2228;2016-11-21;2016-11-21;51.25782;7.15013
1443;115;2287;2016-11-22;2016-11-22;51.25782;7.15013
1444;115;2295;2016-11-23;2016-11-23;51.25782;7.15013
1445;115;2243;2016-11-24;2016-11-24;51.25782;7.15013
1446;115;2929;2016-11-25;2016-11-25;51.25782;7.15013
1447;115;3722;2016-11-26;2016-11-26;51.25782;7.15013
1448;115;0;2016-11-27;2016-11-27;51.25782;7.15013
1449;115;2760;2016-11-28;2016-11-28;51.25782;7.15013
1450;115;2698;2016-11-29;2016-11-29;51.25782;7.15013
1451;115;2909;2016-11-30;2016-11-30;51.25782;7.15013
1452;115;0;2016-12-01;2016-12-01;51.25782;7.15013
1453;116;813;2016-11-21;2016-11-21;52.523954;13.345434
1454;116;981;2016-11-22;2016-11-22;52.523954;13.345434
1455;116;871;2016-11-23;2016-11-23;52.523954;13.345434
1456;116;1602;2016-11-24;2016-11-24;52.523954;13.345434
1457;116;1081;2016-11-25;2016-11-25;52.523954;13.345434
1458;116;1517;2016-11-26;2016-11-26;52.523954;13.345434
1459;116;0;2016-11-27;2016-11-27;52.523954;13.345434
1460;116;1112;2016-11-28;2016-11-28;52.523954;13.345434
1461;116;1090;2016-11-29;2016-11-29;52.523954;13.345434
1462;116;1136;2016-11-30;2016-11-30;52.523954;13.345434
1463;116;0;2016-12-01;2016-12-01;52.523954;13.345434
1464;114;5221;2016-11-21;2016-11-21;52.5199023;13.4126004
1465;114;5077;2016-11-22;2016-11-22;52.5199023;13.4126004
1466;114;5279;2016-11-23;2016-11-23;52.5199023;13.4126004
1467;114;5754;2016-11-24;2016-11-24;52.5199023;13.4126004
1468;114;10088;2016-11-25;2016-11-25;52.5199023;13.4126004
1469;114;11894;2016-11-26;2016-11-26;52.5199023;13.4126004
1470;114;0;2016-11-27;2016-11-27;52.5199023;13.4126004
1471;114;6677;2016-11-28;2016-11-28;52.5199023;13.4126004
1472;114;6324;2016-11-29;2016-11-29;52.5199023;13.4126004
1473;114;7049;2016-11-30;2016-11-30;52.5199023;13.4126004
1474;114;0;2016-12-01;2016-12-01;52.5199023;13.4126004
1475;118;3176;2016-11-21;2016-11-21;53.5511226997;9.99460392188
1476;118;3230;2016-11-22;2016-11-22;53.5511226997;9.99460392188
1477;118;3350;2016-11-23;2016-11-23;53.5511226997;9.99460392188
1478;118;3284;2016-11-24;2016-11-24;53.5511226997;9.99460392188
1479;118;4735;2016-11-25;2016-11-25;53.5511226997;9.99460392188
1480;118;6234;2016-11-26;2016-11-26;53.5511226997;9.99460392188
1481;118;0;2016-11-27;2016-11-27;53.5511226997;9.99460392188
1482;118;3608;2016-11-28;2016-11-28;53.5511226997;9.99460392188
1483;118;3643;2016-11-29;2016-11-29;53.5511226997;9.99460392188
1484;118;4310;2016-11-30;2016-11-30;53.5511226997;9.99460392188
1485;118;0;2016-12-01;2016-12-01;53.5511226997;9.99460392188
1486;121;1116;2016-11-21;2016-11-21;51.94426;7.165734
1487;121;1189;2016-11-22;2016-11-22;51.94426;7.165734
1488;121;1162;2016-11-23;2016-11-23;51.94426;7.165734
1489;121;1220;2016-11-24;2016-11-24;51.94426;7.165734
1490;121;1591;2016-11-25;2016-11-25;51.94426;7.165734
1491;121;1505;2016-11-26;2016-11-26;51.94426;7.165734
1492;121;0;2016-11-27;2016-11-27;51.94426;7.165734
1493;121;1475;2016-11-28;2016-11-28;51.94426;7.165734
1494;121;1502;2016-11-29;2016-11-29;51.94426;7.165734
1495;121;1352;2016-11-30;2016-11-30;51.94426;7.165734
1496;121;4;2016-12-01;2016-12-01;51.94426;7.165734
1497;139;3735;2016-11-21;2016-11-21;51.314721;9.4945283
1498;139;3659;2016-11-22;2016-11-22;51.314721;9.4945283
1499;139;3937;2016-11-23;2016-11-23;51.314721;9.4945283
1500;139;3966;2016-11-24;2016-11-24;51.314721;9.4945283
1501;139;5480;2016-11-25;2016-11-25;51.314721;9.4945283
1502;139;7500;2016-11-26;2016-11-26;51.314721;9.4945283
1503;139;0;2016-11-27;2016-11-27;51.314721;9.4945283
1504;139;4340;2016-11-28;2016-11-28;51.314721;9.4945283
1505;139;4778;2016-11-29;2016-11-29;51.314721;9.4945283
1506;139;5140;2016-11-30;2016-11-30;51.314721;9.4945283
1507;139;1;2016-12-01;2016-12-01;51.314721;9.4945283
1508;122;1310;2016-11-21;2016-11-21;51.3443494;12.175217
1509;122;1306;2016-11-22;2016-11-22;51.3443494;12.175217
1510;122;1415;2016-11-23;2016-11-23;51.3443494;12.175217
1511;122;1400;2016-11-24;2016-11-24;51.3443494;12.175217
1512;122;3269;2016-11-25;2016-11-25;51.3443494;12.175217
1513;122;3268;2016-11-26;2016-11-26;51.3443494;12.175217
1514;122;1485;2016-11-27;2016-11-27;51.3443494;12.175217
1515;122;1929;2016-11-28;2016-11-28;51.3443494;12.175217
1516;122;1598;2016-11-29;2016-11-29;51.3443494;12.175217
1517;122;1817;2016-11-30;2016-11-30;51.3443494;12.175217
1518;122;0;2016-12-01;2016-12-01;51.3443494;12.175217
1519;140;2520;2016-11-21;2016-11-21;51.5336585;9.9333258
1520;140;2680;2016-11-22;2016-11-22;51.5336585;9.9333258
1521;140;2920;2016-11-23;2016-11-23;51.5336585;9.9333258
1522;140;3027;2016-11-24;2016-11-24;51.5336585;9.9333258
1523;140;3820;2016-11-25;2016-11-25;51.5336585;9.9333258
1524;140;5666;2016-11-26;2016-11-26;51.5336585;9.9333258
1525;140;0;2016-11-27;2016-11-27;51.5336585;9.9333258
1526;140;3155;2016-11-28;2016-11-28;51.5336585;9.9333258
1527;140;3468;2016-11-29;2016-11-29;51.5336585;9.9333258
1528;140;3525;2016-11-30;2016-11-30;51.5336585;9.9333258
1529;140;0;2016-12-01;2016-12-01;51.5336585;9.9333258
1530;120;1310;2016-11-21;2016-11-21;51.4801795;11.9191212
1531;120;1411;2016-11-22;2016-11-22;51.4801795;11.9191212
1532;120;1247;2016-11-23;2016-11-23;51.4801795;11.9191212
1533;120;1230;2016-11-24;2016-11-24;51.4801795;11.9191212
1534;120;1523;2016-11-25;2016-11-25;51.4801795;11.9191212
1535;120;1674;2016-11-26;2016-11-26;51.4801795;11.9191212
1536;120;0;2016-11-27;2016-11-27;51.4801795;11.9191212
1537;120;1367;2016-11-28;2016-11-28;51.4801795;11.9191212
1538;120;1745;2016-11-29;2016-11-29;51.4801795;11.9191212
1539;120;1640;2016-11-30;2016-11-30;51.4801795;11.9191212
1540;120;0;2016-12-01;2016-12-01;51.4801795;11.9191212
1541;123;1091;2016-11-21;2016-11-21;52.2759113;7.7129331
1542;123;1141;2016-11-22;2016-11-22;52.2759113;7.7129331
1543;123;1135;2016-11-23;2016-11-23;52.2759113;7.7129331
1544;123;1220;2016-11-24;2016-11-24;52.2759113;7.7129331
1545;123;1717;2016-11-25;2016-11-25;52.2759113;7.7129331
1546;123;1741;2016-11-26;2016-11-26;52.2759113;7.7129331
1547;123;0;2016-11-27;2016-11-27;52.2759113;7.7129331
1548;123;1363;2016-11-28;2016-11-28;52.2759113;7.7129331
1549;123;1424;2016-11-29;2016-11-29;52.2759113;7.7129331
1550;123;1418;2016-11-30;2016-11-30;52.2759113;7.7129331
1551;123;0;2016-12-01;2016-12-01;52.2759113;7.7129331
1552;124;1901;2016-11-21;2016-11-21;52.4223087;10.786425
1553;124;2079;2016-11-22;2016-11-22;52.4223087;10.786425
1554;124;2210;2016-11-23;2016-11-23;52.4223087;10.786425
1555;124;2288;2016-11-24;2016-11-24;52.4223087;10.786425
1556;124;3192;2016-11-25;2016-11-25;52.4223087;10.786425
1557;124;3711;2016-11-26;2016-11-26;52.4223087;10.786425
1558;124;0;2016-11-27;2016-11-27;52.4223087;10.786425
1559;124;2428;2016-11-28;2016-11-28;52.4223087;10.786425
1560;124;2488;2016-11-29;2016-11-29;52.4223087;10.786425
1561;124;2870;2016-11-30;2016-11-30;52.4223087;10.786425
1562;124;0;2016-12-01;2016-12-01;52.4223087;10.786425
1563;125;1498;2016-11-21;2016-11-21;51.8340868;12.2446439
1564;125;1563;2016-11-22;2016-11-22;51.8340868;12.2446439
1565;125;1666;2016-11-23;2016-11-23;51.8340868;12.2446439
1566;125;1474;2016-11-24;2016-11-24;51.8340868;12.2446439
1567;125;2408;2016-11-25;2016-11-25;51.8340868;12.2446439
1568;125;2436;2016-11-26;2016-11-26;51.8340868;12.2446439
1569;125;0;2016-11-27;2016-11-27;51.8340868;12.2446439
1570;125;1821;2016-11-28;2016-11-28;51.8340868;12.2446439
1571;125;2027;2016-11-29;2016-11-29;51.8340868;12.2446439
1572;125;1982;2016-11-30;2016-11-30;51.8340868;12.2446439
1573;125;0;2016-12-01;2016-12-01;51.8340868;12.2446439
1574;126;595;2016-11-21;2016-11-21;52.8451707;8.0408615
1575;126;657;2016-11-22;2016-11-22;52.8451707;8.0408615
1576;126;649;2016-11-23;2016-11-23;52.8451707;8.0408615
1577;126;769;2016-11-24;2016-11-24;52.8451707;8.0408615
1578;126;906;2016-11-25;2016-11-25;52.8451707;8.0408615
1579;126;1298;2016-11-26;2016-11-26;52.8451707;8.0408615
1580;126;8;2016-11-27;2016-11-27;52.8451707;8.0408615
1581;126;773;2016-11-28;2016-11-28;52.8451707;8.0408615
1582;126;779;2016-11-29;2016-11-29;52.8451707;8.0408615
1583;126;1081;2016-11-30;2016-11-30;52.8451707;8.0408615
1584;126;0;2016-12-01;2016-12-01;52.8451707;8.0408615
1585;127;400;2016-11-21;2016-11-21;51.5280549;11.5474489
1586;127;477;2016-11-22;2016-11-22;51.5280549;11.5474489
1587;127;404;2016-11-23;2016-11-23;51.5280549;11.5474489
1588;127;417;2016-11-24;2016-11-24;51.5280549;11.5474489
1589;127;402;2016-11-25;2016-11-25;51.5280549;11.5474489
1590;127;151;2016-11-26;2016-11-26;51.5280549;11.5474489
1591;127;0;2016-11-27;2016-11-27;51.5280549;11.5474489
1592;127;426;2016-11-28;2016-11-28;51.5280549;11.5474489
1593;127;430;2016-11-29;2016-11-29;51.5280549;11.5474489
1594;127;481;2016-11-30;2016-11-30;51.5280549;11.5474489
1595;127;0;2016-12-01;2016-12-01;51.5280549;11.5474489
1596;128;2121;2016-11-21;2016-11-21;50.9287877;11.5847756
1597;128;2288;2016-11-22;2016-11-22;50.9287877;11.5847756
1598;128;2258;2016-11-23;2016-11-23;50.9287877;11.5847756
1599;128;2341;2016-11-24;2016-11-24;50.9287877;11.5847756
1600;128;3116;2016-11-25;2016-11-25;50.9287877;11.5847756
1601;128;3092;2016-11-26;2016-11-26;50.9287877;11.5847756
1602;128;0;2016-11-27;2016-11-27;50.9287877;11.5847756
1603;128;2405;2016-11-28;2016-11-28;50.9287877;11.5847756
1604;128;2705;2016-11-29;2016-11-29;50.9287877;11.5847756
1605;128;2675;2016-11-30;2016-11-30;50.9287877;11.5847756
1606;128;1;2016-12-01;2016-12-01;50.9287877;11.5847756
1607;129;984;2016-11-21;2016-11-21;52.5198361;7.3165198
1608;129;1088;2016-11-22;2016-11-22;52.5198361;7.3165198
1609;129;1215;2016-11-23;2016-11-23;52.5198361;7.3165198
1610;129;1156;2016-11-24;2016-11-24;52.5198361;7.3165198
1611;129;1829;2016-11-25;2016-11-25;52.5198361;7.3165198
1612;129;2618;2016-11-26;2016-11-26;52.5198361;7.3165198
1613;129;0;2016-11-27;2016-11-27;52.5198361;7.3165198
1614;129;1382;2016-11-28;2016-11-28;52.5198361;7.3165198
1615;129;1440;2016-11-29;2016-11-29;52.5198361;7.3165198
1616;129;1716;2016-11-30;2016-11-30;52.5198361;7.3165198
1617;129;0;2016-12-01;2016-12-01;52.5198361;7.3165198
1618;130;2824;2016-11-21;2016-11-21;51.7170629;8.7512595
1619;130;2976;2016-11-22;2016-11-22;51.7170629;8.7512595
1620;130;3299;2016-11-23;2016-11-23;51.7170629;8.7512595
1621;130;3078;2016-11-24;2016-11-24;51.7170629;8.7512595
1622;130;4071;2016-11-25;2016-11-25;51.7170629;8.7512595
1623;130;6851;2016-11-26;2016-11-26;51.7170629;8.7512595
1624;130;4187;2016-11-27;2016-11-27;51.7170629;8.7512595
1625;130;3424;2016-11-28;2016-11-28;51.7170629;8.7512595
1626;130;3552;2016-11-29;2016-11-29;51.7170629;8.7512595
1627;130;3993;2016-11-30;2016-11-30;51.7170629;8.7512595
1628;130;0;2016-12-01;2016-12-01;51.7170629;8.7512595
1629;131;1077;2016-11-21;2016-11-21;50.97509;10.32132
1630;131;1403;2016-11-22;2016-11-22;50.97509;10.32132
1631;131;1187;2016-11-23;2016-11-23;50.97509;10.32132
1632;131;1206;2016-11-24;2016-11-24;50.97509;10.32132
1633;131;1543;2016-11-25;2016-11-25;50.97509;10.32132
1634;131;1602;2016-11-26;2016-11-26;50.97509;10.32132
1635;131;7;2016-11-27;2016-11-27;50.97509;10.32132
1636;131;1253;2016-11-28;2016-11-28;50.97509;10.32132
1637;131;1384;2016-11-29;2016-11-29;50.97509;10.32132
1638;131;1342;2016-11-30;2016-11-30;50.97509;10.32132
1639;131;0;2016-12-01;2016-12-01;50.97509;10.32132
1640;132;1120;2016-11-21;2016-11-21;51.6743574;8.3449491
1641;132;1139;2016-11-22;2016-11-22;51.6743574;8.3449491
1642;132;1229;2016-11-23;2016-11-23;51.6743574;8.3449491
1643;132;1273;2016-11-24;2016-11-24;51.6743574;8.3449491
1644;132;3264;2016-11-25;2016-11-25;51.6743574;8.3449491
1645;132;2284;2016-11-26;2016-11-26;51.6743574;8.3449491
1646;132;0;2016-11-27;2016-11-27;51.6743574;8.3449491
1647;132;1413;2016-11-28;2016-11-28;51.6743574;8.3449491
1648;132;1484;2016-11-29;2016-11-29;51.6743574;8.3449491
1649;132;1636;2016-11-30;2016-11-30;51.6743574;8.3449491
1650;132;0;2016-12-01;2016-12-01;51.6743574;8.3449491
1651;133;1387;2016-11-21;2016-11-21;53.6226658;9.9523543
1652;133;1407;2016-11-22;2016-11-22;53.6226658;9.9523543
1653;133;1450;2016-11-23;2016-11-23;53.6226658;9.9523543
1654;133;1610;2016-11-24;2016-11-24;53.6226658;9.9523543
1655;133;1765;2016-11-25;2016-11-25;53.6226658;9.9523543
1656;133;2311;2016-11-26;2016-11-26;53.6226658;9.9523543
1657;133;0;2016-11-27;2016-11-27;53.6226658;9.9523543
1658;133;1682;2016-11-28;2016-11-28;53.6226658;9.9523543
1659;133;1706;2016-11-29;2016-11-29;53.6226658;9.9523543
1660;133;1684;2016-11-30;2016-11-30;53.6226658;9.9523543
1661;133;0;2016-12-01;2016-12-01;53.6226658;9.9523543
1662;134;1279;2016-11-21;2016-11-21;52.2892445;8.9160022
1663;134;1483;2016-11-22;2016-11-22;52.2892445;8.9160022
1664;134;1624;2016-11-23;2016-11-23;52.2892445;8.9160022
1665;134;1609;2016-11-24;2016-11-24;52.2892445;8.9160022
1666;134;2199;2016-11-25;2016-11-25;52.2892445;8.9160022
1667;134;3396;2016-11-26;2016-11-26;52.2892445;8.9160022
1668;134;0;2016-11-27;2016-11-27;52.2892445;8.9160022
1669;134;1794;2016-11-28;2016-11-28;52.2892445;8.9160022
1670;134;2214;2016-11-29;2016-11-29;52.2892445;8.9160022
1671;134;2059;2016-11-30;2016-11-30;52.2892445;8.9160022
1672;134;0;2016-12-01;2016-12-01;52.2892445;8.9160022
1673;137;1611;2016-11-21;2016-11-21;51.5732464;8.104278
1674;137;1759;2016-11-22;2016-11-22;51.5732464;8.104278
1675;137;1938;2016-11-23;2016-11-23;51.5732464;8.104278
1676;137;2071;2016-11-24;2016-11-24;51.5732464;8.104278
1677;137;2484;2016-11-25;2016-11-25;51.5732464;8.104278
1678;137;3551;2016-11-26;2016-11-26;51.5732464;8.104278
1679;137;0;2016-11-27;2016-11-27;51.5732464;8.104278
1680;137;2206;2016-11-28;2016-11-28;51.5732464;8.104278
1681;137;2383;2016-11-29;2016-11-29;51.5732464;8.104278
1682;137;2459;2016-11-30;2016-11-30;51.5732464;8.104278
1683;137;15;2016-12-01;2016-12-01;51.5732464;8.104278
1684;142;1788;2016-11-21;2016-11-21;50.8638901;12.8658731
1685;142;1690;2016-11-22;2016-11-22;50.8638901;12.8658731
1686;142;1860;2016-11-23;2016-11-23;50.8638901;12.8658731
1687;142;1924;2016-11-24;2016-11-24;50.8638901;12.8658731
1688;142;2592;2016-11-25;2016-11-25;50.8638901;12.8658731
1689;142;4258;2016-11-26;2016-11-26;50.8638901;12.8658731
1690;142;0;2016-11-27;2016-11-27;50.8638901;12.8658731
1691;142;2288;2016-11-28;2016-11-28;50.8638901;12.8658731
1692;142;2054;2016-11-29;2016-11-29;50.8638901;12.8658731
1693;142;3165;2016-11-30;2016-11-30;50.8638901;12.8658731
1694;142;0;2016-12-01;2016-12-01;50.8638901;12.8658731
1695;135;423;2016-11-21;2016-11-21;50.7200347;11.3412665
1696;135;410;2016-11-22;2016-11-22;50.7200347;11.3412665
1697;135;489;2016-11-23;2016-11-23;50.7200347;11.3412665
1698;135;440;2016-11-24;2016-11-24;50.7200347;11.3412665
1699;135;411;2016-11-25;2016-11-25;50.7200347;11.3412665
1700;135;366;2016-11-26;2016-11-26;50.7200347;11.3412665
1701;135;649;2016-11-27;2016-11-27;50.7200347;11.3412665
1702;135;366;2016-11-28;2016-11-28;50.7200347;11.3412665
1703;135;432;2016-11-29;2016-11-29;50.7200347;11.3412665
1704;135;537;2016-11-30;2016-11-30;50.7200347;11.3412665
1705;135;0;2016-12-01;2016-12-01;50.7200347;11.3412665
1706;136;3035;2016-11-21;2016-11-21;52.0230688;8.5294267
1707;136;3314;2016-11-22;2016-11-22;52.0230688;8.5294267
1708;136;3306;2016-11-23;2016-11-23;52.0230688;8.5294267
1709;136;3380;2016-11-24;2016-11-24;52.0230688;8.5294267
1710;136;4340;2016-11-25;2016-11-25;52.0230688;8.5294267
1711;136;5637;2016-11-26;2016-11-26;52.0230688;8.5294267
1712;136;0;2016-11-27;2016-11-27;52.0230688;8.5294267
1713;136;3729;2016-11-28;2016-11-28;52.0230688;8.5294267
1714;136;3882;2016-11-29;2016-11-29;52.0230688;8.5294267
1715;136;3909;2016-11-30;2016-11-30;52.0230688;8.5294267
1716;136;0;2016-12-01;2016-12-01;52.0230688;8.5294267
1717;144;1391;2016-11-21;2016-11-21;52.1051408;9.3556977
1718;144;1540;2016-11-22;2016-11-22;52.1051408;9.3556977
1719;144;1724;2016-11-23;2016-11-23;52.1051408;9.3556977
1720;144;1767;2016-11-24;2016-11-24;52.1051408;9.3556977
1721;144;2638;2016-11-25;2016-11-25;52.1051408;9.3556977
1722;144;4958;2016-11-26;2016-11-26;52.1051408;9.3556977
1723;144;0;2016-11-27;2016-11-27;52.1051408;9.3556977
1724;144;2117;2016-11-28;2016-11-28;52.1051408;9.3556977
1725;144;2295;2016-11-29;2016-11-29;52.1051408;9.3556977
1726;144;2540;2016-11-30;2016-11-30;52.1051408;9.3556977
1727;144;0;2016-12-01;2016-12-01;52.1051408;9.3556977
1728;145;3715;2016-11-21;2016-11-21;51.9623946;7.6294908
1729;145;4313;2016-11-22;2016-11-22;51.9623946;7.6294908
1730;145;5066;2016-11-23;2016-11-23;51.9623946;7.6294908
1731;145;4559;2016-11-24;2016-11-24;51.9623946;7.6294908
1732;145;6445;2016-11-25;2016-11-25;51.9623946;7.6294908
1733;145;8819;2016-11-26;2016-11-26;51.9623946;7.6294908
1734;145;0;2016-11-27;2016-11-27;51.9623946;7.6294908
1735;145;5281;2016-11-28;2016-11-28;51.9623946;7.6294908
1736;145;5188;2016-11-29;2016-11-29;51.9623946;7.6294908
1737;145;5841;2016-11-30;2016-11-30;51.9623946;7.6294908
1738;145;0;2016-12-01;2016-12-01;51.9623946;7.6294908
1739;143;1473;2016-11-21;2016-11-21;50.87612;12.0776
1740;143;1580;2016-11-22;2016-11-22;50.87612;12.0776
1741;143;1469;2016-11-23;2016-11-23;50.87612;12.0776
1742;143;1457;2016-11-24;2016-11-24;50.87612;12.0776
1743;143;2156;2016-11-25;2016-11-25;50.87612;12.0776
1744;143;2632;2016-11-26;2016-11-26;50.87612;12.0776
1745;143;1282;2016-11-27;2016-11-27;50.87612;12.0776
1746;143;1726;2016-11-28;2016-11-28;50.87612;12.0776
1747;143;1895;2016-11-29;2016-11-29;50.87612;12.0776
1748;143;1925;2016-11-30;2016-11-30;50.87612;12.0776
1749;143;0;2016-12-01;2016-12-01;50.87612;12.0776
1750;197;1410;2016-11-21;2016-11-21;50.9276307;11.5798317
1751;197;1567;2016-11-22;2016-11-22;50.9276307;11.5798317
1752;197;1512;2016-11-23;2016-11-23;50.9276307;11.5798317
1753;197;1702;2016-11-24;2016-11-24;50.9276307;11.5798317
1754;197;2268;2016-11-25;2016-11-25;50.9276307;11.5798317
1755;197;2323;2016-11-26;2016-11-26;50.9276307;11.5798317
1756;197;2;2016-11-27;2016-11-27;50.9276307;11.5798317
1757;197;1845;2016-11-28;2016-11-28;50.9276307;11.5798317
1758;197;1996;2016-11-29;2016-11-29;50.9276307;11.5798317
1759;197;1992;2016-11-30;2016-11-30;50.9276307;11.5798317
1760;197;8;2016-12-01;2016-12-01;50.9276307;11.5798317
1761;196;1453;2016-11-21;2016-11-21;51.1798389;14.4233251
1762;196;1558;2016-11-22;2016-11-22;51.1798389;14.4233251
1763;196;1533;2016-11-23;2016-11-23;51.1798389;14.4233251
1764;196;1619;2016-11-24;2016-11-24;51.1798389;14.4233251
1765;196;2022;2016-11-25;2016-11-25;51.1798389;14.4233251
1766;196;2557;2016-11-26;2016-11-26;51.1798389;14.4233251
1767;196;0;2016-11-27;2016-11-27;51.1798389;14.4233251
1768;196;2045;2016-11-28;2016-11-28;51.1798389;14.4233251
1769;196;2220;2016-11-29;2016-11-29;51.1798389;14.4233251
1770;196;2043;2016-11-30;2016-11-30;51.1798389;14.4233251
1771;196;0;2016-12-01;2016-12-01;51.1798389;14.4233251
