;index;date;date_time;idbldsite;region_id;day_of_week;day_of_month;day_of_year;month;year;hour;day_0;day_1;day_2;day_3;day_4;day_5;day_6;month_1;month_2;month_3;month_4;month_5;month_6;month_7;month_8;month_9;month_10;month_11;month_12;public_holiday;not_public_holiday;school_holiday;not_school_holiday;cloudamount;mintemperature;maxtemperature;weathersituation;temperature;cloudamount_reg;mintemperature_reg;maxtemperature_reg;weathersituation_reg;temperature_reg;volume
962;0;2016-11-10 00:00:00;2016-11-10 00:00:00;2;5;3;10;315;11;2016;0;0;0;0;1;0;0;0;0;0;0;0;0;0;0;0;0;0;1;0;0;1;0;1;7.0;-0.4;1.8;26.0;0.7;0.973632216202;-1.77885742112;-1.47226146343;0.382463602028;-1.62555944227;28.75
963;1;2016-11-10 00:00:00;2016-11-10 01:00:00;2;5;3;10;315;11;2016;1;0;0;0;1;0;0;0;0;0;0;0;0;0;0;0;0;0;1;0;0;1;0;1;7.0;-0.4;1.8;26.0;0.7;0.973632216202;-1.77885742112;-1.47226146343;0.382463602028;-1.62555944227;32.75
964;2;2016-11-10 00:00:00;2016-11-10 02:00:00;2;5;3;10;315;11;2016;2;0;0;0;1;0;0;0;0;0;0;0;0;0;0;0;0;0;1;0;0;1;0;1;7.0;-0.4;1.8;26.0;0.7;0.973632216202;-1.77885742112;-1.47226146343;0.382463602028;-1.62555944227;36.75
965;3;2016-11-10 00:00:00;2016-11-10 03:00:00;2;5;3;10;315;11;2016;3;0;0;0;1;0;0;0;0;0;0;0;0;0;0;0;0;0;1;0;0;1;0;1;7.0;-0.4;1.8;26.0;0.7;0.973632216202;-1.77885742112;-1.47226146343;0.382463602028;-1.62555944227;41.0
966;4;2016-11-10 00:00:00;2016-11-10 04:00:00;2;5;3;10;315;11;2016;4;0;0;0;1;0;0;0;0;0;0;0;0;0;0;0;0;0;1;0;0;1;0;1;7.0;-0.4;1.8;26.0;0.7;0.973632216202;-1.77885742112;-1.47226146343;0.382463602028;-1.62555944227;45.0
967;5;2016-11-10 00:00:00;2016-11-10 05:00:00;2;5;3;10;315;11;2016;5;0;0;0;1;0;0;0;0;0;0;0;0;0;0;0;0;0;1;0;0;1;0;1;7.0;-0.4;1.8;26.0;0.7;0.973632216202;-1.77885742112;-1.47226146343;0.382463602028;-1.62555944227;49.0
968;6;2016-11-10 00:00:00;2016-11-10 06:00:00;2;5;3;10;315;11;2016;6;0;0;0;1;0;0;0;0;0;0;0;0;0;0;0;0;0;1;0;0;1;0;1;7.0;-0.4;1.8;26.0;0.7;0.973632216202;-1.77885742112;-1.47226146343;0.382463602028;-1.62555944227;53.0
969;7;2016-11-10 00:00:00;2016-11-10 07:00:00;2;5;3;10;315;11;2016;7;0;0;0;1;0;0;0;0;0;0;0;0;0;0;0;0;0;1;0;0;1;0;1;7.0;-0.4;1.8;26.0;0.7;0.973632216202;-1.77885742112;-1.47226146343;0.382463602028;-1.62555944227;57.25
970;8;2016-11-10 00:00:00;2016-11-10 08:00:00;2;5;3;10;315;11;2016;8;0;0;0;1;0;0;0;0;0;0;0;0;0;0;0;0;0;1;0;0;1;0;1;7.0;-0.4;1.8;26.0;0.7;0.973632216202;-1.77885742112;-1.47226146343;0.382463602028;-1.62555944227;61.25
971;9;2016-11-10 00:00:00;2016-11-10 09:00:00;2;5;3;10;315;11;2016;9;0;0;0;1;0;0;0;0;0;0;0;0;0;0;0;0;0;1;0;0;1;0;1;7.0;-0.4;1.8;26.0;0.7;0.973632216202;-1.77885742112;-1.47226146343;0.382463602028;-1.62555944227;65.25
972;10;2016-11-10 00:00:00;2016-11-10 10:00:00;2;5;3;10;315;11;2016;10;0;0;0;1;0;0;0;0;0;0;0;0;0;0;0;0;0;1;0;0;1;0;1;7.0;-0.4;1.8;26.0;0.7;0.973632216202;-1.77885742112;-1.47226146343;0.382463602028;-1.62555944227;69.25
973;11;2016-11-10 00:00:00;2016-11-10 11:00:00;2;5;3;10;315;11;2016;11;0;0;0;1;0;0;0;0;0;0;0;0;0;0;0;0;0;1;0;0;1;0;1;7.0;-0.4;1.8;26.0;0.7;0.973632216202;-1.77885742112;-1.47226146343;0.382463602028;-1.62555944227;73.25
974;12;2016-11-10 00:00:00;2016-11-10 12:00:00;2;5;3;10;315;11;2016;12;0;0;0;1;0;0;0;0;0;0;0;0;0;0;0;0;0;1;0;0;1;0;1;7.0;-0.4;1.8;26.0;0.7;0.973632216202;-1.77885742112;-1.47226146343;0.382463602028;-1.62555944227;77.5
975;13;2016-11-10 00:00:00;2016-11-10 13:00:00;2;5;3;10;315;11;2016;13;0;0;0;1;0;0;0;0;0;0;0;0;0;0;0;0;0;1;0;0;1;0;1;7.0;-0.4;1.8;26.0;0.7;0.973632216202;-1.77885742112;-1.47226146343;0.382463602028;-1.62555944227;81.5
976;14;2016-11-10 00:00:00;2016-11-10 14:00:00;2;5;3;10;315;11;2016;14;0;0;0;1;0;0;0;0;0;0;0;0;0;0;0;0;0;1;0;0;1;0;1;7.0;-0.4;1.8;26.0;0.7;0.973632216202;-1.77885742112;-1.47226146343;0.382463602028;-1.62555944227;85.5
977;15;2016-11-10 00:00:00;2016-11-10 15:00:00;2;5;3;10;315;11;2016;15;0;0;0;1;0;0;0;0;0;0;0;0;0;0;0;0;0;1;0;0;1;0;1;7.0;-0.4;1.8;26.0;0.7;0.973632216202;-1.77885742112;-1.47226146343;0.382463602028;-1.62555944227;89.5
978;16;2016-11-10 00:00:00;2016-11-10 16:00:00;2;5;3;10;315;11;2016;16;0;0;0;1;0;0;0;0;0;0;0;0;0;0;0;0;0;1;0;0;1;0;1;7.0;-0.4;1.8;26.0;0.7;0.973632216202;-1.77885742112;-1.47226146343;0.382463602028;-1.62555944227;93.75
979;17;2016-11-10 00:00:00;2016-11-10 17:00:00;2;5;3;10;315;11;2016;17;0;0;0;1;0;0;0;0;0;0;0;0;0;0;0;0;0;1;0;0;1;0;1;7.0;-0.4;1.8;26.0;0.7;0.973632216202;-1.77885742112;-1.47226146343;0.382463602028;-1.62555944227;97.75
980;18;2016-11-10 00:00:00;2016-11-10 18:00:00;2;5;3;10;315;11;2016;18;0;0;0;1;0;0;0;0;0;0;0;0;0;0;0;0;0;1;0;0;1;0;1;7.0;-0.4;1.8;26.0;0.7;0.973632216202;-1.77885742112;-1.47226146343;0.382463602028;-1.62555944227;101.75
981;19;2016-11-10 00:00:00;2016-11-10 19:00:00;2;5;3;10;315;11;2016;19;0;0;0;1;0;0;0;0;0;0;0;0;0;0;0;0;0;1;0;0;1;0;1;7.0;-0.4;1.8;26.0;0.7;0.973632216202;-1.77885742112;-1.47226146343;0.382463602028;-1.62555944227;105.75
982;20;2016-11-10 00:00:00;2016-11-10 20:00:00;2;5;3;10;315;11;2016;20;0;0;0;1;0;0;0;0;0;0;0;0;0;0;0;0;0;1;0;0;1;0;1;7.0;-0.4;1.8;26.0;0.7;0.973632216202;-1.77885742112;-1.47226146343;0.382463602028;-1.62555944227;109.75
983;21;2016-11-10 00:00:00;2016-11-10 21:00:00;2;5;3;10;315;11;2016;21;0;0;0;1;0;0;0;0;0;0;0;0;0;0;0;0;0;1;0;0;1;0;1;7.0;-0.4;1.8;26.0;0.7;0.973632216202;-1.77885742112;-1.47226146343;0.382463602028;-1.62555944227;114.0
984;22;2016-11-10 00:00:00;2016-11-10 22:00:00;2;5;3;10;315;11;2016;22;0;0;0;1;0;0;0;0;0;0;0;0;0;0;0;0;0;1;0;0;1;0;1;7.0;-0.4;1.8;26.0;0.7;0.973632216202;-1.77885742112;-1.47226146343;0.382463602028;-1.62555944227;118.0
985;23;2016-11-10 00:00:00;2016-11-10 23:00:00;2;5;3;10;315;11;2016;23;0;0;0;1;0;0;0;0;0;0;0;0;0;0;0;0;0;1;0;0;1;0;1;7.0;-0.4;1.8;26.0;0.7;0.973632216202;-1.77885742112;-1.47226146343;0.382463602028;-1.62555944227;122.0
986;24;2016-11-11 00:00:00;2016-11-11 00:00:00;2;5;4;11;316;11;2016;0;0;0;0;0;1;0;0;0;0;0;0;0;0;0;0;0;0;1;0;0;1;0;1;6.0;-1.6;3.3;83.0;0.85;0.594535151964;-1.94609157986;-1.263218765;2.69737571834;-1.60465517243;21.0
987;25;2016-11-11 00:00:00;2016-11-11 01:00:00;2;5;4;11;316;11;2016;1;0;0;0;0;1;0;0;0;0;0;0;0;0;0;0;0;0;1;0;0;1;0;1;6.0;-1.6;3.3;83.0;0.85;0.594535151964;-1.94609157986;-1.263218765;2.69737571834;-1.60465517243;25.0
988;26;2016-11-11 00:00:00;2016-11-11 02:00:00;2;5;4;11;316;11;2016;2;0;0;0;0;1;0;0;0;0;0;0;0;0;0;0;0;0;1;0;0;1;0;1;6.0;-1.6;3.3;83.0;0.85;0.594535151964;-1.94609157986;-1.263218765;2.69737571834;-1.60465517243;29.0
989;27;2016-11-11 00:00:00;2016-11-11 03:00:00;2;5;4;11;316;11;2016;3;0;0;0;0;1;0;0;0;0;0;0;0;0;0;0;0;0;1;0;0;1;0;1;6.0;-1.6;3.3;83.0;0.85;0.594535151964;-1.94609157986;-1.263218765;2.69737571834;-1.60465517243;33.25
990;28;2016-11-11 00:00:00;2016-11-11 04:00:00;2;5;4;11;316;11;2016;4;0;0;0;0;1;0;0;0;0;0;0;0;0;0;0;0;0;1;0;0;1;0;1;6.0;-1.6;3.3;83.0;0.85;0.594535151964;-1.94609157986;-1.263218765;2.69737571834;-1.60465517243;37.25
991;29;2016-11-11 00:00:00;2016-11-11 05:00:00;2;5;4;11;316;11;2016;5;0;0;0;0;1;0;0;0;0;0;0;0;0;0;0;0;0;1;0;0;1;0;1;6.0;-1.6;3.3;83.0;0.85;0.594535151964;-1.94609157986;-1.263218765;2.69737571834;-1.60465517243;41.25
992;30;2016-11-11 00:00:00;2016-11-11 06:00:00;2;5;4;11;316;11;2016;6;0;0;0;0;1;0;0;0;0;0;0;0;0;0;0;0;0;1;0;0;1;0;1;6.0;-1.6;3.3;83.0;0.85;0.594535151964;-1.94609157986;-1.263218765;2.69737571834;-1.60465517243;45.25
993;31;2016-11-11 00:00:00;2016-11-11 07:00:00;2;5;4;11;316;11;2016;7;0;0;0;0;1;0;0;0;0;0;0;0;0;0;0;0;0;1;0;0;1;0;1;6.0;-1.6;3.3;83.0;0.85;0.594535151964;-1.94609157986;-1.263218765;2.69737571834;-1.60465517243;49.5
994;32;2016-11-11 00:00:00;2016-11-11 08:00:00;2;5;4;11;316;11;2016;8;0;0;0;0;1;0;0;0;0;0;0;0;0;0;0;0;0;1;0;0;1;0;1;6.0;-1.6;3.3;83.0;0.85;0.594535151964;-1.94609157986;-1.263218765;2.69737571834;-1.60465517243;53.5
995;33;2016-11-11 00:00:00;2016-11-11 09:00:00;2;5;4;11;316;11;2016;9;0;0;0;0;1;0;0;0;0;0;0;0;0;0;0;0;0;1;0;0;1;0;1;6.0;-1.6;3.3;83.0;0.85;0.594535151964;-1.94609157986;-1.263218765;2.69737571834;-1.60465517243;57.5
996;34;2016-11-11 00:00:00;2016-11-11 10:00:00;2;5;4;11;316;11;2016;10;0;0;0;0;1;0;0;0;0;0;0;0;0;0;0;0;0;1;0;0;1;0;1;6.0;-1.6;3.3;83.0;0.85;0.594535151964;-1.94609157986;-1.263218765;2.69737571834;-1.60465517243;61.5
997;35;2016-11-11 00:00:00;2016-11-11 11:00:00;2;5;4;11;316;11;2016;11;0;0;0;0;1;0;0;0;0;0;0;0;0;0;0;0;0;1;0;0;1;0;1;6.0;-1.6;3.3;83.0;0.85;0.594535151964;-1.94609157986;-1.263218765;2.69737571834;-1.60465517243;65.5
998;36;2016-11-11 00:00:00;2016-11-11 12:00:00;2;5;4;11;316;11;2016;12;0;0;0;0;1;0;0;0;0;0;0;0;0;0;0;0;0;1;0;0;1;0;1;6.0;-1.6;3.3;83.0;0.85;0.594535151964;-1.94609157986;-1.263218765;2.69737571834;-1.60465517243;69.75
999;37;2016-11-11 00:00:00;2016-11-11 13:00:00;2;5;4;11;316;11;2016;13;0;0;0;0;1;0;0;0;0;0;0;0;0;0;0;0;0;1;0;0;1;0;1;6.0;-1.6;3.3;83.0;0.85;0.594535151964;-1.94609157986;-1.263218765;2.69737571834;-1.60465517243;73.75
1000;38;2016-11-11 00:00:00;2016-11-11 14:00:00;2;5;4;11;316;11;2016;14;0;0;0;0;1;0;0;0;0;0;0;0;0;0;0;0;0;1;0;0;1;0;1;6.0;-1.6;3.3;83.0;0.85;0.594535151964;-1.94609157986;-1.263218765;2.69737571834;-1.60465517243;77.75
1001;39;2016-11-11 00:00:00;2016-11-11 15:00:00;2;5;4;11;316;11;2016;15;0;0;0;0;1;0;0;0;0;0;0;0;0;0;0;0;0;1;0;0;1;0;1;6.0;-1.6;3.3;83.0;0.85;0.594535151964;-1.94609157986;-1.263218765;2.69737571834;-1.60465517243;81.75
1002;40;2016-11-11 00:00:00;2016-11-11 16:00:00;2;5;4;11;316;11;2016;16;0;0;0;0;1;0;0;0;0;0;0;0;0;0;0;0;0;1;0;0;1;0;1;6.0;-1.6;3.3;83.0;0.85;0.594535151964;-1.94609157986;-1.263218765;2.69737571834;-1.60465517243;86.0
1003;41;2016-11-11 00:00:00;2016-11-11 17:00:00;2;5;4;11;316;11;2016;17;0;0;0;0;1;0;0;0;0;0;0;0;0;0;0;0;0;1;0;0;1;0;1;6.0;-1.6;3.3;83.0;0.85;0.594535151964;-1.94609157986;-1.263218765;2.69737571834;-1.60465517243;90.0
1004;42;2016-11-11 00:00:00;2016-11-11 18:00:00;2;5;4;11;316;11;2016;18;0;0;0;0;1;0;0;0;0;0;0;0;0;0;0;0;0;1;0;0;1;0;1;6.0;-1.6;3.3;83.0;0.85;0.594535151964;-1.94609157986;-1.263218765;2.69737571834;-1.60465517243;94.0
1005;43;2016-11-11 00:00:00;2016-11-11 19:00:00;2;5;4;11;316;11;2016;19;0;0;0;0;1;0;0;0;0;0;0;0;0;0;0;0;0;1;0;0;1;0;1;6.0;-1.6;3.3;83.0;0.85;0.594535151964;-1.94609157986;-1.263218765;2.69737571834;-1.60465517243;98.0
1006;44;2016-11-11 00:00:00;2016-11-11 20:00:00;2;5;4;11;316;11;2016;20;0;0;0;0;1;0;0;0;0;0;0;0;0;0;0;0;0;1;0;0;1;0;1;6.0;-1.6;3.3;83.0;0.85;0.594535151964;-1.94609157986;-1.263218765;2.69737571834;-1.60465517243;102.0
1007;45;2016-11-11 00:00:00;2016-11-11 21:00:00;2;5;4;11;316;11;2016;21;0;0;0;0;1;0;0;0;0;0;0;0;0;0;0;0;0;1;0;0;1;0;1;6.0;-1.6;3.3;83.0;0.85;0.594535151964;-1.94609157986;-1.263218765;2.69737571834;-1.60465517243;106.25
1008;46;2016-11-11 00:00:00;2016-11-11 22:00:00;2;5;4;11;316;11;2016;22;0;0;0;0;1;0;0;0;0;0;0;0;0;0;0;0;0;1;0;0;1;0;1;6.0;-1.6;3.3;83.0;0.85;0.594535151964;-1.94609157986;-1.263218765;2.69737571834;-1.60465517243;110.25
1009;47;2016-11-11 00:00:00;2016-11-11 23:00:00;2;5;4;11;316;11;2016;23;0;0;0;0;1;0;0;0;0;0;0;0;0;0;0;0;0;1;0;0;1;0;1;6.0;-1.6;3.3;83.0;0.85;0.594535151964;-1.94609157986;-1.263218765;2.69737571834;-1.60465517243;114.25
1010;48;2016-11-12 00:00:00;2016-11-12 00:00:00;2;5;5;12;317;11;2016;0;0;0;0;0;0;1;0;0;0;0;0;0;0;0;0;0;0;1;0;0;1;0;1;6.0;-4.4;0.2;6.0;-2.1;0.594535151964;-2.33630461692;-1.69524034175;-0.429786263343;-2.01577247934;89.25
1011;49;2016-11-12 00:00:00;2016-11-12 01:00:00;2;5;5;12;317;11;2016;1;0;0;0;0;0;1;0;0;0;0;0;0;0;0;0;0;0;1;0;0;1;0;1;6.0;-4.4;0.2;6.0;-2.1;0.594535151964;-2.33630461692;-1.69524034175;-0.429786263343;-2.01577247934;93.25
1012;50;2016-11-12 00:00:00;2016-11-12 02:00:00;2;5;5;12;317;11;2016;2;0;0;0;0;0;1;0;0;0;0;0;0;0;0;0;0;0;1;0;0;1;0;1;6.0;-4.4;0.2;6.0;-2.1;0.594535151964;-2.33630461692;-1.69524034175;-0.429786263343;-2.01577247934;97.25
1013;51;2016-11-12 00:00:00;2016-11-12 03:00:00;2;5;5;12;317;11;2016;3;0;0;0;0;0;1;0;0;0;0;0;0;0;0;0;0;0;1;0;0;1;0;1;6.0;-4.4;0.2;6.0;-2.1;0.594535151964;-2.33630461692;-1.69524034175;-0.429786263343;-2.01577247934;101.5
1014;52;2016-11-12 00:00:00;2016-11-12 04:00:00;2;5;5;12;317;11;2016;4;0;0;0;0;0;1;0;0;0;0;0;0;0;0;0;0;0;1;0;0;1;0;1;6.0;-4.4;0.2;6.0;-2.1;0.594535151964;-2.33630461692;-1.69524034175;-0.429786263343;-2.01577247934;105.5
1015;53;2016-11-12 00:00:00;2016-11-12 05:00:00;2;5;5;12;317;11;2016;5;0;0;0;0;0;1;0;0;0;0;0;0;0;0;0;0;0;1;0;0;1;0;1;6.0;-4.4;0.2;6.0;-2.1;0.594535151964;-2.33630461692;-1.69524034175;-0.429786263343;-2.01577247934;109.5
1016;54;2016-11-12 00:00:00;2016-11-12 06:00:00;2;5;5;12;317;11;2016;6;0;0;0;0;0;1;0;0;0;0;0;0;0;0;0;0;0;1;0;0;1;0;1;6.0;-4.4;0.2;6.0;-2.1;0.594535151964;-2.33630461692;-1.69524034175;-0.429786263343;-2.01577247934;113.5
1017;55;2016-11-12 00:00:00;2016-11-12 07:00:00;2;5;5;12;317;11;2016;7;0;0;0;0;0;1;0;0;0;0;0;0;0;0;0;0;0;1;0;0;1;0;1;6.0;-4.4;0.2;6.0;-2.1;0.594535151964;-2.33630461692;-1.69524034175;-0.429786263343;-2.01577247934;117.75
1018;56;2016-11-12 00:00:00;2016-11-12 08:00:00;2;5;5;12;317;11;2016;8;0;0;0;0;0;1;0;0;0;0;0;0;0;0;0;0;0;1;0;0;1;0;1;6.0;-4.4;0.2;6.0;-2.1;0.594535151964;-2.33630461692;-1.69524034175;-0.429786263343;-2.01577247934;121.75
1019;57;2016-11-12 00:00:00;2016-11-12 09:00:00;2;5;5;12;317;11;2016;9;0;0;0;0;0;1;0;0;0;0;0;0;0;0;0;0;0;1;0;0;1;0;1;6.0;-4.4;0.2;6.0;-2.1;0.594535151964;-2.33630461692;-1.69524034175;-0.429786263343;-2.01577247934;125.75
1020;58;2016-11-12 00:00:00;2016-11-12 10:00:00;2;5;5;12;317;11;2016;10;0;0;0;0;0;1;0;0;0;0;0;0;0;0;0;0;0;1;0;0;1;0;1;6.0;-4.4;0.2;6.0;-2.1;0.594535151964;-2.33630461692;-1.69524034175;-0.429786263343;-2.01577247934;129.75
1021;59;2016-11-12 00:00:00;2016-11-12 11:00:00;2;5;5;12;317;11;2016;11;0;0;0;0;0;1;0;0;0;0;0;0;0;0;0;0;0;1;0;0;1;0;1;6.0;-4.4;0.2;6.0;-2.1;0.594535151964;-2.33630461692;-1.69524034175;-0.429786263343;-2.01577247934;133.75
1022;60;2016-11-12 00:00:00;2016-11-12 12:00:00;2;5;5;12;317;11;2016;12;0;0;0;0;0;1;0;0;0;0;0;0;0;0;0;0;0;1;0;0;1;0;1;6.0;-4.4;0.2;6.0;-2.1;0.594535151964;-2.33630461692;-1.69524034175;-0.429786263343;-2.01577247934;138.0
1023;61;2016-11-12 00:00:00;2016-11-12 13:00:00;2;5;5;12;317;11;2016;13;0;0;0;0;0;1;0;0;0;0;0;0;0;0;0;0;0;1;0;0;1;0;1;6.0;-4.4;0.2;6.0;-2.1;0.594535151964;-2.33630461692;-1.69524034175;-0.429786263343;-2.01577247934;142.0
1024;62;2016-11-12 00:00:00;2016-11-12 14:00:00;2;5;5;12;317;11;2016;14;0;0;0;0;0;1;0;0;0;0;0;0;0;0;0;0;0;1;0;0;1;0;1;6.0;-4.4;0.2;6.0;-2.1;0.594535151964;-2.33630461692;-1.69524034175;-0.429786263343;-2.01577247934;146.0
1025;63;2016-11-12 00:00:00;2016-11-12 15:00:00;2;5;5;12;317;11;2016;15;0;0;0;0;0;1;0;0;0;0;0;0;0;0;0;0;0;1;0;0;1;0;1;6.0;-4.4;0.2;6.0;-2.1;0.594535151964;-2.33630461692;-1.69524034175;-0.429786263343;-2.01577247934;150.0
1026;64;2016-11-12 00:00:00;2016-11-12 16:00:00;2;5;5;12;317;11;2016;16;0;0;0;0;0;1;0;0;0;0;0;0;0;0;0;0;0;1;0;0;1;0;1;6.0;-4.4;0.2;6.0;-2.1;0.594535151964;-2.33630461692;-1.69524034175;-0.429786263343;-2.01577247934;154.25
1027;65;2016-11-12 00:00:00;2016-11-12 17:00:00;2;5;5;12;317;11;2016;17;0;0;0;0;0;1;0;0;0;0;0;0;0;0;0;0;0;1;0;0;1;0;1;6.0;-4.4;0.2;6.0;-2.1;0.594535151964;-2.33630461692;-1.69524034175;-0.429786263343;-2.01577247934;158.25
1028;66;2016-11-12 00:00:00;2016-11-12 18:00:00;2;5;5;12;317;11;2016;18;0;0;0;0;0;1;0;0;0;0;0;0;0;0;0;0;0;1;0;0;1;0;1;6.0;-4.4;0.2;6.0;-2.1;0.594535151964;-2.33630461692;-1.69524034175;-0.429786263343;-2.01577247934;162.25
1029;67;2016-11-12 00:00:00;2016-11-12 19:00:00;2;5;5;12;317;11;2016;19;0;0;0;0;0;1;0;0;0;0;0;0;0;0;0;0;0;1;0;0;1;0;1;6.0;-4.4;0.2;6.0;-2.1;0.594535151964;-2.33630461692;-1.69524034175;-0.429786263343;-2.01577247934;166.25
1030;68;2016-11-12 00:00:00;2016-11-12 20:00:00;2;5;5;12;317;11;2016;20;0;0;0;0;0;1;0;0;0;0;0;0;0;0;0;0;0;1;0;0;1;0;1;6.0;-4.4;0.2;6.0;-2.1;0.594535151964;-2.33630461692;-1.69524034175;-0.429786263343;-2.01577247934;170.25
1031;69;2016-11-12 00:00:00;2016-11-12 21:00:00;2;5;5;12;317;11;2016;21;0;0;0;0;0;1;0;0;0;0;0;0;0;0;0;0;0;1;0;0;1;0;1;6.0;-4.4;0.2;6.0;-2.1;0.594535151964;-2.33630461692;-1.69524034175;-0.429786263343;-2.01577247934;174.5
1032;70;2016-11-12 00:00:00;2016-11-12 22:00:00;2;5;5;12;317;11;2016;22;0;0;0;0;0;1;0;0;0;0;0;0;0;0;0;0;0;1;0;0;1;0;1;6.0;-4.4;0.2;6.0;-2.1;0.594535151964;-2.33630461692;-1.69524034175;-0.429786263343;-2.01577247934;178.5
1033;71;2016-11-12 00:00:00;2016-11-12 23:00:00;2;5;5;12;317;11;2016;23;0;0;0;0;0;1;0;0;0;0;0;0;0;0;0;0;0;1;0;0;1;0;1;6.0;-4.4;0.2;6.0;-2.1;0.594535151964;-2.33630461692;-1.69524034175;-0.429786263343;-2.01577247934;182.5
1034;72;2016-11-13 00:00:00;2016-11-13 00:00:00;2;5;6;13;318;11;2016;0;0;0;0;0;0;0;1;0;0;0;0;0;0;0;0;0;0;1;0;0;1;0;1;4.0;-3.5;2.2;6.0;-0.65;-0.163658976513;-2.21087899787;-1.41651674385;-0.429786263343;-1.81369787086;-56.25
1035;73;2016-11-13 00:00:00;2016-11-13 01:00:00;2;5;6;13;318;11;2016;1;0;0;0;0;0;0;1;0;0;0;0;0;0;0;0;0;0;1;0;0;1;0;1;4.0;-3.5;2.2;6.0;-0.65;-0.163658976513;-2.21087899787;-1.41651674385;-0.429786263343;-1.81369787086;-52.25
1036;74;2016-11-13 00:00:00;2016-11-13 02:00:00;2;5;6;13;318;11;2016;2;0;0;0;0;0;0;1;0;0;0;0;0;0;0;0;0;0;1;0;0;1;0;1;4.0;-3.5;2.2;6.0;-0.65;-0.163658976513;-2.21087899787;-1.41651674385;-0.429786263343;-1.81369787086;-48.25
1037;75;2016-11-13 00:00:00;2016-11-13 03:00:00;2;5;6;13;318;11;2016;3;0;0;0;0;0;0;1;0;0;0;0;0;0;0;0;0;0;1;0;0;1;0;1;4.0;-3.5;2.2;6.0;-0.65;-0.163658976513;-2.21087899787;-1.41651674385;-0.429786263343;-1.81369787086;-44.0
1038;76;2016-11-13 00:00:00;2016-11-13 04:00:00;2;5;6;13;318;11;2016;4;0;0;0;0;0;0;1;0;0;0;0;0;0;0;0;0;0;1;0;0;1;0;1;4.0;-3.5;2.2;6.0;-0.65;-0.163658976513;-2.21087899787;-1.41651674385;-0.429786263343;-1.81369787086;-40.0
1039;77;2016-11-13 00:00:00;2016-11-13 05:00:00;2;5;6;13;318;11;2016;5;0;0;0;0;0;0;1;0;0;0;0;0;0;0;0;0;0;1;0;0;1;0;1;4.0;-3.5;2.2;6.0;-0.65;-0.163658976513;-2.21087899787;-1.41651674385;-0.429786263343;-1.81369787086;-36.0
1040;78;2016-11-13 00:00:00;2016-11-13 06:00:00;2;5;6;13;318;11;2016;6;0;0;0;0;0;0;1;0;0;0;0;0;0;0;0;0;0;1;0;0;1;0;1;4.0;-3.5;2.2;6.0;-0.65;-0.163658976513;-2.21087899787;-1.41651674385;-0.429786263343;-1.81369787086;-32.0
1041;79;2016-11-13 00:00:00;2016-11-13 07:00:00;2;5;6;13;318;11;2016;7;0;0;0;0;0;0;1;0;0;0;0;0;0;0;0;0;0;1;0;0;1;0;1;4.0;-3.5;2.2;6.0;-0.65;-0.163658976513;-2.21087899787;-1.41651674385;-0.429786263343;-1.81369787086;-27.75
1042;80;2016-11-13 00:00:00;2016-11-13 08:00:00;2;5;6;13;318;11;2016;8;0;0;0;0;0;0;1;0;0;0;0;0;0;0;0;0;0;1;0;0;1;0;1;4.0;-3.5;2.2;6.0;-0.65;-0.163658976513;-2.21087899787;-1.41651674385;-0.429786263343;-1.81369787086;-23.75
1043;81;2016-11-13 00:00:00;2016-11-13 09:00:00;2;5;6;13;318;11;2016;9;0;0;0;0;0;0;1;0;0;0;0;0;0;0;0;0;0;1;0;0;1;0;1;4.0;-3.5;2.2;6.0;-0.65;-0.163658976513;-2.21087899787;-1.41651674385;-0.429786263343;-1.81369787086;-19.75
1044;82;2016-11-13 00:00:00;2016-11-13 10:00:00;2;5;6;13;318;11;2016;10;0;0;0;0;0;0;1;0;0;0;0;0;0;0;0;0;0;1;0;0;1;0;1;4.0;-3.5;2.2;6.0;-0.65;-0.163658976513;-2.21087899787;-1.41651674385;-0.429786263343;-1.81369787086;-15.75
1045;83;2016-11-13 00:00:00;2016-11-13 11:00:00;2;5;6;13;318;11;2016;11;0;0;0;0;0;0;1;0;0;0;0;0;0;0;0;0;0;1;0;0;1;0;1;4.0;-3.5;2.2;6.0;-0.65;-0.163658976513;-2.21087899787;-1.41651674385;-0.429786263343;-1.81369787086;-11.75
1046;84;2016-11-13 00:00:00;2016-11-13 12:00:00;2;5;6;13;318;11;2016;12;0;0;0;0;0;0;1;0;0;0;0;0;0;0;0;0;0;1;0;0;1;0;1;4.0;-3.5;2.2;6.0;-0.65;-0.163658976513;-2.21087899787;-1.41651674385;-0.429786263343;-1.81369787086;-7.5
1047;85;2016-11-13 00:00:00;2016-11-13 13:00:00;2;5;6;13;318;11;2016;13;0;0;0;0;0;0;1;0;0;0;0;0;0;0;0;0;0;1;0;0;1;0;1;4.0;-3.5;2.2;6.0;-0.65;-0.163658976513;-2.21087899787;-1.41651674385;-0.429786263343;-1.81369787086;-3.5
1048;86;2016-11-13 00:00:00;2016-11-13 14:00:00;2;5;6;13;318;11;2016;14;0;0;0;0;0;0;1;0;0;0;0;0;0;0;0;0;0;1;0;0;1;0;1;4.0;-3.5;2.2;6.0;-0.65;-0.163658976513;-2.21087899787;-1.41651674385;-0.429786263343;-1.81369787086;0.5
1049;87;2016-11-13 00:00:00;2016-11-13 15:00:00;2;5;6;13;318;11;2016;15;0;0;0;0;0;0;1;0;0;0;0;0;0;0;0;0;0;1;0;0;1;0;1;4.0;-3.5;2.2;6.0;-0.65;-0.163658976513;-2.21087899787;-1.41651674385;-0.429786263343;-1.81369787086;4.5
1050;88;2016-11-13 00:00:00;2016-11-13 16:00:00;2;5;6;13;318;11;2016;16;0;0;0;0;0;0;1;0;0;0;0;0;0;0;0;0;0;1;0;0;1;0;1;4.0;-3.5;2.2;6.0;-0.65;-0.163658976513;-2.21087899787;-1.41651674385;-0.429786263343;-1.81369787086;8.75
1051;89;2016-11-13 00:00:00;2016-11-13 17:00:00;2;5;6;13;318;11;2016;17;0;0;0;0;0;0;1;0;0;0;0;0;0;0;0;0;0;1;0;0;1;0;1;4.0;-3.5;2.2;6.0;-0.65;-0.163658976513;-2.21087899787;-1.41651674385;-0.429786263343;-1.81369787086;12.75
1052;90;2016-11-13 00:00:00;2016-11-13 18:00:00;2;5;6;13;318;11;2016;18;0;0;0;0;0;0;1;0;0;0;0;0;0;0;0;0;0;1;0;0;1;0;1;4.0;-3.5;2.2;6.0;-0.65;-0.163658976513;-2.21087899787;-1.41651674385;-0.429786263343;-1.81369787086;16.75
1053;91;2016-11-13 00:00:00;2016-11-13 19:00:00;2;5;6;13;318;11;2016;19;0;0;0;0;0;0;1;0;0;0;0;0;0;0;0;0;0;1;0;0;1;0;1;4.0;-3.5;2.2;6.0;-0.65;-0.163658976513;-2.21087899787;-1.41651674385;-0.429786263343;-1.81369787086;20.75
1054;92;2016-11-13 00:00:00;2016-11-13 20:00:00;2;5;6;13;318;11;2016;20;0;0;0;0;0;0;1;0;0;0;0;0;0;0;0;0;0;1;0;0;1;0;1;4.0;-3.5;2.2;6.0;-0.65;-0.163658976513;-2.21087899787;-1.41651674385;-0.429786263343;-1.81369787086;24.75
1055;93;2016-11-13 00:00:00;2016-11-13 21:00:00;2;5;6;13;318;11;2016;21;0;0;0;0;0;0;1;0;0;0;0;0;0;0;0;0;0;1;0;0;1;0;1;4.0;-3.5;2.2;6.0;-0.65;-0.163658976513;-2.21087899787;-1.41651674385;-0.429786263343;-1.81369787086;29.0
1056;94;2016-11-13 00:00:00;2016-11-13 22:00:00;2;5;6;13;318;11;2016;22;0;0;0;0;0;0;1;0;0;0;0;0;0;0;0;0;0;1;0;0;1;0;1;4.0;-3.5;2.2;6.0;-0.65;-0.163658976513;-2.21087899787;-1.41651674385;-0.429786263343;-1.81369787086;33.0
1057;95;2016-11-13 00:00:00;2016-11-13 23:00:00;2;5;6;13;318;11;2016;23;0;0;0;0;0;0;1;0;0;0;0;0;0;0;0;0;0;1;0;0;1;0;1;4.0;-3.5;2.2;6.0;-0.65;-0.163658976513;-2.21087899787;-1.41651674385;-0.429786263343;-1.81369787086;37.0
1058;96;2016-11-14 00:00:00;2016-11-14 00:00:00;2;5;0;14;319;11;2016;0;1;0;0;0;0;0;0;0;0;0;0;0;0;0;0;0;0;1;0;0;1;0;1;5.0;-1.7;4.4;5.0;1.35;0.215438087726;-1.96002775975;-1.10992078616;-0.470398756611;-1.53497427296;25.5
1059;97;2016-11-14 00:00:00;2016-11-14 01:00:00;2;5;0;14;319;11;2016;1;1;0;0;0;0;0;0;0;0;0;0;0;0;0;0;0;0;1;0;0;1;0;1;5.0;-1.7;4.4;5.0;1.35;0.215438087726;-1.96002775975;-1.10992078616;-0.470398756611;-1.53497427296;29.5
1060;98;2016-11-14 00:00:00;2016-11-14 02:00:00;2;5;0;14;319;11;2016;2;1;0;0;0;0;0;0;0;0;0;0;0;0;0;0;0;0;1;0;0;1;0;1;5.0;-1.7;4.4;5.0;1.35;0.215438087726;-1.96002775975;-1.10992078616;-0.470398756611;-1.53497427296;33.5
1061;99;2016-11-14 00:00:00;2016-11-14 03:00:00;2;5;0;14;319;11;2016;3;1;0;0;0;0;0;0;0;0;0;0;0;0;0;0;0;0;1;0;0;1;0;1;5.0;-1.7;4.4;5.0;1.35;0.215438087726;-1.96002775975;-1.10992078616;-0.470398756611;-1.53497427296;37.75
1062;100;2016-11-14 00:00:00;2016-11-14 04:00:00;2;5;0;14;319;11;2016;4;1;0;0;0;0;0;0;0;0;0;0;0;0;0;0;0;0;1;0;0;1;0;1;5.0;-1.7;4.4;5.0;1.35;0.215438087726;-1.96002775975;-1.10992078616;-0.470398756611;-1.53497427296;41.75
1063;101;2016-11-14 00:00:00;2016-11-14 05:00:00;2;5;0;14;319;11;2016;5;1;0;0;0;0;0;0;0;0;0;0;0;0;0;0;0;0;1;0;0;1;0;1;5.0;-1.7;4.4;5.0;1.35;0.215438087726;-1.96002775975;-1.10992078616;-0.470398756611;-1.53497427296;45.75
1064;102;2016-11-14 00:00:00;2016-11-14 06:00:00;2;5;0;14;319;11;2016;6;1;0;0;0;0;0;0;0;0;0;0;0;0;0;0;0;0;1;0;0;1;0;1;5.0;-1.7;4.4;5.0;1.35;0.215438087726;-1.96002775975;-1.10992078616;-0.470398756611;-1.53497427296;49.75
1065;103;2016-11-14 00:00:00;2016-11-14 07:00:00;2;5;0;14;319;11;2016;7;1;0;0;0;0;0;0;0;0;0;0;0;0;0;0;0;0;1;0;0;1;0;1;5.0;-1.7;4.4;5.0;1.35;0.215438087726;-1.96002775975;-1.10992078616;-0.470398756611;-1.53497427296;54.0
1066;104;2016-11-14 00:00:00;2016-11-14 08:00:00;2;5;0;14;319;11;2016;8;1;0;0;0;0;0;0;0;0;0;0;0;0;0;0;0;0;1;0;0;1;0;1;5.0;-1.7;4.4;5.0;1.35;0.215438087726;-1.96002775975;-1.10992078616;-0.470398756611;-1.53497427296;58.0
1067;105;2016-11-14 00:00:00;2016-11-14 09:00:00;2;5;0;14;319;11;2016;9;1;0;0;0;0;0;0;0;0;0;0;0;0;0;0;0;0;1;0;0;1;0;1;5.0;-1.7;4.4;5.0;1.35;0.215438087726;-1.96002775975;-1.10992078616;-0.470398756611;-1.53497427296;62.0
1068;106;2016-11-14 00:00:00;2016-11-14 10:00:00;2;5;0;14;319;11;2016;10;1;0;0;0;0;0;0;0;0;0;0;0;0;0;0;0;0;1;0;0;1;0;1;5.0;-1.7;4.4;5.0;1.35;0.215438087726;-1.96002775975;-1.10992078616;-0.470398756611;-1.53497427296;66.0
1069;107;2016-11-14 00:00:00;2016-11-14 11:00:00;2;5;0;14;319;11;2016;11;1;0;0;0;0;0;0;0;0;0;0;0;0;0;0;0;0;1;0;0;1;0;1;5.0;-1.7;4.4;5.0;1.35;0.215438087726;-1.96002775975;-1.10992078616;-0.470398756611;-1.53497427296;70.0
1070;108;2016-11-14 00:00:00;2016-11-14 12:00:00;2;5;0;14;319;11;2016;12;1;0;0;0;0;0;0;0;0;0;0;0;0;0;0;0;0;1;0;0;1;0;1;5.0;-1.7;4.4;5.0;1.35;0.215438087726;-1.96002775975;-1.10992078616;-0.470398756611;-1.53497427296;74.25
1071;109;2016-11-14 00:00:00;2016-11-14 13:00:00;2;5;0;14;319;11;2016;13;1;0;0;0;0;0;0;0;0;0;0;0;0;0;0;0;0;1;0;0;1;0;1;5.0;-1.7;4.4;5.0;1.35;0.215438087726;-1.96002775975;-1.10992078616;-0.470398756611;-1.53497427296;78.25
1072;110;2016-11-14 00:00:00;2016-11-14 14:00:00;2;5;0;14;319;11;2016;14;1;0;0;0;0;0;0;0;0;0;0;0;0;0;0;0;0;1;0;0;1;0;1;5.0;-1.7;4.4;5.0;1.35;0.215438087726;-1.96002775975;-1.10992078616;-0.470398756611;-1.53497427296;82.25
1073;111;2016-11-14 00:00:00;2016-11-14 15:00:00;2;5;0;14;319;11;2016;15;1;0;0;0;0;0;0;0;0;0;0;0;0;0;0;0;0;1;0;0;1;0;1;5.0;-1.7;4.4;5.0;1.35;0.215438087726;-1.96002775975;-1.10992078616;-0.470398756611;-1.53497427296;86.25
1074;112;2016-11-14 00:00:00;2016-11-14 16:00:00;2;5;0;14;319;11;2016;16;1;0;0;0;0;0;0;0;0;0;0;0;0;0;0;0;0;1;0;0;1;0;1;5.0;-1.7;4.4;5.0;1.35;0.215438087726;-1.96002775975;-1.10992078616;-0.470398756611;-1.53497427296;90.5
1075;113;2016-11-14 00:00:00;2016-11-14 17:00:00;2;5;0;14;319;11;2016;17;1;0;0;0;0;0;0;0;0;0;0;0;0;0;0;0;0;1;0;0;1;0;1;5.0;-1.7;4.4;5.0;1.35;0.215438087726;-1.96002775975;-1.10992078616;-0.470398756611;-1.53497427296;94.5
1076;114;2016-11-14 00:00:00;2016-11-14 18:00:00;2;5;0;14;319;11;2016;18;1;0;0;0;0;0;0;0;0;0;0;0;0;0;0;0;0;1;0;0;1;0;1;5.0;-1.7;4.4;5.0;1.35;0.215438087726;-1.96002775975;-1.10992078616;-0.470398756611;-1.53497427296;98.5
1077;115;2016-11-14 00:00:00;2016-11-14 19:00:00;2;5;0;14;319;11;2016;19;1;0;0;0;0;0;0;0;0;0;0;0;0;0;0;0;0;1;0;0;1;0;1;5.0;-1.7;4.4;5.0;1.35;0.215438087726;-1.96002775975;-1.10992078616;-0.470398756611;-1.53497427296;102.5
1078;116;2016-11-14 00:00:00;2016-11-14 20:00:00;2;5;0;14;319;11;2016;20;1;0;0;0;0;0;0;0;0;0;0;0;0;0;0;0;0;1;0;0;1;0;1;5.0;-1.7;4.4;5.0;1.35;0.215438087726;-1.96002775975;-1.10992078616;-0.470398756611;-1.53497427296;106.5
1079;117;2016-11-14 00:00:00;2016-11-14 21:00:00;2;5;0;14;319;11;2016;21;1;0;0;0;0;0;0;0;0;0;0;0;0;0;0;0;0;1;0;0;1;0;1;5.0;-1.7;4.4;5.0;1.35;0.215438087726;-1.96002775975;-1.10992078616;-0.470398756611;-1.53497427296;110.75
1080;118;2016-11-14 00:00:00;2016-11-14 22:00:00;2;5;0;14;319;11;2016;22;1;0;0;0;0;0;0;0;0;0;0;0;0;0;0;0;0;1;0;0;1;0;1;5.0;-1.7;4.4;5.0;1.35;0.215438087726;-1.96002775975;-1.10992078616;-0.470398756611;-1.53497427296;114.75
1081;119;2016-11-14 00:00:00;2016-11-14 23:00:00;2;5;0;14;319;11;2016;23;1;0;0;0;0;0;0;0;0;0;0;0;0;0;0;0;0;1;0;0;1;0;1;5.0;-1.7;4.4;5.0;1.35;0.215438087726;-1.96002775975;-1.10992078616;-0.470398756611;-1.53497427296;118.75
1082;120;2016-11-15 00:00:00;2016-11-15 00:00:00;2;5;1;15;320;11;2016;0;0;1;0;0;0;0;0;0;0;0;0;0;0;0;0;0;0;1;0;0;1;0;1;8.0;2.9;8.8;51.0;5.85;1.35272928044;-1.31896348458;-0.496728870774;1.39777593374;-0.907846177678;26.25
1083;121;2016-11-15 00:00:00;2016-11-15 01:00:00;2;5;1;15;320;11;2016;1;0;1;0;0;0;0;0;0;0;0;0;0;0;0;0;0;0;1;0;0;1;0;1;8.0;2.9;8.8;51.0;5.85;1.35272928044;-1.31896348458;-0.496728870774;1.39777593374;-0.907846177678;30.25
1084;122;2016-11-15 00:00:00;2016-11-15 02:00:00;2;5;1;15;320;11;2016;2;0;1;0;0;0;0;0;0;0;0;0;0;0;0;0;0;0;1;0;0;1;0;1;8.0;2.9;8.8;51.0;5.85;1.35272928044;-1.31896348458;-0.496728870774;1.39777593374;-0.907846177678;34.25
1085;123;2016-11-15 00:00:00;2016-11-15 03:00:00;2;5;1;15;320;11;2016;3;0;1;0;0;0;0;0;0;0;0;0;0;0;0;0;0;0;1;0;0;1;0;1;8.0;2.9;8.8;51.0;5.85;1.35272928044;-1.31896348458;-0.496728870774;1.39777593374;-0.907846177678;38.5
1086;124;2016-11-15 00:00:00;2016-11-15 04:00:00;2;5;1;15;320;11;2016;4;0;1;0;0;0;0;0;0;0;0;0;0;0;0;0;0;0;1;0;0;1;0;1;8.0;2.9;8.8;51.0;5.85;1.35272928044;-1.31896348458;-0.496728870774;1.39777593374;-0.907846177678;42.5
1087;125;2016-11-15 00:00:00;2016-11-15 05:00:00;2;5;1;15;320;11;2016;5;0;1;0;0;0;0;0;0;0;0;0;0;0;0;0;0;0;1;0;0;1;0;1;8.0;2.9;8.8;51.0;5.85;1.35272928044;-1.31896348458;-0.496728870774;1.39777593374;-0.907846177678;46.5
1088;126;2016-11-15 00:00:00;2016-11-15 06:00:00;2;5;1;15;320;11;2016;6;0;1;0;0;0;0;0;0;0;0;0;0;0;0;0;0;0;1;0;0;1;0;1;8.0;2.9;8.8;51.0;5.85;1.35272928044;-1.31896348458;-0.496728870774;1.39777593374;-0.907846177678;50.5
1089;127;2016-11-15 00:00:00;2016-11-15 07:00:00;2;5;1;15;320;11;2016;7;0;1;0;0;0;0;0;0;0;0;0;0;0;0;0;0;0;1;0;0;1;0;1;8.0;2.9;8.8;51.0;5.85;1.35272928044;-1.31896348458;-0.496728870774;1.39777593374;-0.907846177678;54.75
1090;128;2016-11-15 00:00:00;2016-11-15 08:00:00;2;5;1;15;320;11;2016;8;0;1;0;0;0;0;0;0;0;0;0;0;0;0;0;0;0;1;0;0;1;0;1;8.0;2.9;8.8;51.0;5.85;1.35272928044;-1.31896348458;-0.496728870774;1.39777593374;-0.907846177678;58.75
1091;129;2016-11-15 00:00:00;2016-11-15 09:00:00;2;5;1;15;320;11;2016;9;0;1;0;0;0;0;0;0;0;0;0;0;0;0;0;0;0;1;0;0;1;0;1;8.0;2.9;8.8;51.0;5.85;1.35272928044;-1.31896348458;-0.496728870774;1.39777593374;-0.907846177678;62.75
1092;130;2016-11-15 00:00:00;2016-11-15 10:00:00;2;5;1;15;320;11;2016;10;0;1;0;0;0;0;0;0;0;0;0;0;0;0;0;0;0;1;0;0;1;0;1;8.0;2.9;8.8;51.0;5.85;1.35272928044;-1.31896348458;-0.496728870774;1.39777593374;-0.907846177678;66.75
1093;131;2016-11-15 00:00:00;2016-11-15 11:00:00;2;5;1;15;320;11;2016;11;0;1;0;0;0;0;0;0;0;0;0;0;0;0;0;0;0;1;0;0;1;0;1;8.0;2.9;8.8;51.0;5.85;1.35272928044;-1.31896348458;-0.496728870774;1.39777593374;-0.907846177678;70.75
1094;132;2016-11-15 00:00:00;2016-11-15 12:00:00;2;5;1;15;320;11;2016;12;0;1;0;0;0;0;0;0;0;0;0;0;0;0;0;0;0;1;0;0;1;0;1;8.0;2.9;8.8;51.0;5.85;1.35272928044;-1.31896348458;-0.496728870774;1.39777593374;-0.907846177678;75.0
1095;133;2016-11-15 00:00:00;2016-11-15 13:00:00;2;5;1;15;320;11;2016;13;0;1;0;0;0;0;0;0;0;0;0;0;0;0;0;0;0;1;0;0;1;0;1;8.0;2.9;8.8;51.0;5.85;1.35272928044;-1.31896348458;-0.496728870774;1.39777593374;-0.907846177678;79.0
1096;134;2016-11-15 00:00:00;2016-11-15 14:00:00;2;5;1;15;320;11;2016;14;0;1;0;0;0;0;0;0;0;0;0;0;0;0;0;0;0;1;0;0;1;0;1;8.0;2.9;8.8;51.0;5.85;1.35272928044;-1.31896348458;-0.496728870774;1.39777593374;-0.907846177678;83.0
1097;135;2016-11-15 00:00:00;2016-11-15 15:00:00;2;5;1;15;320;11;2016;15;0;1;0;0;0;0;0;0;0;0;0;0;0;0;0;0;0;1;0;0;1;0;1;8.0;2.9;8.8;51.0;5.85;1.35272928044;-1.31896348458;-0.496728870774;1.39777593374;-0.907846177678;87.0
1098;136;2016-11-15 00:00:00;2016-11-15 16:00:00;2;5;1;15;320;11;2016;16;0;1;0;0;0;0;0;0;0;0;0;0;0;0;0;0;0;1;0;0;1;0;1;8.0;2.9;8.8;51.0;5.85;1.35272928044;-1.31896348458;-0.496728870774;1.39777593374;-0.907846177678;91.25
1099;137;2016-11-15 00:00:00;2016-11-15 17:00:00;2;5;1;15;320;11;2016;17;0;1;0;0;0;0;0;0;0;0;0;0;0;0;0;0;0;1;0;0;1;0;1;8.0;2.9;8.8;51.0;5.85;1.35272928044;-1.31896348458;-0.496728870774;1.39777593374;-0.907846177678;95.25
1100;138;2016-11-15 00:00:00;2016-11-15 18:00:00;2;5;1;15;320;11;2016;18;0;1;0;0;0;0;0;0;0;0;0;0;0;0;0;0;0;1;0;0;1;0;1;8.0;2.9;8.8;51.0;5.85;1.35272928044;-1.31896348458;-0.496728870774;1.39777593374;-0.907846177678;99.25
1101;139;2016-11-15 00:00:00;2016-11-15 19:00:00;2;5;1;15;320;11;2016;19;0;1;0;0;0;0;0;0;0;0;0;0;0;0;0;0;0;1;0;0;1;0;1;8.0;2.9;8.8;51.0;5.85;1.35272928044;-1.31896348458;-0.496728870774;1.39777593374;-0.907846177678;103.25
1102;140;2016-11-15 00:00:00;2016-11-15 20:00:00;2;5;1;15;320;11;2016;20;0;1;0;0;0;0;0;0;0;0;0;0;0;0;0;0;0;1;0;0;1;0;1;8.0;2.9;8.8;51.0;5.85;1.35272928044;-1.31896348458;-0.496728870774;1.39777593374;-0.907846177678;107.25
1103;141;2016-11-15 00:00:00;2016-11-15 21:00:00;2;5;1;15;320;11;2016;21;0;1;0;0;0;0;0;0;0;0;0;0;0;0;0;0;0;1;0;0;1;0;1;8.0;2.9;8.8;51.0;5.85;1.35272928044;-1.31896348458;-0.496728870774;1.39777593374;-0.907846177678;111.5
1104;142;2016-11-15 00:00:00;2016-11-15 22:00:00;2;5;1;15;320;11;2016;22;0;1;0;0;0;0;0;0;0;0;0;0;0;0;0;0;0;1;0;0;1;0;1;8.0;2.9;8.8;51.0;5.85;1.35272928044;-1.31896348458;-0.496728870774;1.39777593374;-0.907846177678;115.5
1105;143;2016-11-15 00:00:00;2016-11-15 23:00:00;2;5;1;15;320;11;2016;23;0;1;0;0;0;0;0;0;0;0;0;0;0;0;0;0;0;1;0;0;1;0;1;8.0;2.9;8.8;51.0;5.85;1.35272928044;-1.31896348458;-0.496728870774;1.39777593374;-0.907846177678;119.5
1106;144;2016-11-16 00:00:00;2016-11-16 00:00:00;2;5;2;16;321;11;2016;0;0;0;1;0;0;0;0;0;0;0;0;0;0;0;0;0;0;1;0;0;1;0;1;7.0;7.6;9.6;61.0;8.6;0.973632216202;-0.663963029515;-0.385239431614;1.80390086643;-0.524601230564;34.25
1107;145;2016-11-16 00:00:00;2016-11-16 01:00:00;2;5;2;16;321;11;2016;1;0;0;1;0;0;0;0;0;0;0;0;0;0;0;0;0;0;1;0;0;1;0;1;7.0;7.6;9.6;61.0;8.6;0.973632216202;-0.663963029515;-0.385239431614;1.80390086643;-0.524601230564;38.25
1108;146;2016-11-16 00:00:00;2016-11-16 02:00:00;2;5;2;16;321;11;2016;2;0;0;1;0;0;0;0;0;0;0;0;0;0;0;0;0;0;1;0;0;1;0;1;7.0;7.6;9.6;61.0;8.6;0.973632216202;-0.663963029515;-0.385239431614;1.80390086643;-0.524601230564;42.25
1109;147;2016-11-16 00:00:00;2016-11-16 03:00:00;2;5;2;16;321;11;2016;3;0;0;1;0;0;0;0;0;0;0;0;0;0;0;0;0;0;1;0;0;1;0;1;7.0;7.6;9.6;61.0;8.6;0.973632216202;-0.663963029515;-0.385239431614;1.80390086643;-0.524601230564;46.5
1110;148;2016-11-16 00:00:00;2016-11-16 04:00:00;2;5;2;16;321;11;2016;4;0;0;1;0;0;0;0;0;0;0;0;0;0;0;0;0;0;1;0;0;1;0;1;7.0;7.6;9.6;61.0;8.6;0.973632216202;-0.663963029515;-0.385239431614;1.80390086643;-0.524601230564;50.5
1111;149;2016-11-16 00:00:00;2016-11-16 05:00:00;2;5;2;16;321;11;2016;5;0;0;1;0;0;0;0;0;0;0;0;0;0;0;0;0;0;1;0;0;1;0;1;7.0;7.6;9.6;61.0;8.6;0.973632216202;-0.663963029515;-0.385239431614;1.80390086643;-0.524601230564;54.5
1112;150;2016-11-16 00:00:00;2016-11-16 06:00:00;2;5;2;16;321;11;2016;6;0;0;1;0;0;0;0;0;0;0;0;0;0;0;0;0;0;1;0;0;1;0;1;7.0;7.6;9.6;61.0;8.6;0.973632216202;-0.663963029515;-0.385239431614;1.80390086643;-0.524601230564;58.5
1113;151;2016-11-16 00:00:00;2016-11-16 07:00:00;2;5;2;16;321;11;2016;7;0;0;1;0;0;0;0;0;0;0;0;0;0;0;0;0;0;1;0;0;1;0;1;7.0;7.6;9.6;61.0;8.6;0.973632216202;-0.663963029515;-0.385239431614;1.80390086643;-0.524601230564;62.75
1114;152;2016-11-16 00:00:00;2016-11-16 08:00:00;2;5;2;16;321;11;2016;8;0;0;1;0;0;0;0;0;0;0;0;0;0;0;0;0;0;1;0;0;1;0;1;7.0;7.6;9.6;61.0;8.6;0.973632216202;-0.663963029515;-0.385239431614;1.80390086643;-0.524601230564;66.75
1115;153;2016-11-16 00:00:00;2016-11-16 09:00:00;2;5;2;16;321;11;2016;9;0;0;1;0;0;0;0;0;0;0;0;0;0;0;0;0;0;1;0;0;1;0;1;7.0;7.6;9.6;61.0;8.6;0.973632216202;-0.663963029515;-0.385239431614;1.80390086643;-0.524601230564;70.75
1116;154;2016-11-16 00:00:00;2016-11-16 10:00:00;2;5;2;16;321;11;2016;10;0;0;1;0;0;0;0;0;0;0;0;0;0;0;0;0;0;1;0;0;1;0;1;7.0;7.6;9.6;61.0;8.6;0.973632216202;-0.663963029515;-0.385239431614;1.80390086643;-0.524601230564;74.75
1117;155;2016-11-16 00:00:00;2016-11-16 11:00:00;2;5;2;16;321;11;2016;11;0;0;1;0;0;0;0;0;0;0;0;0;0;0;0;0;0;1;0;0;1;0;1;7.0;7.6;9.6;61.0;8.6;0.973632216202;-0.663963029515;-0.385239431614;1.80390086643;-0.524601230564;78.75
1118;156;2016-11-16 00:00:00;2016-11-16 12:00:00;2;5;2;16;321;11;2016;12;0;0;1;0;0;0;0;0;0;0;0;0;0;0;0;0;0;1;0;0;1;0;1;7.0;7.6;9.6;61.0;8.6;0.973632216202;-0.663963029515;-0.385239431614;1.80390086643;-0.524601230564;83.0
1119;157;2016-11-16 00:00:00;2016-11-16 13:00:00;2;5;2;16;321;11;2016;13;0;0;1;0;0;0;0;0;0;0;0;0;0;0;0;0;0;1;0;0;1;0;1;7.0;7.6;9.6;61.0;8.6;0.973632216202;-0.663963029515;-0.385239431614;1.80390086643;-0.524601230564;87.0
1120;158;2016-11-16 00:00:00;2016-11-16 14:00:00;2;5;2;16;321;11;2016;14;0;0;1;0;0;0;0;0;0;0;0;0;0;0;0;0;0;1;0;0;1;0;1;7.0;7.6;9.6;61.0;8.6;0.973632216202;-0.663963029515;-0.385239431614;1.80390086643;-0.524601230564;91.0
1121;159;2016-11-16 00:00:00;2016-11-16 15:00:00;2;5;2;16;321;11;2016;15;0;0;1;0;0;0;0;0;0;0;0;0;0;0;0;0;0;1;0;0;1;0;1;7.0;7.6;9.6;61.0;8.6;0.973632216202;-0.663963029515;-0.385239431614;1.80390086643;-0.524601230564;95.0
1122;160;2016-11-16 00:00:00;2016-11-16 16:00:00;2;5;2;16;321;11;2016;16;0;0;1;0;0;0;0;0;0;0;0;0;0;0;0;0;0;1;0;0;1;0;1;7.0;7.6;9.6;61.0;8.6;0.973632216202;-0.663963029515;-0.385239431614;1.80390086643;-0.524601230564;99.25
1123;161;2016-11-16 00:00:00;2016-11-16 17:00:00;2;5;2;16;321;11;2016;17;0;0;1;0;0;0;0;0;0;0;0;0;0;0;0;0;0;1;0;0;1;0;1;7.0;7.6;9.6;61.0;8.6;0.973632216202;-0.663963029515;-0.385239431614;1.80390086643;-0.524601230564;103.25
1124;162;2016-11-16 00:00:00;2016-11-16 18:00:00;2;5;2;16;321;11;2016;18;0;0;1;0;0;0;0;0;0;0;0;0;0;0;0;0;0;1;0;0;1;0;1;7.0;7.6;9.6;61.0;8.6;0.973632216202;-0.663963029515;-0.385239431614;1.80390086643;-0.524601230564;107.25
1125;163;2016-11-16 00:00:00;2016-11-16 19:00:00;2;5;2;16;321;11;2016;19;0;0;1;0;0;0;0;0;0;0;0;0;0;0;0;0;0;1;0;0;1;0;1;7.0;7.6;9.6;61.0;8.6;0.973632216202;-0.663963029515;-0.385239431614;1.80390086643;-0.524601230564;111.25
1126;164;2016-11-16 00:00:00;2016-11-16 20:00:00;2;5;2;16;321;11;2016;20;0;0;1;0;0;0;0;0;0;0;0;0;0;0;0;0;0;1;0;0;1;0;1;7.0;7.6;9.6;61.0;8.6;0.973632216202;-0.663963029515;-0.385239431614;1.80390086643;-0.524601230564;115.25
1127;165;2016-11-16 00:00:00;2016-11-16 21:00:00;2;5;2;16;321;11;2016;21;0;0;1;0;0;0;0;0;0;0;0;0;0;0;0;0;0;1;0;0;1;0;1;7.0;7.6;9.6;61.0;8.6;0.973632216202;-0.663963029515;-0.385239431614;1.80390086643;-0.524601230564;119.5
1128;166;2016-11-16 00:00:00;2016-11-16 22:00:00;2;5;2;16;321;11;2016;22;0;0;1;0;0;0;0;0;0;0;0;0;0;0;0;0;0;1;0;0;1;0;1;7.0;7.6;9.6;61.0;8.6;0.973632216202;-0.663963029515;-0.385239431614;1.80390086643;-0.524601230564;123.5
1129;167;2016-11-16 00:00:00;2016-11-16 23:00:00;2;5;2;16;321;11;2016;23;0;0;1;0;0;0;0;0;0;0;0;0;0;0;0;0;0;1;0;0;1;0;1;7.0;7.6;9.6;61.0;8.6;0.973632216202;-0.663963029515;-0.385239431614;1.80390086643;-0.524601230564;127.5
1130;168;2016-11-17 00:00:00;2016-11-17 00:00:00;2;5;3;17;322;11;2016;0;0;0;0;1;0;0;0;0;0;0;0;0;0;0;0;0;0;1;0;0;1;0;1;6.0;5.4;8.9;6.0;7.15;0.594535151964;-0.970558987206;-0.482792690879;-0.429786263343;-0.726675839043;44.5
1131;169;2016-11-17 00:00:00;2016-11-17 01:00:00;2;5;3;17;322;11;2016;1;0;0;0;1;0;0;0;0;0;0;0;0;0;0;0;0;0;1;0;0;1;0;1;6.0;5.4;8.9;6.0;7.15;0.594535151964;-0.970558987206;-0.482792690879;-0.429786263343;-0.726675839043;48.5
1132;170;2016-11-17 00:00:00;2016-11-17 02:00:00;2;5;3;17;322;11;2016;2;0;0;0;1;0;0;0;0;0;0;0;0;0;0;0;0;0;1;0;0;1;0;1;6.0;5.4;8.9;6.0;7.15;0.594535151964;-0.970558987206;-0.482792690879;-0.429786263343;-0.726675839043;52.5
1133;171;2016-11-17 00:00:00;2016-11-17 03:00:00;2;5;3;17;322;11;2016;3;0;0;0;1;0;0;0;0;0;0;0;0;0;0;0;0;0;1;0;0;1;0;1;6.0;5.4;8.9;6.0;7.15;0.594535151964;-0.970558987206;-0.482792690879;-0.429786263343;-0.726675839043;56.75
1134;172;2016-11-17 00:00:00;2016-11-17 04:00:00;2;5;3;17;322;11;2016;4;0;0;0;1;0;0;0;0;0;0;0;0;0;0;0;0;0;1;0;0;1;0;1;6.0;5.4;8.9;6.0;7.15;0.594535151964;-0.970558987206;-0.482792690879;-0.429786263343;-0.726675839043;60.75
1135;173;2016-11-17 00:00:00;2016-11-17 05:00:00;2;5;3;17;322;11;2016;5;0;0;0;1;0;0;0;0;0;0;0;0;0;0;0;0;0;1;0;0;1;0;1;6.0;5.4;8.9;6.0;7.15;0.594535151964;-0.970558987206;-0.482792690879;-0.429786263343;-0.726675839043;64.75
1136;174;2016-11-17 00:00:00;2016-11-17 06:00:00;2;5;3;17;322;11;2016;6;0;0;0;1;0;0;0;0;0;0;0;0;0;0;0;0;0;1;0;0;1;0;1;6.0;5.4;8.9;6.0;7.15;0.594535151964;-0.970558987206;-0.482792690879;-0.429786263343;-0.726675839043;68.75
1137;175;2016-11-17 00:00:00;2016-11-17 07:00:00;2;5;3;17;322;11;2016;7;0;0;0;1;0;0;0;0;0;0;0;0;0;0;0;0;0;1;0;0;1;0;1;6.0;5.4;8.9;6.0;7.15;0.594535151964;-0.970558987206;-0.482792690879;-0.429786263343;-0.726675839043;73.0
1138;176;2016-11-17 00:00:00;2016-11-17 08:00:00;2;5;3;17;322;11;2016;8;0;0;0;1;0;0;0;0;0;0;0;0;0;0;0;0;0;1;0;0;1;0;1;6.0;5.4;8.9;6.0;7.15;0.594535151964;-0.970558987206;-0.482792690879;-0.429786263343;-0.726675839043;77.0
1139;177;2016-11-17 00:00:00;2016-11-17 09:00:00;2;5;3;17;322;11;2016;9;0;0;0;1;0;0;0;0;0;0;0;0;0;0;0;0;0;1;0;0;1;0;1;6.0;5.4;8.9;6.0;7.15;0.594535151964;-0.970558987206;-0.482792690879;-0.429786263343;-0.726675839043;81.0
1140;178;2016-11-17 00:00:00;2016-11-17 10:00:00;2;5;3;17;322;11;2016;10;0;0;0;1;0;0;0;0;0;0;0;0;0;0;0;0;0;1;0;0;1;0;1;6.0;5.4;8.9;6.0;7.15;0.594535151964;-0.970558987206;-0.482792690879;-0.429786263343;-0.726675839043;85.0
1141;179;2016-11-17 00:00:00;2016-11-17 11:00:00;2;5;3;17;322;11;2016;11;0;0;0;1;0;0;0;0;0;0;0;0;0;0;0;0;0;1;0;0;1;0;1;6.0;5.4;8.9;6.0;7.15;0.594535151964;-0.970558987206;-0.482792690879;-0.429786263343;-0.726675839043;89.0
1142;180;2016-11-17 00:00:00;2016-11-17 12:00:00;2;5;3;17;322;11;2016;12;0;0;0;1;0;0;0;0;0;0;0;0;0;0;0;0;0;1;0;0;1;0;1;6.0;5.4;8.9;6.0;7.15;0.594535151964;-0.970558987206;-0.482792690879;-0.429786263343;-0.726675839043;93.25
1143;181;2016-11-17 00:00:00;2016-11-17 13:00:00;2;5;3;17;322;11;2016;13;0;0;0;1;0;0;0;0;0;0;0;0;0;0;0;0;0;1;0;0;1;0;1;6.0;5.4;8.9;6.0;7.15;0.594535151964;-0.970558987206;-0.482792690879;-0.429786263343;-0.726675839043;97.25
1144;182;2016-11-17 00:00:00;2016-11-17 14:00:00;2;5;3;17;322;11;2016;14;0;0;0;1;0;0;0;0;0;0;0;0;0;0;0;0;0;1;0;0;1;0;1;6.0;5.4;8.9;6.0;7.15;0.594535151964;-0.970558987206;-0.482792690879;-0.429786263343;-0.726675839043;101.25
1145;183;2016-11-17 00:00:00;2016-11-17 15:00:00;2;5;3;17;322;11;2016;15;0;0;0;1;0;0;0;0;0;0;0;0;0;0;0;0;0;1;0;0;1;0;1;6.0;5.4;8.9;6.0;7.15;0.594535151964;-0.970558987206;-0.482792690879;-0.429786263343;-0.726675839043;105.25
1146;184;2016-11-17 00:00:00;2016-11-17 16:00:00;2;5;3;17;322;11;2016;16;0;0;0;1;0;0;0;0;0;0;0;0;0;0;0;0;0;1;0;0;1;0;1;6.0;5.4;8.9;6.0;7.15;0.594535151964;-0.970558987206;-0.482792690879;-0.429786263343;-0.726675839043;109.5
1147;185;2016-11-17 00:00:00;2016-11-17 17:00:00;2;5;3;17;322;11;2016;17;0;0;0;1;0;0;0;0;0;0;0;0;0;0;0;0;0;1;0;0;1;0;1;6.0;5.4;8.9;6.0;7.15;0.594535151964;-0.970558987206;-0.482792690879;-0.429786263343;-0.726675839043;113.5
1148;186;2016-11-17 00:00:00;2016-11-17 18:00:00;2;5;3;17;322;11;2016;18;0;0;0;1;0;0;0;0;0;0;0;0;0;0;0;0;0;1;0;0;1;0;1;6.0;5.4;8.9;6.0;7.15;0.594535151964;-0.970558987206;-0.482792690879;-0.429786263343;-0.726675839043;117.5
1149;187;2016-11-17 00:00:00;2016-11-17 19:00:00;2;5;3;17;322;11;2016;19;0;0;0;1;0;0;0;0;0;0;0;0;0;0;0;0;0;1;0;0;1;0;1;6.0;5.4;8.9;6.0;7.15;0.594535151964;-0.970558987206;-0.482792690879;-0.429786263343;-0.726675839043;121.5
1150;188;2016-11-17 00:00:00;2016-11-17 20:00:00;2;5;3;17;322;11;2016;20;0;0;0;1;0;0;0;0;0;0;0;0;0;0;0;0;0;1;0;0;1;0;1;6.0;5.4;8.9;6.0;7.15;0.594535151964;-0.970558987206;-0.482792690879;-0.429786263343;-0.726675839043;125.5
1151;189;2016-11-17 00:00:00;2016-11-17 21:00:00;2;5;3;17;322;11;2016;21;0;0;0;1;0;0;0;0;0;0;0;0;0;0;0;0;0;1;0;0;1;0;1;6.0;5.4;8.9;6.0;7.15;0.594535151964;-0.970558987206;-0.482792690879;-0.429786263343;-0.726675839043;129.75
1152;190;2016-11-17 00:00:00;2016-11-17 22:00:00;2;5;3;17;322;11;2016;22;0;0;0;1;0;0;0;0;0;0;0;0;0;0;0;0;0;1;0;0;1;0;1;6.0;5.4;8.9;6.0;7.15;0.594535151964;-0.970558987206;-0.482792690879;-0.429786263343;-0.726675839043;133.75
1153;191;2016-11-17 00:00:00;2016-11-17 23:00:00;2;5;3;17;322;11;2016;23;0;0;0;1;0;0;0;0;0;0;0;0;0;0;0;0;0;1;0;0;1;0;1;6.0;5.4;8.9;6.0;7.15;0.594535151964;-0.970558987206;-0.482792690879;-0.429786263343;-0.726675839043;137.75
1154;192;2016-11-18 00:00:00;2016-11-18 00:00:00;2;5;4;18;323;11;2016;0;0;0;0;0;1;0;0;0;0;0;0;0;0;0;0;0;0;1;0;0;1;0;1;0.0;0.0;0.0;0.0;0.0;0.0;0.0;0.0;0.0;0.0;57.0
1155;193;2016-11-18 00:00:00;2016-11-18 01:00:00;2;5;4;18;323;11;2016;1;0;0;0;0;1;0;0;0;0;0;0;0;0;0;0;0;0;1;0;0;1;0;1;0.0;0.0;0.0;0.0;0.0;0.0;0.0;0.0;0.0;0.0;61.0
1156;194;2016-11-18 00:00:00;2016-11-18 02:00:00;2;5;4;18;323;11;2016;2;0;0;0;0;1;0;0;0;0;0;0;0;0;0;0;0;0;1;0;0;1;0;1;0.0;0.0;0.0;0.0;0.0;0.0;0.0;0.0;0.0;0.0;65.0
1157;195;2016-11-18 00:00:00;2016-11-18 03:00:00;2;5;4;18;323;11;2016;3;0;0;0;0;1;0;0;0;0;0;0;0;0;0;0;0;0;1;0;0;1;0;1;0.0;0.0;0.0;0.0;0.0;0.0;0.0;0.0;0.0;0.0;69.25
1158;196;2016-11-18 00:00:00;2016-11-18 04:00:00;2;5;4;18;323;11;2016;4;0;0;0;0;1;0;0;0;0;0;0;0;0;0;0;0;0;1;0;0;1;0;1;0.0;0.0;0.0;0.0;0.0;0.0;0.0;0.0;0.0;0.0;73.25
1159;197;2016-11-18 00:00:00;2016-11-18 05:00:00;2;5;4;18;323;11;2016;5;0;0;0;0;1;0;0;0;0;0;0;0;0;0;0;0;0;1;0;0;1;0;1;0.0;0.0;0.0;0.0;0.0;0.0;0.0;0.0;0.0;0.0;77.25
1160;198;2016-11-18 00:00:00;2016-11-18 06:00:00;2;5;4;18;323;11;2016;6;0;0;0;0;1;0;0;0;0;0;0;0;0;0;0;0;0;1;0;0;1;0;1;0.0;0.0;0.0;0.0;0.0;0.0;0.0;0.0;0.0;0.0;81.25
1161;199;2016-11-18 00:00:00;2016-11-18 07:00:00;2;5;4;18;323;11;2016;7;0;0;0;0;1;0;0;0;0;0;0;0;0;0;0;0;0;1;0;0;1;0;1;0.0;0.0;0.0;0.0;0.0;0.0;0.0;0.0;0.0;0.0;85.5
1162;200;2016-11-18 00:00:00;2016-11-18 08:00:00;2;5;4;18;323;11;2016;8;0;0;0;0;1;0;0;0;0;0;0;0;0;0;0;0;0;1;0;0;1;0;1;0.0;0.0;0.0;0.0;0.0;0.0;0.0;0.0;0.0;0.0;89.5
1163;201;2016-11-18 00:00:00;2016-11-18 09:00:00;2;5;4;18;323;11;2016;9;0;0;0;0;1;0;0;0;0;0;0;0;0;0;0;0;0;1;0;0;1;0;1;0.0;0.0;0.0;0.0;0.0;0.0;0.0;0.0;0.0;0.0;93.5
1164;202;2016-11-18 00:00:00;2016-11-18 10:00:00;2;5;4;18;323;11;2016;10;0;0;0;0;1;0;0;0;0;0;0;0;0;0;0;0;0;1;0;0;1;0;1;0.0;0.0;0.0;0.0;0.0;0.0;0.0;0.0;0.0;0.0;97.5
1165;203;2016-11-18 00:00:00;2016-11-18 11:00:00;2;5;4;18;323;11;2016;11;0;0;0;0;1;0;0;0;0;0;0;0;0;0;0;0;0;1;0;0;1;0;1;0.0;0.0;0.0;0.0;0.0;0.0;0.0;0.0;0.0;0.0;101.5
1166;204;2016-11-18 00:00:00;2016-11-18 12:00:00;2;5;4;18;323;11;2016;12;0;0;0;0;1;0;0;0;0;0;0;0;0;0;0;0;0;1;0;0;1;0;1;0.0;0.0;0.0;0.0;0.0;0.0;0.0;0.0;0.0;0.0;105.75
1167;205;2016-11-18 00:00:00;2016-11-18 13:00:00;2;5;4;18;323;11;2016;13;0;0;0;0;1;0;0;0;0;0;0;0;0;0;0;0;0;1;0;0;1;0;1;0.0;0.0;0.0;0.0;0.0;0.0;0.0;0.0;0.0;0.0;109.75
1168;206;2016-11-18 00:00:00;2016-11-18 14:00:00;2;5;4;18;323;11;2016;14;0;0;0;0;1;0;0;0;0;0;0;0;0;0;0;0;0;1;0;0;1;0;1;0.0;0.0;0.0;0.0;0.0;0.0;0.0;0.0;0.0;0.0;113.75
1169;207;2016-11-18 00:00:00;2016-11-18 15:00:00;2;5;4;18;323;11;2016;15;0;0;0;0;1;0;0;0;0;0;0;0;0;0;0;0;0;1;0;0;1;0;1;0.0;0.0;0.0;0.0;0.0;0.0;0.0;0.0;0.0;0.0;117.75
1170;208;2016-11-18 00:00:00;2016-11-18 16:00:00;2;5;4;18;323;11;2016;16;0;0;0;0;1;0;0;0;0;0;0;0;0;0;0;0;0;1;0;0;1;0;1;0.0;0.0;0.0;0.0;0.0;0.0;0.0;0.0;0.0;0.0;122.0
1171;209;2016-11-18 00:00:00;2016-11-18 17:00:00;2;5;4;18;323;11;2016;17;0;0;0;0;1;0;0;0;0;0;0;0;0;0;0;0;0;1;0;0;1;0;1;0.0;0.0;0.0;0.0;0.0;0.0;0.0;0.0;0.0;0.0;126.0
1172;210;2016-11-18 00:00:00;2016-11-18 18:00:00;2;5;4;18;323;11;2016;18;0;0;0;0;1;0;0;0;0;0;0;0;0;0;0;0;0;1;0;0;1;0;1;0.0;0.0;0.0;0.0;0.0;0.0;0.0;0.0;0.0;0.0;130.0
1173;211;2016-11-18 00:00:00;2016-11-18 19:00:00;2;5;4;18;323;11;2016;19;0;0;0;0;1;0;0;0;0;0;0;0;0;0;0;0;0;1;0;0;1;0;1;0.0;0.0;0.0;0.0;0.0;0.0;0.0;0.0;0.0;0.0;134.0
1174;212;2016-11-18 00:00:00;2016-11-18 20:00:00;2;5;4;18;323;11;2016;20;0;0;0;0;1;0;0;0;0;0;0;0;0;0;0;0;0;1;0;0;1;0;1;0.0;0.0;0.0;0.0;0.0;0.0;0.0;0.0;0.0;0.0;138.0
1175;213;2016-11-18 00:00:00;2016-11-18 21:00:00;2;5;4;18;323;11;2016;21;0;0;0;0;1;0;0;0;0;0;0;0;0;0;0;0;0;1;0;0;1;0;1;0.0;0.0;0.0;0.0;0.0;0.0;0.0;0.0;0.0;0.0;142.25
1176;214;2016-11-18 00:00:00;2016-11-18 22:00:00;2;5;4;18;323;11;2016;22;0;0;0;0;1;0;0;0;0;0;0;0;0;0;0;0;0;1;0;0;1;0;1;0.0;0.0;0.0;0.0;0.0;0.0;0.0;0.0;0.0;0.0;146.25
1177;215;2016-11-18 00:00:00;2016-11-18 23:00:00;2;5;4;18;323;11;2016;23;0;0;0;0;1;0;0;0;0;0;0;0;0;0;0;0;0;1;0;0;1;0;1;0.0;0.0;0.0;0.0;0.0;0.0;0.0;0.0;0.0;0.0;150.25
1178;216;2016-11-19 00:00:00;2016-11-19 00:00:00;2;5;5;19;324;11;2016;0;0;0;0;0;0;1;0;0;0;0;0;0;0;0;0;0;0;1;0;0;1;0;1;0.0;0.0;0.0;0.0;0.0;0.0;0.0;0.0;0.0;0.0;113.5
1179;217;2016-11-19 00:00:00;2016-11-19 01:00:00;2;5;5;19;324;11;2016;1;0;0;0;0;0;1;0;0;0;0;0;0;0;0;0;0;0;1;0;0;1;0;1;0.0;0.0;0.0;0.0;0.0;0.0;0.0;0.0;0.0;0.0;117.5
1180;218;2016-11-19 00:00:00;2016-11-19 02:00:00;2;5;5;19;324;11;2016;2;0;0;0;0;0;1;0;0;0;0;0;0;0;0;0;0;0;1;0;0;1;0;1;0.0;0.0;0.0;0.0;0.0;0.0;0.0;0.0;0.0;0.0;121.5
1181;219;2016-11-19 00:00:00;2016-11-19 03:00:00;2;5;5;19;324;11;2016;3;0;0;0;0;0;1;0;0;0;0;0;0;0;0;0;0;0;1;0;0;1;0;1;0.0;0.0;0.0;0.0;0.0;0.0;0.0;0.0;0.0;0.0;125.75
1182;220;2016-11-19 00:00:00;2016-11-19 04:00:00;2;5;5;19;324;11;2016;4;0;0;0;0;0;1;0;0;0;0;0;0;0;0;0;0;0;1;0;0;1;0;1;0.0;0.0;0.0;0.0;0.0;0.0;0.0;0.0;0.0;0.0;129.75
1183;221;2016-11-19 00:00:00;2016-11-19 05:00:00;2;5;5;19;324;11;2016;5;0;0;0;0;0;1;0;0;0;0;0;0;0;0;0;0;0;1;0;0;1;0;1;0.0;0.0;0.0;0.0;0.0;0.0;0.0;0.0;0.0;0.0;133.75
1184;222;2016-11-19 00:00:00;2016-11-19 06:00:00;2;5;5;19;324;11;2016;6;0;0;0;0;0;1;0;0;0;0;0;0;0;0;0;0;0;1;0;0;1;0;1;0.0;0.0;0.0;0.0;0.0;0.0;0.0;0.0;0.0;0.0;137.75
1185;223;2016-11-19 00:00:00;2016-11-19 07:00:00;2;5;5;19;324;11;2016;7;0;0;0;0;0;1;0;0;0;0;0;0;0;0;0;0;0;1;0;0;1;0;1;0.0;0.0;0.0;0.0;0.0;0.0;0.0;0.0;0.0;0.0;142.0
1186;224;2016-11-19 00:00:00;2016-11-19 08:00:00;2;5;5;19;324;11;2016;8;0;0;0;0;0;1;0;0;0;0;0;0;0;0;0;0;0;1;0;0;1;0;1;0.0;0.0;0.0;0.0;0.0;0.0;0.0;0.0;0.0;0.0;146.0
1187;225;2016-11-19 00:00:00;2016-11-19 09:00:00;2;5;5;19;324;11;2016;9;0;0;0;0;0;1;0;0;0;0;0;0;0;0;0;0;0;1;0;0;1;0;1;0.0;0.0;0.0;0.0;0.0;0.0;0.0;0.0;0.0;0.0;150.0
1188;226;2016-11-19 00:00:00;2016-11-19 10:00:00;2;5;5;19;324;11;2016;10;0;0;0;0;0;1;0;0;0;0;0;0;0;0;0;0;0;1;0;0;1;0;1;0.0;0.0;0.0;0.0;0.0;0.0;0.0;0.0;0.0;0.0;154.0
1189;227;2016-11-19 00:00:00;2016-11-19 11:00:00;2;5;5;19;324;11;2016;11;0;0;0;0;0;1;0;0;0;0;0;0;0;0;0;0;0;1;0;0;1;0;1;0.0;0.0;0.0;0.0;0.0;0.0;0.0;0.0;0.0;0.0;158.0
1190;228;2016-11-19 00:00:00;2016-11-19 12:00:00;2;5;5;19;324;11;2016;12;0;0;0;0;0;1;0;0;0;0;0;0;0;0;0;0;0;1;0;0;1;0;1;0.0;0.0;0.0;0.0;0.0;0.0;0.0;0.0;0.0;0.0;162.25
1191;229;2016-11-19 00:00:00;2016-11-19 13:00:00;2;5;5;19;324;11;2016;13;0;0;0;0;0;1;0;0;0;0;0;0;0;0;0;0;0;1;0;0;1;0;1;0.0;0.0;0.0;0.0;0.0;0.0;0.0;0.0;0.0;0.0;166.25
1192;230;2016-11-19 00:00:00;2016-11-19 14:00:00;2;5;5;19;324;11;2016;14;0;0;0;0;0;1;0;0;0;0;0;0;0;0;0;0;0;1;0;0;1;0;1;0.0;0.0;0.0;0.0;0.0;0.0;0.0;0.0;0.0;0.0;170.25
1193;231;2016-11-19 00:00:00;2016-11-19 15:00:00;2;5;5;19;324;11;2016;15;0;0;0;0;0;1;0;0;0;0;0;0;0;0;0;0;0;1;0;0;1;0;1;0.0;0.0;0.0;0.0;0.0;0.0;0.0;0.0;0.0;0.0;174.25
1194;232;2016-11-19 00:00:00;2016-11-19 16:00:00;2;5;5;19;324;11;2016;16;0;0;0;0;0;1;0;0;0;0;0;0;0;0;0;0;0;1;0;0;1;0;1;0.0;0.0;0.0;0.0;0.0;0.0;0.0;0.0;0.0;0.0;178.5
1195;233;2016-11-19 00:00:00;2016-11-19 17:00:00;2;5;5;19;324;11;2016;17;0;0;0;0;0;1;0;0;0;0;0;0;0;0;0;0;0;1;0;0;1;0;1;0.0;0.0;0.0;0.0;0.0;0.0;0.0;0.0;0.0;0.0;182.5
1196;234;2016-11-19 00:00:00;2016-11-19 18:00:00;2;5;5;19;324;11;2016;18;0;0;0;0;0;1;0;0;0;0;0;0;0;0;0;0;0;1;0;0;1;0;1;0.0;0.0;0.0;0.0;0.0;0.0;0.0;0.0;0.0;0.0;186.5
1197;235;2016-11-19 00:00:00;2016-11-19 19:00:00;2;5;5;19;324;11;2016;19;0;0;0;0;0;1;0;0;0;0;0;0;0;0;0;0;0;1;0;0;1;0;1;0.0;0.0;0.0;0.0;0.0;0.0;0.0;0.0;0.0;0.0;190.5
1198;236;2016-11-19 00:00:00;2016-11-19 20:00:00;2;5;5;19;324;11;2016;20;0;0;0;0;0;1;0;0;0;0;0;0;0;0;0;0;0;1;0;0;1;0;1;0.0;0.0;0.0;0.0;0.0;0.0;0.0;0.0;0.0;0.0;194.5
1199;237;2016-11-19 00:00:00;2016-11-19 21:00:00;2;5;5;19;324;11;2016;21;0;0;0;0;0;1;0;0;0;0;0;0;0;0;0;0;0;1;0;0;1;0;1;0.0;0.0;0.0;0.0;0.0;0.0;0.0;0.0;0.0;0.0;198.75
1200;238;2016-11-19 00:00:00;2016-11-19 22:00:00;2;5;5;19;324;11;2016;22;0;0;0;0;0;1;0;0;0;0;0;0;0;0;0;0;0;1;0;0;1;0;1;0.0;0.0;0.0;0.0;0.0;0.0;0.0;0.0;0.0;0.0;202.75
1201;239;2016-11-19 00:00:00;2016-11-19 23:00:00;2;5;5;19;324;11;2016;23;0;0;0;0;0;1;0;0;0;0;0;0;0;0;0;0;0;1;0;0;1;0;1;0.0;0.0;0.0;0.0;0.0;0.0;0.0;0.0;0.0;0.0;206.75
1202;240;2016-11-20 00:00:00;2016-11-20 00:00:00;2;5;6;20;325;11;2016;0;0;0;0;0;0;0;1;0;0;0;0;0;0;0;0;0;0;1;0;0;1;0;1;0.0;0.0;0.0;0.0;0.0;0.0;0.0;0.0;0.0;0.0;-28.75
1203;241;2016-11-20 00:00:00;2016-11-20 01:00:00;2;5;6;20;325;11;2016;1;0;0;0;0;0;0;1;0;0;0;0;0;0;0;0;0;0;1;0;0;1;0;1;0.0;0.0;0.0;0.0;0.0;0.0;0.0;0.0;0.0;0.0;-24.75
1204;242;2016-11-20 00:00:00;2016-11-20 02:00:00;2;5;6;20;325;11;2016;2;0;0;0;0;0;0;1;0;0;0;0;0;0;0;0;0;0;1;0;0;1;0;1;0.0;0.0;0.0;0.0;0.0;0.0;0.0;0.0;0.0;0.0;-20.75
1205;243;2016-11-20 00:00:00;2016-11-20 03:00:00;2;5;6;20;325;11;2016;3;0;0;0;0;0;0;1;0;0;0;0;0;0;0;0;0;0;1;0;0;1;0;1;0.0;0.0;0.0;0.0;0.0;0.0;0.0;0.0;0.0;0.0;-16.5
1206;244;2016-11-20 00:00:00;2016-11-20 04:00:00;2;5;6;20;325;11;2016;4;0;0;0;0;0;0;1;0;0;0;0;0;0;0;0;0;0;1;0;0;1;0;1;0.0;0.0;0.0;0.0;0.0;0.0;0.0;0.0;0.0;0.0;-12.5
1207;245;2016-11-20 00:00:00;2016-11-20 05:00:00;2;5;6;20;325;11;2016;5;0;0;0;0;0;0;1;0;0;0;0;0;0;0;0;0;0;1;0;0;1;0;1;0.0;0.0;0.0;0.0;0.0;0.0;0.0;0.0;0.0;0.0;-8.5
1208;246;2016-11-20 00:00:00;2016-11-20 06:00:00;2;5;6;20;325;11;2016;6;0;0;0;0;0;0;1;0;0;0;0;0;0;0;0;0;0;1;0;0;1;0;1;0.0;0.0;0.0;0.0;0.0;0.0;0.0;0.0;0.0;0.0;-4.5
1209;247;2016-11-20 00:00:00;2016-11-20 07:00:00;2;5;6;20;325;11;2016;7;0;0;0;0;0;0;1;0;0;0;0;0;0;0;0;0;0;1;0;0;1;0;1;0.0;0.0;0.0;0.0;0.0;0.0;0.0;0.0;0.0;0.0;-0.25
1210;248;2016-11-20 00:00:00;2016-11-20 08:00:00;2;5;6;20;325;11;2016;8;0;0;0;0;0;0;1;0;0;0;0;0;0;0;0;0;0;1;0;0;1;0;1;0.0;0.0;0.0;0.0;0.0;0.0;0.0;0.0;0.0;0.0;3.75
1211;249;2016-11-20 00:00:00;2016-11-20 09:00:00;2;5;6;20;325;11;2016;9;0;0;0;0;0;0;1;0;0;0;0;0;0;0;0;0;0;1;0;0;1;0;1;0.0;0.0;0.0;0.0;0.0;0.0;0.0;0.0;0.0;0.0;7.75
1212;250;2016-11-20 00:00:00;2016-11-20 10:00:00;2;5;6;20;325;11;2016;10;0;0;0;0;0;0;1;0;0;0;0;0;0;0;0;0;0;1;0;0;1;0;1;0.0;0.0;0.0;0.0;0.0;0.0;0.0;0.0;0.0;0.0;11.75
1213;251;2016-11-20 00:00:00;2016-11-20 11:00:00;2;5;6;20;325;11;2016;11;0;0;0;0;0;0;1;0;0;0;0;0;0;0;0;0;0;1;0;0;1;0;1;0.0;0.0;0.0;0.0;0.0;0.0;0.0;0.0;0.0;0.0;15.75
1214;252;2016-11-20 00:00:00;2016-11-20 12:00:00;2;5;6;20;325;11;2016;12;0;0;0;0;0;0;1;0;0;0;0;0;0;0;0;0;0;1;0;0;1;0;1;0.0;0.0;0.0;0.0;0.0;0.0;0.0;0.0;0.0;0.0;20.0
1215;253;2016-11-20 00:00:00;2016-11-20 13:00:00;2;5;6;20;325;11;2016;13;0;0;0;0;0;0;1;0;0;0;0;0;0;0;0;0;0;1;0;0;1;0;1;0.0;0.0;0.0;0.0;0.0;0.0;0.0;0.0;0.0;0.0;24.0
1216;254;2016-11-20 00:00:00;2016-11-20 14:00:00;2;5;6;20;325;11;2016;14;0;0;0;0;0;0;1;0;0;0;0;0;0;0;0;0;0;1;0;0;1;0;1;0.0;0.0;0.0;0.0;0.0;0.0;0.0;0.0;0.0;0.0;28.0
1217;255;2016-11-20 00:00:00;2016-11-20 15:00:00;2;5;6;20;325;11;2016;15;0;0;0;0;0;0;1;0;0;0;0;0;0;0;0;0;0;1;0;0;1;0;1;0.0;0.0;0.0;0.0;0.0;0.0;0.0;0.0;0.0;0.0;32.0
1218;256;2016-11-20 00:00:00;2016-11-20 16:00:00;2;5;6;20;325;11;2016;16;0;0;0;0;0;0;1;0;0;0;0;0;0;0;0;0;0;1;0;0;1;0;1;0.0;0.0;0.0;0.0;0.0;0.0;0.0;0.0;0.0;0.0;36.25
1219;257;2016-11-20 00:00:00;2016-11-20 17:00:00;2;5;6;20;325;11;2016;17;0;0;0;0;0;0;1;0;0;0;0;0;0;0;0;0;0;1;0;0;1;0;1;0.0;0.0;0.0;0.0;0.0;0.0;0.0;0.0;0.0;0.0;40.25
1220;258;2016-11-20 00:00:00;2016-11-20 18:00:00;2;5;6;20;325;11;2016;18;0;0;0;0;0;0;1;0;0;0;0;0;0;0;0;0;0;1;0;0;1;0;1;0.0;0.0;0.0;0.0;0.0;0.0;0.0;0.0;0.0;0.0;44.25
1221;259;2016-11-20 00:00:00;2016-11-20 19:00:00;2;5;6;20;325;11;2016;19;0;0;0;0;0;0;1;0;0;0;0;0;0;0;0;0;0;1;0;0;1;0;1;0.0;0.0;0.0;0.0;0.0;0.0;0.0;0.0;0.0;0.0;48.25
1222;260;2016-11-20 00:00:00;2016-11-20 20:00:00;2;5;6;20;325;11;2016;20;0;0;0;0;0;0;1;0;0;0;0;0;0;0;0;0;0;1;0;0;1;0;1;0.0;0.0;0.0;0.0;0.0;0.0;0.0;0.0;0.0;0.0;52.25
1223;261;2016-11-20 00:00:00;2016-11-20 21:00:00;2;5;6;20;325;11;2016;21;0;0;0;0;0;0;1;0;0;0;0;0;0;0;0;0;0;1;0;0;1;0;1;0.0;0.0;0.0;0.0;0.0;0.0;0.0;0.0;0.0;0.0;56.5
1224;262;2016-11-20 00:00:00;2016-11-20 22:00:00;2;5;6;20;325;11;2016;22;0;0;0;0;0;0;1;0;0;0;0;0;0;0;0;0;0;1;0;0;1;0;1;0.0;0.0;0.0;0.0;0.0;0.0;0.0;0.0;0.0;0.0;60.5
1225;263;2016-11-20 00:00:00;2016-11-20 23:00:00;2;5;6;20;325;11;2016;23;0;0;0;0;0;0;1;0;0;0;0;0;0;0;0;0;0;1;0;0;1;0;1;0.0;0.0;0.0;0.0;0.0;0.0;0.0;0.0;0.0;0.0;64.5
1226;264;2016-11-21 00:00:00;2016-11-21 00:00:00;2;5;0;21;326;11;2016;0;1;0;0;0;0;0;0;0;0;0;0;0;0;0;0;0;0;1;0;0;1;0;1;0.0;0.0;0.0;0.0;0.0;0.0;0.0;0.0;0.0;0.0;45.25
1227;265;2016-11-21 00:00:00;2016-11-21 01:00:00;2;5;0;21;326;11;2016;1;1;0;0;0;0;0;0;0;0;0;0;0;0;0;0;0;0;1;0;0;1;0;1;0.0;0.0;0.0;0.0;0.0;0.0;0.0;0.0;0.0;0.0;49.25
1228;266;2016-11-21 00:00:00;2016-11-21 02:00:00;2;5;0;21;326;11;2016;2;1;0;0;0;0;0;0;0;0;0;0;0;0;0;0;0;0;1;0;0;1;0;1;0.0;0.0;0.0;0.0;0.0;0.0;0.0;0.0;0.0;0.0;53.25
1229;267;2016-11-21 00:00:00;2016-11-21 03:00:00;2;5;0;21;326;11;2016;3;1;0;0;0;0;0;0;0;0;0;0;0;0;0;0;0;0;1;0;0;1;0;1;0.0;0.0;0.0;0.0;0.0;0.0;0.0;0.0;0.0;0.0;57.25
1230;268;2016-11-21 00:00:00;2016-11-21 04:00:00;2;5;0;21;326;11;2016;4;1;0;0;0;0;0;0;0;0;0;0;0;0;0;0;0;0;1;0;0;1;0;1;0.0;0.0;0.0;0.0;0.0;0.0;0.0;0.0;0.0;0.0;61.25
1231;269;2016-11-21 00:00:00;2016-11-21 05:00:00;2;5;0;21;326;11;2016;5;1;0;0;0;0;0;0;0;0;0;0;0;0;0;0;0;0;1;0;0;1;0;1;0.0;0.0;0.0;0.0;0.0;0.0;0.0;0.0;0.0;0.0;65.25
1232;270;2016-11-21 00:00:00;2016-11-21 06:00:00;2;5;0;21;326;11;2016;6;1;0;0;0;0;0;0;0;0;0;0;0;0;0;0;0;0;1;0;0;1;0;1;0.0;0.0;0.0;0.0;0.0;0.0;0.0;0.0;0.0;0.0;69.25
1233;271;2016-11-21 00:00:00;2016-11-21 07:00:00;2;5;0;21;326;11;2016;7;1;0;0;0;0;0;0;0;0;0;0;0;0;0;0;0;0;1;0;0;1;0;1;0.0;0.0;0.0;0.0;0.0;0.0;0.0;0.0;0.0;0.0;73.75
1234;272;2016-11-21 00:00:00;2016-11-21 08:00:00;2;5;0;21;326;11;2016;8;1;0;0;0;0;0;0;0;0;0;0;0;0;0;0;0;0;1;0;0;1;0;1;0.0;0.0;0.0;0.0;0.0;0.0;0.0;0.0;0.0;0.0;77.75
1235;273;2016-11-21 00:00:00;2016-11-21 09:00:00;2;5;0;21;326;11;2016;9;1;0;0;0;0;0;0;0;0;0;0;0;0;0;0;0;0;1;0;0;1;0;1;0.0;0.0;0.0;0.0;0.0;0.0;0.0;0.0;0.0;0.0;81.75
1236;274;2016-11-21 00:00:00;2016-11-21 10:00:00;2;5;0;21;326;11;2016;10;1;0;0;0;0;0;0;0;0;0;0;0;0;0;0;0;0;1;0;0;1;0;1;0.0;0.0;0.0;0.0;0.0;0.0;0.0;0.0;0.0;0.0;85.75
1237;275;2016-11-21 00:00:00;2016-11-21 11:00:00;2;5;0;21;326;11;2016;11;1;0;0;0;0;0;0;0;0;0;0;0;0;0;0;0;0;1;0;0;1;0;1;0.0;0.0;0.0;0.0;0.0;0.0;0.0;0.0;0.0;0.0;89.75
1238;276;2016-11-21 00:00:00;2016-11-21 12:00:00;2;5;0;21;326;11;2016;12;1;0;0;0;0;0;0;0;0;0;0;0;0;0;0;0;0;1;0;0;1;0;1;0.0;0.0;0.0;0.0;0.0;0.0;0.0;0.0;0.0;0.0;93.75
1239;277;2016-11-21 00:00:00;2016-11-21 13:00:00;2;5;0;21;326;11;2016;13;1;0;0;0;0;0;0;0;0;0;0;0;0;0;0;0;0;1;0;0;1;0;1;0.0;0.0;0.0;0.0;0.0;0.0;0.0;0.0;0.0;0.0;97.75
1240;278;2016-11-21 00:00:00;2016-11-21 14:00:00;2;5;0;21;326;11;2016;14;1;0;0;0;0;0;0;0;0;0;0;0;0;0;0;0;0;1;0;0;1;0;1;0.0;0.0;0.0;0.0;0.0;0.0;0.0;0.0;0.0;0.0;101.75
1241;279;2016-11-21 00:00:00;2016-11-21 15:00:00;2;5;0;21;326;11;2016;15;1;0;0;0;0;0;0;0;0;0;0;0;0;0;0;0;0;1;0;0;1;0;1;0.0;0.0;0.0;0.0;0.0;0.0;0.0;0.0;0.0;0.0;105.75
1242;280;2016-11-21 00:00:00;2016-11-21 16:00:00;2;5;0;21;326;11;2016;16;1;0;0;0;0;0;0;0;0;0;0;0;0;0;0;0;0;1;0;0;1;0;1;0.0;0.0;0.0;0.0;0.0;0.0;0.0;0.0;0.0;0.0;110.25
1243;281;2016-11-21 00:00:00;2016-11-21 17:00:00;2;5;0;21;326;11;2016;17;1;0;0;0;0;0;0;0;0;0;0;0;0;0;0;0;0;1;0;0;1;0;1;0.0;0.0;0.0;0.0;0.0;0.0;0.0;0.0;0.0;0.0;114.25
1244;282;2016-11-21 00:00:00;2016-11-21 18:00:00;2;5;0;21;326;11;2016;18;1;0;0;0;0;0;0;0;0;0;0;0;0;0;0;0;0;1;0;0;1;0;1;0.0;0.0;0.0;0.0;0.0;0.0;0.0;0.0;0.0;0.0;118.25
1245;283;2016-11-21 00:00:00;2016-11-21 19:00:00;2;5;0;21;326;11;2016;19;1;0;0;0;0;0;0;0;0;0;0;0;0;0;0;0;0;1;0;0;1;0;1;0.0;0.0;0.0;0.0;0.0;0.0;0.0;0.0;0.0;0.0;122.25
1246;284;2016-11-21 00:00:00;2016-11-21 20:00:00;2;5;0;21;326;11;2016;20;1;0;0;0;0;0;0;0;0;0;0;0;0;0;0;0;0;1;0;0;1;0;1;0.0;0.0;0.0;0.0;0.0;0.0;0.0;0.0;0.0;0.0;126.25
1247;285;2016-11-21 00:00:00;2016-11-21 21:00:00;2;5;0;21;326;11;2016;21;1;0;0;0;0;0;0;0;0;0;0;0;0;0;0;0;0;1;0;0;1;0;1;0.0;0.0;0.0;0.0;0.0;0.0;0.0;0.0;0.0;0.0;130.25
1248;286;2016-11-21 00:00:00;2016-11-21 22:00:00;2;5;0;21;326;11;2016;22;1;0;0;0;0;0;0;0;0;0;0;0;0;0;0;0;0;1;0;0;1;0;1;0.0;0.0;0.0;0.0;0.0;0.0;0.0;0.0;0.0;0.0;134.25
1249;287;2016-11-21 00:00:00;2016-11-21 23:00:00;2;5;0;21;326;11;2016;23;1;0;0;0;0;0;0;0;0;0;0;0;0;0;0;0;0;1;0;0;1;0;1;0.0;0.0;0.0;0.0;0.0;0.0;0.0;0.0;0.0;0.0;138.25
1250;288;2016-11-22 00:00:00;2016-11-22 00:00:00;2;5;1;22;327;11;2016;0;0;1;0;0;0;0;0;0;0;0;0;0;0;0;0;0;0;1;0;0;1;0;1;0.0;0.0;0.0;0.0;0.0;0.0;0.0;0.0;0.0;0.0;37.75
1251;289;2016-11-22 00:00:00;2016-11-22 01:00:00;2;5;1;22;327;11;2016;1;0;1;0;0;0;0;0;0;0;0;0;0;0;0;0;0;0;1;0;0;1;0;1;0.0;0.0;0.0;0.0;0.0;0.0;0.0;0.0;0.0;0.0;41.75
1252;290;2016-11-22 00:00:00;2016-11-22 02:00:00;2;5;1;22;327;11;2016;2;0;1;0;0;0;0;0;0;0;0;0;0;0;0;0;0;0;1;0;0;1;0;1;0.0;0.0;0.0;0.0;0.0;0.0;0.0;0.0;0.0;0.0;45.75
1253;291;2016-11-22 00:00:00;2016-11-22 03:00:00;2;5;1;22;327;11;2016;3;0;1;0;0;0;0;0;0;0;0;0;0;0;0;0;0;0;1;0;0;1;0;1;0.0;0.0;0.0;0.0;0.0;0.0;0.0;0.0;0.0;0.0;50.0
1254;292;2016-11-22 00:00:00;2016-11-22 04:00:00;2;5;1;22;327;11;2016;4;0;1;0;0;0;0;0;0;0;0;0;0;0;0;0;0;0;1;0;0;1;0;1;0.0;0.0;0.0;0.0;0.0;0.0;0.0;0.0;0.0;0.0;54.0
1255;293;2016-11-22 00:00:00;2016-11-22 05:00:00;2;5;1;22;327;11;2016;5;0;1;0;0;0;0;0;0;0;0;0;0;0;0;0;0;0;1;0;0;1;0;1;0.0;0.0;0.0;0.0;0.0;0.0;0.0;0.0;0.0;0.0;58.0
1256;294;2016-11-22 00:00:00;2016-11-22 06:00:00;2;5;1;22;327;11;2016;6;0;1;0;0;0;0;0;0;0;0;0;0;0;0;0;0;0;1;0;0;1;0;1;0.0;0.0;0.0;0.0;0.0;0.0;0.0;0.0;0.0;0.0;62.0
1257;295;2016-11-22 00:00:00;2016-11-22 07:00:00;2;5;1;22;327;11;2016;7;0;1;0;0;0;0;0;0;0;0;0;0;0;0;0;0;0;1;0;0;1;0;1;0.0;0.0;0.0;0.0;0.0;0.0;0.0;0.0;0.0;0.0;66.25
1258;296;2016-11-22 00:00:00;2016-11-22 08:00:00;2;5;1;22;327;11;2016;8;0;1;0;0;0;0;0;0;0;0;0;0;0;0;0;0;0;1;0;0;1;0;1;0.0;0.0;0.0;0.0;0.0;0.0;0.0;0.0;0.0;0.0;70.25
1259;297;2016-11-22 00:00:00;2016-11-22 09:00:00;2;5;1;22;327;11;2016;9;0;1;0;0;0;0;0;0;0;0;0;0;0;0;0;0;0;1;0;0;1;0;1;0.0;0.0;0.0;0.0;0.0;0.0;0.0;0.0;0.0;0.0;74.25
1260;298;2016-11-22 00:00:00;2016-11-22 10:00:00;2;5;1;22;327;11;2016;10;0;1;0;0;0;0;0;0;0;0;0;0;0;0;0;0;0;1;0;0;1;0;1;0.0;0.0;0.0;0.0;0.0;0.0;0.0;0.0;0.0;0.0;78.25
1261;299;2016-11-22 00:00:00;2016-11-22 11:00:00;2;5;1;22;327;11;2016;11;0;1;0;0;0;0;0;0;0;0;0;0;0;0;0;0;0;1;0;0;1;0;1;0.0;0.0;0.0;0.0;0.0;0.0;0.0;0.0;0.0;0.0;82.25
1262;300;2016-11-22 00:00:00;2016-11-22 12:00:00;2;5;1;22;327;11;2016;12;0;1;0;0;0;0;0;0;0;0;0;0;0;0;0;0;0;1;0;0;1;0;1;0.0;0.0;0.0;0.0;0.0;0.0;0.0;0.0;0.0;0.0;86.5
1263;301;2016-11-22 00:00:00;2016-11-22 13:00:00;2;5;1;22;327;11;2016;13;0;1;0;0;0;0;0;0;0;0;0;0;0;0;0;0;0;1;0;0;1;0;1;0.0;0.0;0.0;0.0;0.0;0.0;0.0;0.0;0.0;0.0;90.5
1264;302;2016-11-22 00:00:00;2016-11-22 14:00:00;2;5;1;22;327;11;2016;14;0;1;0;0;0;0;0;0;0;0;0;0;0;0;0;0;0;1;0;0;1;0;1;0.0;0.0;0.0;0.0;0.0;0.0;0.0;0.0;0.0;0.0;94.5
1265;303;2016-11-22 00:00:00;2016-11-22 15:00:00;2;5;1;22;327;11;2016;15;0;1;0;0;0;0;0;0;0;0;0;0;0;0;0;0;0;1;0;0;1;0;1;0.0;0.0;0.0;0.0;0.0;0.0;0.0;0.0;0.0;0.0;98.5
1266;304;2016-11-22 00:00:00;2016-11-22 16:00:00;2;5;1;22;327;11;2016;16;0;1;0;0;0;0;0;0;0;0;0;0;0;0;0;0;0;1;0;0;1;0;1;0.0;0.0;0.0;0.0;0.0;0.0;0.0;0.0;0.0;0.0;102.75
1267;305;2016-11-22 00:00:00;2016-11-22 17:00:00;2;5;1;22;327;11;2016;17;0;1;0;0;0;0;0;0;0;0;0;0;0;0;0;0;0;1;0;0;1;0;1;0.0;0.0;0.0;0.0;0.0;0.0;0.0;0.0;0.0;0.0;106.75
1268;306;2016-11-22 00:00:00;2016-11-22 18:00:00;2;5;1;22;327;11;2016;18;0;1;0;0;0;0;0;0;0;0;0;0;0;0;0;0;0;1;0;0;1;0;1;0.0;0.0;0.0;0.0;0.0;0.0;0.0;0.0;0.0;0.0;110.75
1269;307;2016-11-22 00:00:00;2016-11-22 19:00:00;2;5;1;22;327;11;2016;19;0;1;0;0;0;0;0;0;0;0;0;0;0;0;0;0;0;1;0;0;1;0;1;0.0;0.0;0.0;0.0;0.0;0.0;0.0;0.0;0.0;0.0;114.75
1270;308;2016-11-22 00:00:00;2016-11-22 20:00:00;2;5;1;22;327;11;2016;20;0;1;0;0;0;0;0;0;0;0;0;0;0;0;0;0;0;1;0;0;1;0;1;0.0;0.0;0.0;0.0;0.0;0.0;0.0;0.0;0.0;0.0;118.75
1271;309;2016-11-22 00:00:00;2016-11-22 21:00:00;2;5;1;22;327;11;2016;21;0;1;0;0;0;0;0;0;0;0;0;0;0;0;0;0;0;1;0;0;1;0;1;0.0;0.0;0.0;0.0;0.0;0.0;0.0;0.0;0.0;0.0;123.0
1272;310;2016-11-22 00:00:00;2016-11-22 22:00:00;2;5;1;22;327;11;2016;22;0;1;0;0;0;0;0;0;0;0;0;0;0;0;0;0;0;1;0;0;1;0;1;0.0;0.0;0.0;0.0;0.0;0.0;0.0;0.0;0.0;0.0;127.0
1273;311;2016-11-22 00:00:00;2016-11-22 23:00:00;2;5;1;22;327;11;2016;23;0;1;0;0;0;0;0;0;0;0;0;0;0;0;0;0;0;1;0;0;1;0;1;0.0;0.0;0.0;0.0;0.0;0.0;0.0;0.0;0.0;0.0;131.0
1274;312;2016-11-23 00:00:00;2016-11-23 00:00:00;2;5;2;23;328;11;2016;0;0;0;1;0;0;0;0;0;0;0;0;0;0;0;0;0;0;1;0;0;1;0;1;0.0;0.0;0.0;0.0;0.0;0.0;0.0;0.0;0.0;0.0;45.0
1275;313;2016-11-23 00:00:00;2016-11-23 01:00:00;2;5;2;23;328;11;2016;1;0;0;1;0;0;0;0;0;0;0;0;0;0;0;0;0;0;1;0;0;1;0;1;0.0;0.0;0.0;0.0;0.0;0.0;0.0;0.0;0.0;0.0;49.0
1276;314;2016-11-23 00:00:00;2016-11-23 02:00:00;2;5;2;23;328;11;2016;2;0;0;1;0;0;0;0;0;0;0;0;0;0;0;0;0;0;1;0;0;1;0;1;0.0;0.0;0.0;0.0;0.0;0.0;0.0;0.0;0.0;0.0;53.0
1277;315;2016-11-23 00:00:00;2016-11-23 03:00:00;2;5;2;23;328;11;2016;3;0;0;1;0;0;0;0;0;0;0;0;0;0;0;0;0;0;1;0;0;1;0;1;0.0;0.0;0.0;0.0;0.0;0.0;0.0;0.0;0.0;0.0;57.25
1278;316;2016-11-23 00:00:00;2016-11-23 04:00:00;2;5;2;23;328;11;2016;4;0;0;1;0;0;0;0;0;0;0;0;0;0;0;0;0;0;1;0;0;1;0;1;0.0;0.0;0.0;0.0;0.0;0.0;0.0;0.0;0.0;0.0;61.25
1279;317;2016-11-23 00:00:00;2016-11-23 05:00:00;2;5;2;23;328;11;2016;5;0;0;1;0;0;0;0;0;0;0;0;0;0;0;0;0;0;1;0;0;1;0;1;0.0;0.0;0.0;0.0;0.0;0.0;0.0;0.0;0.0;0.0;65.25
1280;318;2016-11-23 00:00:00;2016-11-23 06:00:00;2;5;2;23;328;11;2016;6;0;0;1;0;0;0;0;0;0;0;0;0;0;0;0;0;0;1;0;0;1;0;1;0.0;0.0;0.0;0.0;0.0;0.0;0.0;0.0;0.0;0.0;69.25
1281;319;2016-11-23 00:00:00;2016-11-23 07:00:00;2;5;2;23;328;11;2016;7;0;0;1;0;0;0;0;0;0;0;0;0;0;0;0;0;0;1;0;0;1;0;1;0.0;0.0;0.0;0.0;0.0;0.0;0.0;0.0;0.0;0.0;73.5
1282;320;2016-11-23 00:00:00;2016-11-23 08:00:00;2;5;2;23;328;11;2016;8;0;0;1;0;0;0;0;0;0;0;0;0;0;0;0;0;0;1;0;0;1;0;1;0.0;0.0;0.0;0.0;0.0;0.0;0.0;0.0;0.0;0.0;77.5
1283;321;2016-11-23 00:00:00;2016-11-23 09:00:00;2;5;2;23;328;11;2016;9;0;0;1;0;0;0;0;0;0;0;0;0;0;0;0;0;0;1;0;0;1;0;1;0.0;0.0;0.0;0.0;0.0;0.0;0.0;0.0;0.0;0.0;81.5
1284;322;2016-11-23 00:00:00;2016-11-23 10:00:00;2;5;2;23;328;11;2016;10;0;0;1;0;0;0;0;0;0;0;0;0;0;0;0;0;0;1;0;0;1;0;1;0.0;0.0;0.0;0.0;0.0;0.0;0.0;0.0;0.0;0.0;85.5
1285;323;2016-11-23 00:00:00;2016-11-23 11:00:00;2;5;2;23;328;11;2016;11;0;0;1;0;0;0;0;0;0;0;0;0;0;0;0;0;0;1;0;0;1;0;1;0.0;0.0;0.0;0.0;0.0;0.0;0.0;0.0;0.0;0.0;89.5
1286;324;2016-11-23 00:00:00;2016-11-23 12:00:00;2;5;2;23;328;11;2016;12;0;0;1;0;0;0;0;0;0;0;0;0;0;0;0;0;0;1;0;0;1;0;1;0.0;0.0;0.0;0.0;0.0;0.0;0.0;0.0;0.0;0.0;93.75
1287;325;2016-11-23 00:00:00;2016-11-23 13:00:00;2;5;2;23;328;11;2016;13;0;0;1;0;0;0;0;0;0;0;0;0;0;0;0;0;0;1;0;0;1;0;1;0.0;0.0;0.0;0.0;0.0;0.0;0.0;0.0;0.0;0.0;97.75
1288;326;2016-11-23 00:00:00;2016-11-23 14:00:00;2;5;2;23;328;11;2016;14;0;0;1;0;0;0;0;0;0;0;0;0;0;0;0;0;0;1;0;0;1;0;1;0.0;0.0;0.0;0.0;0.0;0.0;0.0;0.0;0.0;0.0;101.75
1289;327;2016-11-23 00:00:00;2016-11-23 15:00:00;2;5;2;23;328;11;2016;15;0;0;1;0;0;0;0;0;0;0;0;0;0;0;0;0;0;1;0;0;1;0;1;0.0;0.0;0.0;0.0;0.0;0.0;0.0;0.0;0.0;0.0;105.75
1290;328;2016-11-23 00:00:00;2016-11-23 16:00:00;2;5;2;23;328;11;2016;16;0;0;1;0;0;0;0;0;0;0;0;0;0;0;0;0;0;1;0;0;1;0;1;0.0;0.0;0.0;0.0;0.0;0.0;0.0;0.0;0.0;0.0;110.0
1291;329;2016-11-23 00:00:00;2016-11-23 17:00:00;2;5;2;23;328;11;2016;17;0;0;1;0;0;0;0;0;0;0;0;0;0;0;0;0;0;1;0;0;1;0;1;0.0;0.0;0.0;0.0;0.0;0.0;0.0;0.0;0.0;0.0;114.0
1292;330;2016-11-23 00:00:00;2016-11-23 18:00:00;2;5;2;23;328;11;2016;18;0;0;1;0;0;0;0;0;0;0;0;0;0;0;0;0;0;1;0;0;1;0;1;0.0;0.0;0.0;0.0;0.0;0.0;0.0;0.0;0.0;0.0;118.0
1293;331;2016-11-23 00:00:00;2016-11-23 19:00:00;2;5;2;23;328;11;2016;19;0;0;1;0;0;0;0;0;0;0;0;0;0;0;0;0;0;1;0;0;1;0;1;0.0;0.0;0.0;0.0;0.0;0.0;0.0;0.0;0.0;0.0;122.0
1294;332;2016-11-23 00:00:00;2016-11-23 20:00:00;2;5;2;23;328;11;2016;20;0;0;1;0;0;0;0;0;0;0;0;0;0;0;0;0;0;1;0;0;1;0;1;0.0;0.0;0.0;0.0;0.0;0.0;0.0;0.0;0.0;0.0;126.0
1295;333;2016-11-23 00:00:00;2016-11-23 21:00:00;2;5;2;23;328;11;2016;21;0;0;1;0;0;0;0;0;0;0;0;0;0;0;0;0;0;1;0;0;1;0;1;0.0;0.0;0.0;0.0;0.0;0.0;0.0;0.0;0.0;0.0;130.25
1296;334;2016-11-23 00:00:00;2016-11-23 22:00:00;2;5;2;23;328;11;2016;22;0;0;1;0;0;0;0;0;0;0;0;0;0;0;0;0;0;1;0;0;1;0;1;0.0;0.0;0.0;0.0;0.0;0.0;0.0;0.0;0.0;0.0;134.25
1297;335;2016-11-23 00:00:00;2016-11-23 23:00:00;2;5;2;23;328;11;2016;23;0;0;1;0;0;0;0;0;0;0;0;0;0;0;0;0;0;1;0;0;1;0;1;0.0;0.0;0.0;0.0;0.0;0.0;0.0;0.0;0.0;0.0;138.25
1298;336;2016-11-24 00:00:00;2016-11-24 00:00:00;2;5;3;24;329;11;2016;0;0;0;0;1;0;0;0;0;0;0;0;0;0;0;0;0;0;1;0;0;1;0;1;0.0;0.0;0.0;0.0;0.0;0.0;0.0;0.0;0.0;0.0;48.75
1299;337;2016-11-24 00:00:00;2016-11-24 01:00:00;2;5;3;24;329;11;2016;1;0;0;0;1;0;0;0;0;0;0;0;0;0;0;0;0;0;1;0;0;1;0;1;0.0;0.0;0.0;0.0;0.0;0.0;0.0;0.0;0.0;0.0;52.75
1300;338;2016-11-24 00:00:00;2016-11-24 02:00:00;2;5;3;24;329;11;2016;2;0;0;0;1;0;0;0;0;0;0;0;0;0;0;0;0;0;1;0;0;1;0;1;0.0;0.0;0.0;0.0;0.0;0.0;0.0;0.0;0.0;0.0;56.75
1301;339;2016-11-24 00:00:00;2016-11-24 03:00:00;2;5;3;24;329;11;2016;3;0;0;0;1;0;0;0;0;0;0;0;0;0;0;0;0;0;1;0;0;1;0;1;0.0;0.0;0.0;0.0;0.0;0.0;0.0;0.0;0.0;0.0;61.0
1302;340;2016-11-24 00:00:00;2016-11-24 04:00:00;2;5;3;24;329;11;2016;4;0;0;0;1;0;0;0;0;0;0;0;0;0;0;0;0;0;1;0;0;1;0;1;0.0;0.0;0.0;0.0;0.0;0.0;0.0;0.0;0.0;0.0;65.0
1303;341;2016-11-24 00:00:00;2016-11-24 05:00:00;2;5;3;24;329;11;2016;5;0;0;0;1;0;0;0;0;0;0;0;0;0;0;0;0;0;1;0;0;1;0;1;0.0;0.0;0.0;0.0;0.0;0.0;0.0;0.0;0.0;0.0;69.0
1304;342;2016-11-24 00:00:00;2016-11-24 06:00:00;2;5;3;24;329;11;2016;6;0;0;0;1;0;0;0;0;0;0;0;0;0;0;0;0;0;1;0;0;1;0;1;0.0;0.0;0.0;0.0;0.0;0.0;0.0;0.0;0.0;0.0;73.0
1305;343;2016-11-24 00:00:00;2016-11-24 07:00:00;2;5;3;24;329;11;2016;7;0;0;0;1;0;0;0;0;0;0;0;0;0;0;0;0;0;1;0;0;1;0;1;0.0;0.0;0.0;0.0;0.0;0.0;0.0;0.0;0.0;0.0;77.25
1306;344;2016-11-24 00:00:00;2016-11-24 08:00:00;2;5;3;24;329;11;2016;8;0;0;0;1;0;0;0;0;0;0;0;0;0;0;0;0;0;1;0;0;1;0;1;0.0;0.0;0.0;0.0;0.0;0.0;0.0;0.0;0.0;0.0;81.25
1307;345;2016-11-24 00:00:00;2016-11-24 09:00:00;2;5;3;24;329;11;2016;9;0;0;0;1;0;0;0;0;0;0;0;0;0;0;0;0;0;1;0;0;1;0;1;0.0;0.0;0.0;0.0;0.0;0.0;0.0;0.0;0.0;0.0;85.25
1308;346;2016-11-24 00:00:00;2016-11-24 10:00:00;2;5;3;24;329;11;2016;10;0;0;0;1;0;0;0;0;0;0;0;0;0;0;0;0;0;1;0;0;1;0;1;0.0;0.0;0.0;0.0;0.0;0.0;0.0;0.0;0.0;0.0;89.25
1309;347;2016-11-24 00:00:00;2016-11-24 11:00:00;2;5;3;24;329;11;2016;11;0;0;0;1;0;0;0;0;0;0;0;0;0;0;0;0;0;1;0;0;1;0;1;0.0;0.0;0.0;0.0;0.0;0.0;0.0;0.0;0.0;0.0;93.25
1310;348;2016-11-24 00:00:00;2016-11-24 12:00:00;2;5;3;24;329;11;2016;12;0;0;0;1;0;0;0;0;0;0;0;0;0;0;0;0;0;1;0;0;1;0;1;0.0;0.0;0.0;0.0;0.0;0.0;0.0;0.0;0.0;0.0;97.5
1311;349;2016-11-24 00:00:00;2016-11-24 13:00:00;2;5;3;24;329;11;2016;13;0;0;0;1;0;0;0;0;0;0;0;0;0;0;0;0;0;1;0;0;1;0;1;0.0;0.0;0.0;0.0;0.0;0.0;0.0;0.0;0.0;0.0;101.5
1312;350;2016-11-24 00:00:00;2016-11-24 14:00:00;2;5;3;24;329;11;2016;14;0;0;0;1;0;0;0;0;0;0;0;0;0;0;0;0;0;1;0;0;1;0;1;0.0;0.0;0.0;0.0;0.0;0.0;0.0;0.0;0.0;0.0;105.5
1313;351;2016-11-24 00:00:00;2016-11-24 15:00:00;2;5;3;24;329;11;2016;15;0;0;0;1;0;0;0;0;0;0;0;0;0;0;0;0;0;1;0;0;1;0;1;0.0;0.0;0.0;0.0;0.0;0.0;0.0;0.0;0.0;0.0;109.5
1314;352;2016-11-24 00:00:00;2016-11-24 16:00:00;2;5;3;24;329;11;2016;16;0;0;0;1;0;0;0;0;0;0;0;0;0;0;0;0;0;1;0;0;1;0;1;0.0;0.0;0.0;0.0;0.0;0.0;0.0;0.0;0.0;0.0;113.75
1315;353;2016-11-24 00:00:00;2016-11-24 17:00:00;2;5;3;24;329;11;2016;17;0;0;0;1;0;0;0;0;0;0;0;0;0;0;0;0;0;1;0;0;1;0;1;0.0;0.0;0.0;0.0;0.0;0.0;0.0;0.0;0.0;0.0;117.75
1316;354;2016-11-24 00:00:00;2016-11-24 18:00:00;2;5;3;24;329;11;2016;18;0;0;0;1;0;0;0;0;0;0;0;0;0;0;0;0;0;1;0;0;1;0;1;0.0;0.0;0.0;0.0;0.0;0.0;0.0;0.0;0.0;0.0;121.75
1317;355;2016-11-24 00:00:00;2016-11-24 19:00:00;2;5;3;24;329;11;2016;19;0;0;0;1;0;0;0;0;0;0;0;0;0;0;0;0;0;1;0;0;1;0;1;0.0;0.0;0.0;0.0;0.0;0.0;0.0;0.0;0.0;0.0;125.75
1318;356;2016-11-24 00:00:00;2016-11-24 20:00:00;2;5;3;24;329;11;2016;20;0;0;0;1;0;0;0;0;0;0;0;0;0;0;0;0;0;1;0;0;1;0;1;0.0;0.0;0.0;0.0;0.0;0.0;0.0;0.0;0.0;0.0;129.75
1319;357;2016-11-24 00:00:00;2016-11-24 21:00:00;2;5;3;24;329;11;2016;21;0;0;0;1;0;0;0;0;0;0;0;0;0;0;0;0;0;1;0;0;1;0;1;0.0;0.0;0.0;0.0;0.0;0.0;0.0;0.0;0.0;0.0;134.0
1320;358;2016-11-24 00:00:00;2016-11-24 22:00:00;2;5;3;24;329;11;2016;22;0;0;0;1;0;0;0;0;0;0;0;0;0;0;0;0;0;1;0;0;1;0;1;0.0;0.0;0.0;0.0;0.0;0.0;0.0;0.0;0.0;0.0;138.0
1321;359;2016-11-24 00:00:00;2016-11-24 23:00:00;2;5;3;24;329;11;2016;23;0;0;0;1;0;0;0;0;0;0;0;0;0;0;0;0;0;1;0;0;1;0;1;0.0;0.0;0.0;0.0;0.0;0.0;0.0;0.0;0.0;0.0;142.0
1322;360;2016-11-25 00:00:00;2016-11-25 00:00:00;2;5;4;25;330;11;2016;0;0;0;0;0;1;0;0;0;0;0;0;0;0;0;0;0;0;1;0;0;1;0;1;0.0;0.0;0.0;0.0;0.0;0.0;0.0;0.0;0.0;0.0;57.25
1323;361;2016-11-25 00:00:00;2016-11-25 01:00:00;2;5;4;25;330;11;2016;1;0;0;0;0;1;0;0;0;0;0;0;0;0;0;0;0;0;1;0;0;1;0;1;0.0;0.0;0.0;0.0;0.0;0.0;0.0;0.0;0.0;0.0;61.25
1324;362;2016-11-25 00:00:00;2016-11-25 02:00:00;2;5;4;25;330;11;2016;2;0;0;0;0;1;0;0;0;0;0;0;0;0;0;0;0;0;1;0;0;1;0;1;0.0;0.0;0.0;0.0;0.0;0.0;0.0;0.0;0.0;0.0;65.25
1325;363;2016-11-25 00:00:00;2016-11-25 03:00:00;2;5;4;25;330;11;2016;3;0;0;0;0;1;0;0;0;0;0;0;0;0;0;0;0;0;1;0;0;1;0;1;0.0;0.0;0.0;0.0;0.0;0.0;0.0;0.0;0.0;0.0;69.5
1326;364;2016-11-25 00:00:00;2016-11-25 04:00:00;2;5;4;25;330;11;2016;4;0;0;0;0;1;0;0;0;0;0;0;0;0;0;0;0;0;1;0;0;1;0;1;0.0;0.0;0.0;0.0;0.0;0.0;0.0;0.0;0.0;0.0;73.5
1327;365;2016-11-25 00:00:00;2016-11-25 05:00:00;2;5;4;25;330;11;2016;5;0;0;0;0;1;0;0;0;0;0;0;0;0;0;0;0;0;1;0;0;1;0;1;0.0;0.0;0.0;0.0;0.0;0.0;0.0;0.0;0.0;0.0;77.5
1328;366;2016-11-25 00:00:00;2016-11-25 06:00:00;2;5;4;25;330;11;2016;6;0;0;0;0;1;0;0;0;0;0;0;0;0;0;0;0;0;1;0;0;1;0;1;0.0;0.0;0.0;0.0;0.0;0.0;0.0;0.0;0.0;0.0;81.5
1329;367;2016-11-25 00:00:00;2016-11-25 07:00:00;2;5;4;25;330;11;2016;7;0;0;0;0;1;0;0;0;0;0;0;0;0;0;0;0;0;1;0;0;1;0;1;0.0;0.0;0.0;0.0;0.0;0.0;0.0;0.0;0.0;0.0;85.75
1330;368;2016-11-25 00:00:00;2016-11-25 08:00:00;2;5;4;25;330;11;2016;8;0;0;0;0;1;0;0;0;0;0;0;0;0;0;0;0;0;1;0;0;1;0;1;0.0;0.0;0.0;0.0;0.0;0.0;0.0;0.0;0.0;0.0;89.75
1331;369;2016-11-25 00:00:00;2016-11-25 09:00:00;2;5;4;25;330;11;2016;9;0;0;0;0;1;0;0;0;0;0;0;0;0;0;0;0;0;1;0;0;1;0;1;0.0;0.0;0.0;0.0;0.0;0.0;0.0;0.0;0.0;0.0;93.75
1332;370;2016-11-25 00:00:00;2016-11-25 10:00:00;2;5;4;25;330;11;2016;10;0;0;0;0;1;0;0;0;0;0;0;0;0;0;0;0;0;1;0;0;1;0;1;0.0;0.0;0.0;0.0;0.0;0.0;0.0;0.0;0.0;0.0;97.75
1333;371;2016-11-25 00:00:00;2016-11-25 11:00:00;2;5;4;25;330;11;2016;11;0;0;0;0;1;0;0;0;0;0;0;0;0;0;0;0;0;1;0;0;1;0;1;0.0;0.0;0.0;0.0;0.0;0.0;0.0;0.0;0.0;0.0;101.75
1334;372;2016-11-25 00:00:00;2016-11-25 12:00:00;2;5;4;25;330;11;2016;12;0;0;0;0;1;0;0;0;0;0;0;0;0;0;0;0;0;1;0;0;1;0;1;0.0;0.0;0.0;0.0;0.0;0.0;0.0;0.0;0.0;0.0;106.0
1335;373;2016-11-25 00:00:00;2016-11-25 13:00:00;2;5;4;25;330;11;2016;13;0;0;0;0;1;0;0;0;0;0;0;0;0;0;0;0;0;1;0;0;1;0;1;0.0;0.0;0.0;0.0;0.0;0.0;0.0;0.0;0.0;0.0;110.0
1336;374;2016-11-25 00:00:00;2016-11-25 14:00:00;2;5;4;25;330;11;2016;14;0;0;0;0;1;0;0;0;0;0;0;0;0;0;0;0;0;1;0;0;1;0;1;0.0;0.0;0.0;0.0;0.0;0.0;0.0;0.0;0.0;0.0;114.0
1337;375;2016-11-25 00:00:00;2016-11-25 15:00:00;2;5;4;25;330;11;2016;15;0;0;0;0;1;0;0;0;0;0;0;0;0;0;0;0;0;1;0;0;1;0;1;0.0;0.0;0.0;0.0;0.0;0.0;0.0;0.0;0.0;0.0;118.0
1338;376;2016-11-25 00:00:00;2016-11-25 16:00:00;2;5;4;25;330;11;2016;16;0;0;0;0;1;0;0;0;0;0;0;0;0;0;0;0;0;1;0;0;1;0;1;0.0;0.0;0.0;0.0;0.0;0.0;0.0;0.0;0.0;0.0;122.25
1339;377;2016-11-25 00:00:00;2016-11-25 17:00:00;2;5;4;25;330;11;2016;17;0;0;0;0;1;0;0;0;0;0;0;0;0;0;0;0;0;1;0;0;1;0;1;0.0;0.0;0.0;0.0;0.0;0.0;0.0;0.0;0.0;0.0;126.25
1340;378;2016-11-25 00:00:00;2016-11-25 18:00:00;2;5;4;25;330;11;2016;18;0;0;0;0;1;0;0;0;0;0;0;0;0;0;0;0;0;1;0;0;1;0;1;0.0;0.0;0.0;0.0;0.0;0.0;0.0;0.0;0.0;0.0;130.25
1341;379;2016-11-25 00:00:00;2016-11-25 19:00:00;2;5;4;25;330;11;2016;19;0;0;0;0;1;0;0;0;0;0;0;0;0;0;0;0;0;1;0;0;1;0;1;0.0;0.0;0.0;0.0;0.0;0.0;0.0;0.0;0.0;0.0;134.25
1342;380;2016-11-25 00:00:00;2016-11-25 20:00:00;2;5;4;25;330;11;2016;20;0;0;0;0;1;0;0;0;0;0;0;0;0;0;0;0;0;1;0;0;1;0;1;0.0;0.0;0.0;0.0;0.0;0.0;0.0;0.0;0.0;0.0;138.25
1343;381;2016-11-25 00:00:00;2016-11-25 21:00:00;2;5;4;25;330;11;2016;21;0;0;0;0;1;0;0;0;0;0;0;0;0;0;0;0;0;1;0;0;1;0;1;0.0;0.0;0.0;0.0;0.0;0.0;0.0;0.0;0.0;0.0;142.5
1344;382;2016-11-25 00:00:00;2016-11-25 22:00:00;2;5;4;25;330;11;2016;22;0;0;0;0;1;0;0;0;0;0;0;0;0;0;0;0;0;1;0;0;1;0;1;0.0;0.0;0.0;0.0;0.0;0.0;0.0;0.0;0.0;0.0;146.5
1345;383;2016-11-25 00:00:00;2016-11-25 23:00:00;2;5;4;25;330;11;2016;23;0;0;0;0;1;0;0;0;0;0;0;0;0;0;0;0;0;1;0;0;1;0;1;0.0;0.0;0.0;0.0;0.0;0.0;0.0;0.0;0.0;0.0;150.5
1346;384;2016-11-26 00:00:00;2016-11-26 00:00:00;2;5;5;26;331;11;2016;0;0;0;0;0;0;1;0;0;0;0;0;0;0;0;0;0;0;1;0;0;1;0;1;0.0;0.0;0.0;0.0;0.0;0.0;0.0;0.0;0.0;0.0;113.75
1347;385;2016-11-26 00:00:00;2016-11-26 01:00:00;2;5;5;26;331;11;2016;1;0;0;0;0;0;1;0;0;0;0;0;0;0;0;0;0;0;1;0;0;1;0;1;0.0;0.0;0.0;0.0;0.0;0.0;0.0;0.0;0.0;0.0;117.75
1348;386;2016-11-26 00:00:00;2016-11-26 02:00:00;2;5;5;26;331;11;2016;2;0;0;0;0;0;1;0;0;0;0;0;0;0;0;0;0;0;1;0;0;1;0;1;0.0;0.0;0.0;0.0;0.0;0.0;0.0;0.0;0.0;0.0;121.75
1349;387;2016-11-26 00:00:00;2016-11-26 03:00:00;2;5;5;26;331;11;2016;3;0;0;0;0;0;1;0;0;0;0;0;0;0;0;0;0;0;1;0;0;1;0;1;0.0;0.0;0.0;0.0;0.0;0.0;0.0;0.0;0.0;0.0;126.0
1350;388;2016-11-26 00:00:00;2016-11-26 04:00:00;2;5;5;26;331;11;2016;4;0;0;0;0;0;1;0;0;0;0;0;0;0;0;0;0;0;1;0;0;1;0;1;0.0;0.0;0.0;0.0;0.0;0.0;0.0;0.0;0.0;0.0;130.0
1351;389;2016-11-26 00:00:00;2016-11-26 05:00:00;2;5;5;26;331;11;2016;5;0;0;0;0;0;1;0;0;0;0;0;0;0;0;0;0;0;1;0;0;1;0;1;0.0;0.0;0.0;0.0;0.0;0.0;0.0;0.0;0.0;0.0;134.0
1352;390;2016-11-26 00:00:00;2016-11-26 06:00:00;2;5;5;26;331;11;2016;6;0;0;0;0;0;1;0;0;0;0;0;0;0;0;0;0;0;1;0;0;1;0;1;0.0;0.0;0.0;0.0;0.0;0.0;0.0;0.0;0.0;0.0;138.0
1353;391;2016-11-26 00:00:00;2016-11-26 07:00:00;2;5;5;26;331;11;2016;7;0;0;0;0;0;1;0;0;0;0;0;0;0;0;0;0;0;1;0;0;1;0;1;0.0;0.0;0.0;0.0;0.0;0.0;0.0;0.0;0.0;0.0;142.25
1354;392;2016-11-26 00:00:00;2016-11-26 08:00:00;2;5;5;26;331;11;2016;8;0;0;0;0;0;1;0;0;0;0;0;0;0;0;0;0;0;1;0;0;1;0;1;0.0;0.0;0.0;0.0;0.0;0.0;0.0;0.0;0.0;0.0;146.25
1355;393;2016-11-26 00:00:00;2016-11-26 09:00:00;2;5;5;26;331;11;2016;9;0;0;0;0;0;1;0;0;0;0;0;0;0;0;0;0;0;1;0;0;1;0;1;0.0;0.0;0.0;0.0;0.0;0.0;0.0;0.0;0.0;0.0;150.25
1356;394;2016-11-26 00:00:00;2016-11-26 10:00:00;2;5;5;26;331;11;2016;10;0;0;0;0;0;1;0;0;0;0;0;0;0;0;0;0;0;1;0;0;1;0;1;0.0;0.0;0.0;0.0;0.0;0.0;0.0;0.0;0.0;0.0;154.25
1357;395;2016-11-26 00:00:00;2016-11-26 11:00:00;2;5;5;26;331;11;2016;11;0;0;0;0;0;1;0;0;0;0;0;0;0;0;0;0;0;1;0;0;1;0;1;0.0;0.0;0.0;0.0;0.0;0.0;0.0;0.0;0.0;0.0;158.25
1358;396;2016-11-26 00:00:00;2016-11-26 12:00:00;2;5;5;26;331;11;2016;12;0;0;0;0;0;1;0;0;0;0;0;0;0;0;0;0;0;1;0;0;1;0;1;0.0;0.0;0.0;0.0;0.0;0.0;0.0;0.0;0.0;0.0;162.5
1359;397;2016-11-26 00:00:00;2016-11-26 13:00:00;2;5;5;26;331;11;2016;13;0;0;0;0;0;1;0;0;0;0;0;0;0;0;0;0;0;1;0;0;1;0;1;0.0;0.0;0.0;0.0;0.0;0.0;0.0;0.0;0.0;0.0;166.5
1360;398;2016-11-26 00:00:00;2016-11-26 14:00:00;2;5;5;26;331;11;2016;14;0;0;0;0;0;1;0;0;0;0;0;0;0;0;0;0;0;1;0;0;1;0;1;0.0;0.0;0.0;0.0;0.0;0.0;0.0;0.0;0.0;0.0;170.5
1361;399;2016-11-26 00:00:00;2016-11-26 15:00:00;2;5;5;26;331;11;2016;15;0;0;0;0;0;1;0;0;0;0;0;0;0;0;0;0;0;1;0;0;1;0;1;0.0;0.0;0.0;0.0;0.0;0.0;0.0;0.0;0.0;0.0;174.5
1362;400;2016-11-26 00:00:00;2016-11-26 16:00:00;2;5;5;26;331;11;2016;16;0;0;0;0;0;1;0;0;0;0;0;0;0;0;0;0;0;1;0;0;1;0;1;0.0;0.0;0.0;0.0;0.0;0.0;0.0;0.0;0.0;0.0;178.75
1363;401;2016-11-26 00:00:00;2016-11-26 17:00:00;2;5;5;26;331;11;2016;17;0;0;0;0;0;1;0;0;0;0;0;0;0;0;0;0;0;1;0;0;1;0;1;0.0;0.0;0.0;0.0;0.0;0.0;0.0;0.0;0.0;0.0;182.75
1364;402;2016-11-26 00:00:00;2016-11-26 18:00:00;2;5;5;26;331;11;2016;18;0;0;0;0;0;1;0;0;0;0;0;0;0;0;0;0;0;1;0;0;1;0;1;0.0;0.0;0.0;0.0;0.0;0.0;0.0;0.0;0.0;0.0;186.75
1365;403;2016-11-26 00:00:00;2016-11-26 19:00:00;2;5;5;26;331;11;2016;19;0;0;0;0;0;1;0;0;0;0;0;0;0;0;0;0;0;1;0;0;1;0;1;0.0;0.0;0.0;0.0;0.0;0.0;0.0;0.0;0.0;0.0;190.75
1366;404;2016-11-26 00:00:00;2016-11-26 20:00:00;2;5;5;26;331;11;2016;20;0;0;0;0;0;1;0;0;0;0;0;0;0;0;0;0;0;1;0;0;1;0;1;0.0;0.0;0.0;0.0;0.0;0.0;0.0;0.0;0.0;0.0;194.75
1367;405;2016-11-26 00:00:00;2016-11-26 21:00:00;2;5;5;26;331;11;2016;21;0;0;0;0;0;1;0;0;0;0;0;0;0;0;0;0;0;1;0;0;1;0;1;0.0;0.0;0.0;0.0;0.0;0.0;0.0;0.0;0.0;0.0;199.0
1368;406;2016-11-26 00:00:00;2016-11-26 22:00:00;2;5;5;26;331;11;2016;22;0;0;0;0;0;1;0;0;0;0;0;0;0;0;0;0;0;1;0;0;1;0;1;0.0;0.0;0.0;0.0;0.0;0.0;0.0;0.0;0.0;0.0;203.0
1369;407;2016-11-26 00:00:00;2016-11-26 23:00:00;2;5;5;26;331;11;2016;23;0;0;0;0;0;1;0;0;0;0;0;0;0;0;0;0;0;1;0;0;1;0;1;0.0;0.0;0.0;0.0;0.0;0.0;0.0;0.0;0.0;0.0;207.0
1370;408;2016-11-27 00:00:00;2016-11-27 00:00:00;2;5;6;27;332;11;2016;0;0;0;0;0;0;0;1;0;0;0;0;0;0;0;0;0;0;1;0;0;1;0;1;0.0;0.0;0.0;0.0;0.0;0.0;0.0;0.0;0.0;0.0;-28.75
1371;409;2016-11-27 00:00:00;2016-11-27 01:00:00;2;5;6;27;332;11;2016;1;0;0;0;0;0;0;1;0;0;0;0;0;0;0;0;0;0;1;0;0;1;0;1;0.0;0.0;0.0;0.0;0.0;0.0;0.0;0.0;0.0;0.0;-24.75
1372;410;2016-11-27 00:00:00;2016-11-27 02:00:00;2;5;6;27;332;11;2016;2;0;0;0;0;0;0;1;0;0;0;0;0;0;0;0;0;0;1;0;0;1;0;1;0.0;0.0;0.0;0.0;0.0;0.0;0.0;0.0;0.0;0.0;-20.75
1373;411;2016-11-27 00:00:00;2016-11-27 03:00:00;2;5;6;27;332;11;2016;3;0;0;0;0;0;0;1;0;0;0;0;0;0;0;0;0;0;1;0;0;1;0;1;0.0;0.0;0.0;0.0;0.0;0.0;0.0;0.0;0.0;0.0;-16.5
1374;412;2016-11-27 00:00:00;2016-11-27 04:00:00;2;5;6;27;332;11;2016;4;0;0;0;0;0;0;1;0;0;0;0;0;0;0;0;0;0;1;0;0;1;0;1;0.0;0.0;0.0;0.0;0.0;0.0;0.0;0.0;0.0;0.0;-12.5
1375;413;2016-11-27 00:00:00;2016-11-27 05:00:00;2;5;6;27;332;11;2016;5;0;0;0;0;0;0;1;0;0;0;0;0;0;0;0;0;0;1;0;0;1;0;1;0.0;0.0;0.0;0.0;0.0;0.0;0.0;0.0;0.0;0.0;-8.5
1376;414;2016-11-27 00:00:00;2016-11-27 06:00:00;2;5;6;27;332;11;2016;6;0;0;0;0;0;0;1;0;0;0;0;0;0;0;0;0;0;1;0;0;1;0;1;0.0;0.0;0.0;0.0;0.0;0.0;0.0;0.0;0.0;0.0;-4.5
1377;415;2016-11-27 00:00:00;2016-11-27 07:00:00;2;5;6;27;332;11;2016;7;0;0;0;0;0;0;1;0;0;0;0;0;0;0;0;0;0;1;0;0;1;0;1;0.0;0.0;0.0;0.0;0.0;0.0;0.0;0.0;0.0;0.0;-0.25
1378;416;2016-11-27 00:00:00;2016-11-27 08:00:00;2;5;6;27;332;11;2016;8;0;0;0;0;0;0;1;0;0;0;0;0;0;0;0;0;0;1;0;0;1;0;1;0.0;0.0;0.0;0.0;0.0;0.0;0.0;0.0;0.0;0.0;3.75
1379;417;2016-11-27 00:00:00;2016-11-27 09:00:00;2;5;6;27;332;11;2016;9;0;0;0;0;0;0;1;0;0;0;0;0;0;0;0;0;0;1;0;0;1;0;1;0.0;0.0;0.0;0.0;0.0;0.0;0.0;0.0;0.0;0.0;7.75
1380;418;2016-11-27 00:00:00;2016-11-27 10:00:00;2;5;6;27;332;11;2016;10;0;0;0;0;0;0;1;0;0;0;0;0;0;0;0;0;0;1;0;0;1;0;1;0.0;0.0;0.0;0.0;0.0;0.0;0.0;0.0;0.0;0.0;11.75
1381;419;2016-11-27 00:00:00;2016-11-27 11:00:00;2;5;6;27;332;11;2016;11;0;0;0;0;0;0;1;0;0;0;0;0;0;0;0;0;0;1;0;0;1;0;1;0.0;0.0;0.0;0.0;0.0;0.0;0.0;0.0;0.0;0.0;15.75
1382;420;2016-11-27 00:00:00;2016-11-27 12:00:00;2;5;6;27;332;11;2016;12;0;0;0;0;0;0;1;0;0;0;0;0;0;0;0;0;0;1;0;0;1;0;1;0.0;0.0;0.0;0.0;0.0;0.0;0.0;0.0;0.0;0.0;20.0
1383;421;2016-11-27 00:00:00;2016-11-27 13:00:00;2;5;6;27;332;11;2016;13;0;0;0;0;0;0;1;0;0;0;0;0;0;0;0;0;0;1;0;0;1;0;1;0.0;0.0;0.0;0.0;0.0;0.0;0.0;0.0;0.0;0.0;24.0
1384;422;2016-11-27 00:00:00;2016-11-27 14:00:00;2;5;6;27;332;11;2016;14;0;0;0;0;0;0;1;0;0;0;0;0;0;0;0;0;0;1;0;0;1;0;1;0.0;0.0;0.0;0.0;0.0;0.0;0.0;0.0;0.0;0.0;28.0
1385;423;2016-11-27 00:00:00;2016-11-27 15:00:00;2;5;6;27;332;11;2016;15;0;0;0;0;0;0;1;0;0;0;0;0;0;0;0;0;0;1;0;0;1;0;1;0.0;0.0;0.0;0.0;0.0;0.0;0.0;0.0;0.0;0.0;32.0
1386;424;2016-11-27 00:00:00;2016-11-27 16:00:00;2;5;6;27;332;11;2016;16;0;0;0;0;0;0;1;0;0;0;0;0;0;0;0;0;0;1;0;0;1;0;1;0.0;0.0;0.0;0.0;0.0;0.0;0.0;0.0;0.0;0.0;36.25
1387;425;2016-11-27 00:00:00;2016-11-27 17:00:00;2;5;6;27;332;11;2016;17;0;0;0;0;0;0;1;0;0;0;0;0;0;0;0;0;0;1;0;0;1;0;1;0.0;0.0;0.0;0.0;0.0;0.0;0.0;0.0;0.0;0.0;40.25
1388;426;2016-11-27 00:00:00;2016-11-27 18:00:00;2;5;6;27;332;11;2016;18;0;0;0;0;0;0;1;0;0;0;0;0;0;0;0;0;0;1;0;0;1;0;1;0.0;0.0;0.0;0.0;0.0;0.0;0.0;0.0;0.0;0.0;44.25
1389;427;2016-11-27 00:00:00;2016-11-27 19:00:00;2;5;6;27;332;11;2016;19;0;0;0;0;0;0;1;0;0;0;0;0;0;0;0;0;0;1;0;0;1;0;1;0.0;0.0;0.0;0.0;0.0;0.0;0.0;0.0;0.0;0.0;48.25
1390;428;2016-11-27 00:00:00;2016-11-27 20:00:00;2;5;6;27;332;11;2016;20;0;0;0;0;0;0;1;0;0;0;0;0;0;0;0;0;0;1;0;0;1;0;1;0.0;0.0;0.0;0.0;0.0;0.0;0.0;0.0;0.0;0.0;52.25
1391;429;2016-11-27 00:00:00;2016-11-27 21:00:00;2;5;6;27;332;11;2016;21;0;0;0;0;0;0;1;0;0;0;0;0;0;0;0;0;0;1;0;0;1;0;1;0.0;0.0;0.0;0.0;0.0;0.0;0.0;0.0;0.0;0.0;56.5
1392;430;2016-11-27 00:00:00;2016-11-27 22:00:00;2;5;6;27;332;11;2016;22;0;0;0;0;0;0;1;0;0;0;0;0;0;0;0;0;0;1;0;0;1;0;1;0.0;0.0;0.0;0.0;0.0;0.0;0.0;0.0;0.0;0.0;60.5
1393;431;2016-11-27 00:00:00;2016-11-27 23:00:00;2;5;6;27;332;11;2016;23;0;0;0;0;0;0;1;0;0;0;0;0;0;0;0;0;0;1;0;0;1;0;1;0.0;0.0;0.0;0.0;0.0;0.0;0.0;0.0;0.0;0.0;64.5
1394;432;2016-11-28 00:00:00;2016-11-28 00:00:00;2;5;0;28;333;11;2016;0;1;0;0;0;0;0;0;0;0;0;0;0;0;0;0;0;0;1;0;0;1;0;1;0.0;0.0;0.0;0.0;0.0;0.0;0.0;0.0;0.0;0.0;45.25
1395;433;2016-11-28 00:00:00;2016-11-28 01:00:00;2;5;0;28;333;11;2016;1;1;0;0;0;0;0;0;0;0;0;0;0;0;0;0;0;0;1;0;0;1;0;1;0.0;0.0;0.0;0.0;0.0;0.0;0.0;0.0;0.0;0.0;49.25
1396;434;2016-11-28 00:00:00;2016-11-28 02:00:00;2;5;0;28;333;11;2016;2;1;0;0;0;0;0;0;0;0;0;0;0;0;0;0;0;0;1;0;0;1;0;1;0.0;0.0;0.0;0.0;0.0;0.0;0.0;0.0;0.0;0.0;53.25
1397;435;2016-11-28 00:00:00;2016-11-28 03:00:00;2;5;0;28;333;11;2016;3;1;0;0;0;0;0;0;0;0;0;0;0;0;0;0;0;0;1;0;0;1;0;1;0.0;0.0;0.0;0.0;0.0;0.0;0.0;0.0;0.0;0.0;57.5
1398;436;2016-11-28 00:00:00;2016-11-28 04:00:00;2;5;0;28;333;11;2016;4;1;0;0;0;0;0;0;0;0;0;0;0;0;0;0;0;0;1;0;0;1;0;1;0.0;0.0;0.0;0.0;0.0;0.0;0.0;0.0;0.0;0.0;61.5
1399;437;2016-11-28 00:00:00;2016-11-28 05:00:00;2;5;0;28;333;11;2016;5;1;0;0;0;0;0;0;0;0;0;0;0;0;0;0;0;0;1;0;0;1;0;1;0.0;0.0;0.0;0.0;0.0;0.0;0.0;0.0;0.0;0.0;65.5
1400;438;2016-11-28 00:00:00;2016-11-28 06:00:00;2;5;0;28;333;11;2016;6;1;0;0;0;0;0;0;0;0;0;0;0;0;0;0;0;0;1;0;0;1;0;1;0.0;0.0;0.0;0.0;0.0;0.0;0.0;0.0;0.0;0.0;69.5
1401;439;2016-11-28 00:00:00;2016-11-28 07:00:00;2;5;0;28;333;11;2016;7;1;0;0;0;0;0;0;0;0;0;0;0;0;0;0;0;0;1;0;0;1;0;1;0.0;0.0;0.0;0.0;0.0;0.0;0.0;0.0;0.0;0.0;73.75
1402;440;2016-11-28 00:00:00;2016-11-28 08:00:00;2;5;0;28;333;11;2016;8;1;0;0;0;0;0;0;0;0;0;0;0;0;0;0;0;0;1;0;0;1;0;1;0.0;0.0;0.0;0.0;0.0;0.0;0.0;0.0;0.0;0.0;77.75
1403;441;2016-11-28 00:00:00;2016-11-28 09:00:00;2;5;0;28;333;11;2016;9;1;0;0;0;0;0;0;0;0;0;0;0;0;0;0;0;0;1;0;0;1;0;1;0.0;0.0;0.0;0.0;0.0;0.0;0.0;0.0;0.0;0.0;81.75
1404;442;2016-11-28 00:00:00;2016-11-28 10:00:00;2;5;0;28;333;11;2016;10;1;0;0;0;0;0;0;0;0;0;0;0;0;0;0;0;0;1;0;0;1;0;1;0.0;0.0;0.0;0.0;0.0;0.0;0.0;0.0;0.0;0.0;85.75
1405;443;2016-11-28 00:00:00;2016-11-28 11:00:00;2;5;0;28;333;11;2016;11;1;0;0;0;0;0;0;0;0;0;0;0;0;0;0;0;0;1;0;0;1;0;1;0.0;0.0;0.0;0.0;0.0;0.0;0.0;0.0;0.0;0.0;89.75
1406;444;2016-11-28 00:00:00;2016-11-28 12:00:00;2;5;0;28;333;11;2016;12;1;0;0;0;0;0;0;0;0;0;0;0;0;0;0;0;0;1;0;0;1;0;1;0.0;0.0;0.0;0.0;0.0;0.0;0.0;0.0;0.0;0.0;94.0
1407;445;2016-11-28 00:00:00;2016-11-28 13:00:00;2;5;0;28;333;11;2016;13;1;0;0;0;0;0;0;0;0;0;0;0;0;0;0;0;0;1;0;0;1;0;1;0.0;0.0;0.0;0.0;0.0;0.0;0.0;0.0;0.0;0.0;98.0
1408;446;2016-11-28 00:00:00;2016-11-28 14:00:00;2;5;0;28;333;11;2016;14;1;0;0;0;0;0;0;0;0;0;0;0;0;0;0;0;0;1;0;0;1;0;1;0.0;0.0;0.0;0.0;0.0;0.0;0.0;0.0;0.0;0.0;102.0
1409;447;2016-11-28 00:00:00;2016-11-28 15:00:00;2;5;0;28;333;11;2016;15;1;0;0;0;0;0;0;0;0;0;0;0;0;0;0;0;0;1;0;0;1;0;1;0.0;0.0;0.0;0.0;0.0;0.0;0.0;0.0;0.0;0.0;106.0
1410;448;2016-11-28 00:00:00;2016-11-28 16:00:00;2;5;0;28;333;11;2016;16;1;0;0;0;0;0;0;0;0;0;0;0;0;0;0;0;0;1;0;0;1;0;1;0.0;0.0;0.0;0.0;0.0;0.0;0.0;0.0;0.0;0.0;110.25
1411;449;2016-11-28 00:00:00;2016-11-28 17:00:00;2;5;0;28;333;11;2016;17;1;0;0;0;0;0;0;0;0;0;0;0;0;0;0;0;0;1;0;0;1;0;1;0.0;0.0;0.0;0.0;0.0;0.0;0.0;0.0;0.0;0.0;114.25
1412;450;2016-11-28 00:00:00;2016-11-28 18:00:00;2;5;0;28;333;11;2016;18;1;0;0;0;0;0;0;0;0;0;0;0;0;0;0;0;0;1;0;0;1;0;1;0.0;0.0;0.0;0.0;0.0;0.0;0.0;0.0;0.0;0.0;118.25
1413;451;2016-11-28 00:00:00;2016-11-28 19:00:00;2;5;0;28;333;11;2016;19;1;0;0;0;0;0;0;0;0;0;0;0;0;0;0;0;0;1;0;0;1;0;1;0.0;0.0;0.0;0.0;0.0;0.0;0.0;0.0;0.0;0.0;122.25
1414;452;2016-11-28 00:00:00;2016-11-28 20:00:00;2;5;0;28;333;11;2016;20;1;0;0;0;0;0;0;0;0;0;0;0;0;0;0;0;0;1;0;0;1;0;1;0.0;0.0;0.0;0.0;0.0;0.0;0.0;0.0;0.0;0.0;126.25
1415;453;2016-11-28 00:00:00;2016-11-28 21:00:00;2;5;0;28;333;11;2016;21;1;0;0;0;0;0;0;0;0;0;0;0;0;0;0;0;0;1;0;0;1;0;1;0.0;0.0;0.0;0.0;0.0;0.0;0.0;0.0;0.0;0.0;130.5
1416;454;2016-11-28 00:00:00;2016-11-28 22:00:00;2;5;0;28;333;11;2016;22;1;0;0;0;0;0;0;0;0;0;0;0;0;0;0;0;0;1;0;0;1;0;1;0.0;0.0;0.0;0.0;0.0;0.0;0.0;0.0;0.0;0.0;134.5
1417;455;2016-11-28 00:00:00;2016-11-28 23:00:00;2;5;0;28;333;11;2016;23;1;0;0;0;0;0;0;0;0;0;0;0;0;0;0;0;0;1;0;0;1;0;1;0.0;0.0;0.0;0.0;0.0;0.0;0.0;0.0;0.0;0.0;138.5
1418;456;2016-11-29 00:00:00;2016-11-29 00:00:00;2;5;1;29;334;11;2016;0;0;1;0;0;0;0;0;0;0;0;0;0;0;0;0;0;0;1;0;0;1;0;1;0.0;0.0;0.0;0.0;0.0;0.0;0.0;0.0;0.0;0.0;37.75
1419;457;2016-11-29 00:00:00;2016-11-29 01:00:00;2;5;1;29;334;11;2016;1;0;1;0;0;0;0;0;0;0;0;0;0;0;0;0;0;0;1;0;0;1;0;1;0.0;0.0;0.0;0.0;0.0;0.0;0.0;0.0;0.0;0.0;41.75
1420;458;2016-11-29 00:00:00;2016-11-29 02:00:00;2;5;1;29;334;11;2016;2;0;1;0;0;0;0;0;0;0;0;0;0;0;0;0;0;0;1;0;0;1;0;1;0.0;0.0;0.0;0.0;0.0;0.0;0.0;0.0;0.0;0.0;45.75
1421;459;2016-11-29 00:00:00;2016-11-29 03:00:00;2;5;1;29;334;11;2016;3;0;1;0;0;0;0;0;0;0;0;0;0;0;0;0;0;0;1;0;0;1;0;1;0.0;0.0;0.0;0.0;0.0;0.0;0.0;0.0;0.0;0.0;50.0
1422;460;2016-11-29 00:00:00;2016-11-29 04:00:00;2;5;1;29;334;11;2016;4;0;1;0;0;0;0;0;0;0;0;0;0;0;0;0;0;0;1;0;0;1;0;1;0.0;0.0;0.0;0.0;0.0;0.0;0.0;0.0;0.0;0.0;54.0
1423;461;2016-11-29 00:00:00;2016-11-29 05:00:00;2;5;1;29;334;11;2016;5;0;1;0;0;0;0;0;0;0;0;0;0;0;0;0;0;0;1;0;0;1;0;1;0.0;0.0;0.0;0.0;0.0;0.0;0.0;0.0;0.0;0.0;58.0
1424;462;2016-11-29 00:00:00;2016-11-29 06:00:00;2;5;1;29;334;11;2016;6;0;1;0;0;0;0;0;0;0;0;0;0;0;0;0;0;0;1;0;0;1;0;1;0.0;0.0;0.0;0.0;0.0;0.0;0.0;0.0;0.0;0.0;62.0
1425;463;2016-11-29 00:00:00;2016-11-29 07:00:00;2;5;1;29;334;11;2016;7;0;1;0;0;0;0;0;0;0;0;0;0;0;0;0;0;0;1;0;0;1;0;1;0.0;0.0;0.0;0.0;0.0;0.0;0.0;0.0;0.0;0.0;66.25
1426;464;2016-11-29 00:00:00;2016-11-29 08:00:00;2;5;1;29;334;11;2016;8;0;1;0;0;0;0;0;0;0;0;0;0;0;0;0;0;0;1;0;0;1;0;1;0.0;0.0;0.0;0.0;0.0;0.0;0.0;0.0;0.0;0.0;70.25
1427;465;2016-11-29 00:00:00;2016-11-29 09:00:00;2;5;1;29;334;11;2016;9;0;1;0;0;0;0;0;0;0;0;0;0;0;0;0;0;0;1;0;0;1;0;1;0.0;0.0;0.0;0.0;0.0;0.0;0.0;0.0;0.0;0.0;74.25
1428;466;2016-11-29 00:00:00;2016-11-29 10:00:00;2;5;1;29;334;11;2016;10;0;1;0;0;0;0;0;0;0;0;0;0;0;0;0;0;0;1;0;0;1;0;1;0.0;0.0;0.0;0.0;0.0;0.0;0.0;0.0;0.0;0.0;78.25
1429;467;2016-11-29 00:00:00;2016-11-29 11:00:00;2;5;1;29;334;11;2016;11;0;1;0;0;0;0;0;0;0;0;0;0;0;0;0;0;0;1;0;0;1;0;1;0.0;0.0;0.0;0.0;0.0;0.0;0.0;0.0;0.0;0.0;82.25
1430;468;2016-11-29 00:00:00;2016-11-29 12:00:00;2;5;1;29;334;11;2016;12;0;1;0;0;0;0;0;0;0;0;0;0;0;0;0;0;0;1;0;0;1;0;1;0.0;0.0;0.0;0.0;0.0;0.0;0.0;0.0;0.0;0.0;86.5
1431;469;2016-11-29 00:00:00;2016-11-29 13:00:00;2;5;1;29;334;11;2016;13;0;1;0;0;0;0;0;0;0;0;0;0;0;0;0;0;0;1;0;0;1;0;1;0.0;0.0;0.0;0.0;0.0;0.0;0.0;0.0;0.0;0.0;90.5
1432;470;2016-11-29 00:00:00;2016-11-29 14:00:00;2;5;1;29;334;11;2016;14;0;1;0;0;0;0;0;0;0;0;0;0;0;0;0;0;0;1;0;0;1;0;1;0.0;0.0;0.0;0.0;0.0;0.0;0.0;0.0;0.0;0.0;94.5
1433;471;2016-11-29 00:00:00;2016-11-29 15:00:00;2;5;1;29;334;11;2016;15;0;1;0;0;0;0;0;0;0;0;0;0;0;0;0;0;0;1;0;0;1;0;1;0.0;0.0;0.0;0.0;0.0;0.0;0.0;0.0;0.0;0.0;98.5
1434;472;2016-11-29 00:00:00;2016-11-29 16:00:00;2;5;1;29;334;11;2016;16;0;1;0;0;0;0;0;0;0;0;0;0;0;0;0;0;0;1;0;0;1;0;1;0.0;0.0;0.0;0.0;0.0;0.0;0.0;0.0;0.0;0.0;102.75
1435;473;2016-11-29 00:00:00;2016-11-29 17:00:00;2;5;1;29;334;11;2016;17;0;1;0;0;0;0;0;0;0;0;0;0;0;0;0;0;0;1;0;0;1;0;1;0.0;0.0;0.0;0.0;0.0;0.0;0.0;0.0;0.0;0.0;106.75
1436;474;2016-11-29 00:00:00;2016-11-29 18:00:00;2;5;1;29;334;11;2016;18;0;1;0;0;0;0;0;0;0;0;0;0;0;0;0;0;0;1;0;0;1;0;1;0.0;0.0;0.0;0.0;0.0;0.0;0.0;0.0;0.0;0.0;110.75
1437;475;2016-11-29 00:00:00;2016-11-29 19:00:00;2;5;1;29;334;11;2016;19;0;1;0;0;0;0;0;0;0;0;0;0;0;0;0;0;0;1;0;0;1;0;1;0.0;0.0;0.0;0.0;0.0;0.0;0.0;0.0;0.0;0.0;114.75
1438;476;2016-11-29 00:00:00;2016-11-29 20:00:00;2;5;1;29;334;11;2016;20;0;1;0;0;0;0;0;0;0;0;0;0;0;0;0;0;0;1;0;0;1;0;1;0.0;0.0;0.0;0.0;0.0;0.0;0.0;0.0;0.0;0.0;118.75
1439;477;2016-11-29 00:00:00;2016-11-29 21:00:00;2;5;1;29;334;11;2016;21;0;1;0;0;0;0;0;0;0;0;0;0;0;0;0;0;0;1;0;0;1;0;1;0.0;0.0;0.0;0.0;0.0;0.0;0.0;0.0;0.0;0.0;123.0
1440;478;2016-11-29 00:00:00;2016-11-29 22:00:00;2;5;1;29;334;11;2016;22;0;1;0;0;0;0;0;0;0;0;0;0;0;0;0;0;0;1;0;0;1;0;1;0.0;0.0;0.0;0.0;0.0;0.0;0.0;0.0;0.0;0.0;127.0
1441;479;2016-11-29 00:00:00;2016-11-29 23:00:00;2;5;1;29;334;11;2016;23;0;1;0;0;0;0;0;0;0;0;0;0;0;0;0;0;0;1;0;0;1;0;1;0.0;0.0;0.0;0.0;0.0;0.0;0.0;0.0;0.0;0.0;131.0
1442;480;2016-11-30 00:00:00;2016-11-30 00:00:00;2;5;2;30;335;11;2016;0;0;0;1;0;0;0;0;0;0;0;0;0;0;0;0;0;0;1;0;0;1;0;1;0.0;0.0;0.0;0.0;0.0;0.0;0.0;0.0;0.0;0.0;45.25
