;Unnamed: 0;index;date;date_time;idbldsite;region_id;day_of_week;day_of_month;day_of_year;month;year;hour;day_0;day_1;day_2;day_3;day_4;day_5;day_6;month_1;month_2;month_3;month_4;month_5;month_6;month_7;month_8;month_9;month_10;month_11;month_12;public_holiday;not_public_holiday;school_holiday;not_school_holiday;cloudamount;mintemperature;maxtemperature;weathersituation;temperature;cloudamount_reg;mintemperature_reg;maxtemperature_reg;weathersituation_reg;temperature_reg;compensatedin
962;962;0;2016-11-10 00:00:00;2016-11-10 00:00:00;2;5;3;10;315;11;2016;0;0;0;0;1;0;0;0;0;0;0;0;0;0;0;0;0;0;1;0;0;1;0;1;7.0;-0.4;1.8;26.0;0.7;0.973632216202;-1.77885742112;-1.47226146343;0.382463602028;-1.62555944227;0.0
963;963;1;2016-11-10 00:00:00;2016-11-10 01:00:00;2;5;3;10;315;11;2016;1;0;0;0;1;0;0;0;0;0;0;0;0;0;0;0;0;0;1;0;0;1;0;1;7.0;-0.4;1.8;26.0;0.7;0.973632216202;-1.77885742112;-1.47226146343;0.382463602028;-1.62555944227;0.0
964;964;2;2016-11-10 00:00:00;2016-11-10 02:00:00;2;5;3;10;315;11;2016;2;0;0;0;1;0;0;0;0;0;0;0;0;0;0;0;0;0;1;0;0;1;0;1;7.0;-0.4;1.8;26.0;0.7;0.973632216202;-1.77885742112;-1.47226146343;0.382463602028;-1.62555944227;0.0
965;965;3;2016-11-10 00:00:00;2016-11-10 03:00:00;2;5;3;10;315;11;2016;3;0;0;0;1;0;0;0;0;0;0;0;0;0;0;0;0;0;1;0;0;1;0;1;7.0;-0.4;1.8;26.0;0.7;0.973632216202;-1.77885742112;-1.47226146343;0.382463602028;-1.62555944227;0.0
966;966;4;2016-11-10 00:00:00;2016-11-10 04:00:00;2;5;3;10;315;11;2016;4;0;0;0;1;0;0;0;0;0;0;0;0;0;0;0;0;0;1;0;0;1;0;1;7.0;-0.4;1.8;26.0;0.7;0.973632216202;-1.77885742112;-1.47226146343;0.382463602028;-1.62555944227;0.0
967;967;5;2016-11-10 00:00:00;2016-11-10 05:00:00;2;5;3;10;315;11;2016;5;0;0;0;1;0;0;0;0;0;0;0;0;0;0;0;0;0;1;0;0;1;0;1;7.0;-0.4;1.8;26.0;0.7;0.973632216202;-1.77885742112;-1.47226146343;0.382463602028;-1.62555944227;0.0
968;968;6;2016-11-10 00:00:00;2016-11-10 06:00:00;2;5;3;10;315;11;2016;6;0;0;0;1;0;0;0;0;0;0;0;0;0;0;0;0;0;1;0;0;1;0;1;7.0;-0.4;1.8;26.0;0.7;0.973632216202;-1.77885742112;-1.47226146343;0.382463602028;-1.62555944227;0.646666666667
969;969;7;2016-11-10 00:00:00;2016-11-10 07:00:00;2;5;3;10;315;11;2016;7;0;0;0;1;0;0;0;0;0;0;0;0;0;0;0;0;0;1;0;0;1;0;1;7.0;-0.4;1.8;26.0;0.7;0.973632216202;-1.77885742112;-1.47226146343;0.382463602028;-1.62555944227;0.4
970;970;8;2016-11-10 00:00:00;2016-11-10 08:00:00;2;5;3;10;315;11;2016;8;0;0;0;1;0;0;0;0;0;0;0;0;0;0;0;0;0;1;0;0;1;0;1;7.0;-0.4;1.8;26.0;0.7;0.973632216202;-1.77885742112;-1.47226146343;0.382463602028;-1.62555944227;0.513333333333
971;971;9;2016-11-10 00:00:00;2016-11-10 09:00:00;2;5;3;10;315;11;2016;9;0;0;0;1;0;0;0;0;0;0;0;0;0;0;0;0;0;1;0;0;1;0;1;7.0;-0.4;1.8;26.0;0.7;0.973632216202;-1.77885742112;-1.47226146343;0.382463602028;-1.62555944227;0.516666666667
972;972;10;2016-11-10 00:00:00;2016-11-10 10:00:00;2;5;3;10;315;11;2016;10;0;0;0;1;0;0;0;0;0;0;0;0;0;0;0;0;0;1;0;0;1;0;1;7.0;-0.4;1.8;26.0;0.7;0.973632216202;-1.77885742112;-1.47226146343;0.382463602028;-1.62555944227;3.11333333333
973;973;11;2016-11-10 00:00:00;2016-11-10 11:00:00;2;5;3;10;315;11;2016;11;0;0;0;1;0;0;0;0;0;0;0;0;0;0;0;0;0;1;0;0;1;0;1;7.0;-0.4;1.8;26.0;0.7;0.973632216202;-1.77885742112;-1.47226146343;0.382463602028;-1.62555944227;7.21
974;974;12;2016-11-10 00:00:00;2016-11-10 12:00:00;2;5;3;10;315;11;2016;12;0;0;0;1;0;0;0;0;0;0;0;0;0;0;0;0;0;1;0;0;1;0;1;7.0;-0.4;1.8;26.0;0.7;0.973632216202;-1.77885742112;-1.47226146343;0.382463602028;-1.62555944227;9.03333333333
975;975;13;2016-11-10 00:00:00;2016-11-10 13:00:00;2;5;3;10;315;11;2016;13;0;0;0;1;0;0;0;0;0;0;0;0;0;0;0;0;0;1;0;0;1;0;1;7.0;-0.4;1.8;26.0;0.7;0.973632216202;-1.77885742112;-1.47226146343;0.382463602028;-1.62555944227;7.86
976;976;14;2016-11-10 00:00:00;2016-11-10 14:00:00;2;5;3;10;315;11;2016;14;0;0;0;1;0;0;0;0;0;0;0;0;0;0;0;0;0;1;0;0;1;0;1;7.0;-0.4;1.8;26.0;0.7;0.973632216202;-1.77885742112;-1.47226146343;0.382463602028;-1.62555944227;7.95666666667
977;977;15;2016-11-10 00:00:00;2016-11-10 15:00:00;2;5;3;10;315;11;2016;15;0;0;0;1;0;0;0;0;0;0;0;0;0;0;0;0;0;1;0;0;1;0;1;7.0;-0.4;1.8;26.0;0.7;0.973632216202;-1.77885742112;-1.47226146343;0.382463602028;-1.62555944227;8.20666666667
978;978;16;2016-11-10 00:00:00;2016-11-10 16:00:00;2;5;3;10;315;11;2016;16;0;0;0;1;0;0;0;0;0;0;0;0;0;0;0;0;0;1;0;0;1;0;1;7.0;-0.4;1.8;26.0;0.7;0.973632216202;-1.77885742112;-1.47226146343;0.382463602028;-1.62555944227;8.04333333333
979;979;17;2016-11-10 00:00:00;2016-11-10 17:00:00;2;5;3;10;315;11;2016;17;0;0;0;1;0;0;0;0;0;0;0;0;0;0;0;0;0;1;0;0;1;0;1;7.0;-0.4;1.8;26.0;0.7;0.973632216202;-1.77885742112;-1.47226146343;0.382463602028;-1.62555944227;8.41
980;980;18;2016-11-10 00:00:00;2016-11-10 18:00:00;2;5;3;10;315;11;2016;18;0;0;0;1;0;0;0;0;0;0;0;0;0;0;0;0;0;1;0;0;1;0;1;7.0;-0.4;1.8;26.0;0.7;0.973632216202;-1.77885742112;-1.47226146343;0.382463602028;-1.62555944227;9.06666666667
981;981;19;2016-11-10 00:00:00;2016-11-10 19:00:00;2;5;3;10;315;11;2016;19;0;0;0;1;0;0;0;0;0;0;0;0;0;0;0;0;0;1;0;0;1;0;1;7.0;-0.4;1.8;26.0;0.7;0.973632216202;-1.77885742112;-1.47226146343;0.382463602028;-1.62555944227;5.46
982;982;20;2016-11-10 00:00:00;2016-11-10 20:00:00;2;5;3;10;315;11;2016;20;0;0;0;1;0;0;0;0;0;0;0;0;0;0;0;0;0;1;0;0;1;0;1;7.0;-0.4;1.8;26.0;0.7;0.973632216202;-1.77885742112;-1.47226146343;0.382463602028;-1.62555944227;2.07666666667
983;983;21;2016-11-10 00:00:00;2016-11-10 21:00:00;2;5;3;10;315;11;2016;21;0;0;0;1;0;0;0;0;0;0;0;0;0;0;0;0;0;1;0;0;1;0;1;7.0;-0.4;1.8;26.0;0.7;0.973632216202;-1.77885742112;-1.47226146343;0.382463602028;-1.62555944227;0.0
984;984;22;2016-11-10 00:00:00;2016-11-10 22:00:00;2;5;3;10;315;11;2016;22;0;0;0;1;0;0;0;0;0;0;0;0;0;0;0;0;0;1;0;0;1;0;1;7.0;-0.4;1.8;26.0;0.7;0.973632216202;-1.77885742112;-1.47226146343;0.382463602028;-1.62555944227;0.0
985;985;23;2016-11-10 00:00:00;2016-11-10 23:00:00;2;5;3;10;315;11;2016;23;0;0;0;1;0;0;0;0;0;0;0;0;0;0;0;0;0;1;0;0;1;0;1;7.0;-0.4;1.8;26.0;0.7;0.973632216202;-1.77885742112;-1.47226146343;0.382463602028;-1.62555944227;0.0
986;986;24;2016-11-11 00:00:00;2016-11-11 00:00:00;2;5;4;11;316;11;2016;0;0;0;0;0;1;0;0;0;0;0;0;0;0;0;0;0;0;1;0;0;1;0;1;6.0;-1.6;3.3;83.0;0.85;0.594535151964;-1.94609157986;-1.263218765;2.69737571834;-1.60465517243;0.0
987;987;25;2016-11-11 00:00:00;2016-11-11 01:00:00;2;5;4;11;316;11;2016;1;0;0;0;0;1;0;0;0;0;0;0;0;0;0;0;0;0;1;0;0;1;0;1;6.0;-1.6;3.3;83.0;0.85;0.594535151964;-1.94609157986;-1.263218765;2.69737571834;-1.60465517243;0.0
988;988;26;2016-11-11 00:00:00;2016-11-11 02:00:00;2;5;4;11;316;11;2016;2;0;0;0;0;1;0;0;0;0;0;0;0;0;0;0;0;0;1;0;0;1;0;1;6.0;-1.6;3.3;83.0;0.85;0.594535151964;-1.94609157986;-1.263218765;2.69737571834;-1.60465517243;0.0
989;989;27;2016-11-11 00:00:00;2016-11-11 03:00:00;2;5;4;11;316;11;2016;3;0;0;0;0;1;0;0;0;0;0;0;0;0;0;0;0;0;1;0;0;1;0;1;6.0;-1.6;3.3;83.0;0.85;0.594535151964;-1.94609157986;-1.263218765;2.69737571834;-1.60465517243;0.0
990;990;28;2016-11-11 00:00:00;2016-11-11 04:00:00;2;5;4;11;316;11;2016;4;0;0;0;0;1;0;0;0;0;0;0;0;0;0;0;0;0;1;0;0;1;0;1;6.0;-1.6;3.3;83.0;0.85;0.594535151964;-1.94609157986;-1.263218765;2.69737571834;-1.60465517243;0.0
991;991;29;2016-11-11 00:00:00;2016-11-11 05:00:00;2;5;4;11;316;11;2016;5;0;0;0;0;1;0;0;0;0;0;0;0;0;0;0;0;0;1;0;0;1;0;1;6.0;-1.6;3.3;83.0;0.85;0.594535151964;-1.94609157986;-1.263218765;2.69737571834;-1.60465517243;0.0
992;992;30;2016-11-11 00:00:00;2016-11-11 06:00:00;2;5;4;11;316;11;2016;6;0;0;0;0;1;0;0;0;0;0;0;0;0;0;0;0;0;1;0;0;1;0;1;6.0;-1.6;3.3;83.0;0.85;0.594535151964;-1.94609157986;-1.263218765;2.69737571834;-1.60465517243;0.873333333333
993;993;31;2016-11-11 00:00:00;2016-11-11 07:00:00;2;5;4;11;316;11;2016;7;0;0;0;0;1;0;0;0;0;0;0;0;0;0;0;0;0;1;0;0;1;0;1;6.0;-1.6;3.3;83.0;0.85;0.594535151964;-1.94609157986;-1.263218765;2.69737571834;-1.60465517243;0.43
994;994;32;2016-11-11 00:00:00;2016-11-11 08:00:00;2;5;4;11;316;11;2016;8;0;0;0;0;1;0;0;0;0;0;0;0;0;0;0;0;0;1;0;0;1;0;1;6.0;-1.6;3.3;83.0;0.85;0.594535151964;-1.94609157986;-1.263218765;2.69737571834;-1.60465517243;0.443333333333
995;995;33;2016-11-11 00:00:00;2016-11-11 09:00:00;2;5;4;11;316;11;2016;9;0;0;0;0;1;0;0;0;0;0;0;0;0;0;0;0;0;1;0;0;1;0;1;6.0;-1.6;3.3;83.0;0.85;0.594535151964;-1.94609157986;-1.263218765;2.69737571834;-1.60465517243;1.31
996;996;34;2016-11-11 00:00:00;2016-11-11 10:00:00;2;5;4;11;316;11;2016;10;0;0;0;0;1;0;0;0;0;0;0;0;0;0;0;0;0;1;0;0;1;0;1;6.0;-1.6;3.3;83.0;0.85;0.594535151964;-1.94609157986;-1.263218765;2.69737571834;-1.60465517243;3.30666666667
997;997;35;2016-11-11 00:00:00;2016-11-11 11:00:00;2;5;4;11;316;11;2016;11;0;0;0;0;1;0;0;0;0;0;0;0;0;0;0;0;0;1;0;0;1;0;1;6.0;-1.6;3.3;83.0;0.85;0.594535151964;-1.94609157986;-1.263218765;2.69737571834;-1.60465517243;7.70333333333
998;998;36;2016-11-11 00:00:00;2016-11-11 12:00:00;2;5;4;11;316;11;2016;12;0;0;0;0;1;0;0;0;0;0;0;0;0;0;0;0;0;1;0;0;1;0;1;6.0;-1.6;3.3;83.0;0.85;0.594535151964;-1.94609157986;-1.263218765;2.69737571834;-1.60465517243;10.3133333333
999;999;37;2016-11-11 00:00:00;2016-11-11 13:00:00;2;5;4;11;316;11;2016;13;0;0;0;0;1;0;0;0;0;0;0;0;0;0;0;0;0;1;0;0;1;0;1;6.0;-1.6;3.3;83.0;0.85;0.594535151964;-1.94609157986;-1.263218765;2.69737571834;-1.60465517243;8.71
1000;1000;38;2016-11-11 00:00:00;2016-11-11 14:00:00;2;5;4;11;316;11;2016;14;0;0;0;0;1;0;0;0;0;0;0;0;0;0;0;0;0;1;0;0;1;0;1;6.0;-1.6;3.3;83.0;0.85;0.594535151964;-1.94609157986;-1.263218765;2.69737571834;-1.60465517243;8.62
1001;1001;39;2016-11-11 00:00:00;2016-11-11 15:00:00;2;5;4;11;316;11;2016;15;0;0;0;0;1;0;0;0;0;0;0;0;0;0;0;0;0;1;0;0;1;0;1;6.0;-1.6;3.3;83.0;0.85;0.594535151964;-1.94609157986;-1.263218765;2.69737571834;-1.60465517243;8.73666666667
1002;1002;40;2016-11-11 00:00:00;2016-11-11 16:00:00;2;5;4;11;316;11;2016;16;0;0;0;0;1;0;0;0;0;0;0;0;0;0;0;0;0;1;0;0;1;0;1;6.0;-1.6;3.3;83.0;0.85;0.594535151964;-1.94609157986;-1.263218765;2.69737571834;-1.60465517243;10.22
1003;1003;41;2016-11-11 00:00:00;2016-11-11 17:00:00;2;5;4;11;316;11;2016;17;0;0;0;0;1;0;0;0;0;0;0;0;0;0;0;0;0;1;0;0;1;0;1;6.0;-1.6;3.3;83.0;0.85;0.594535151964;-1.94609157986;-1.263218765;2.69737571834;-1.60465517243;9.90333333333
1004;1004;42;2016-11-11 00:00:00;2016-11-11 18:00:00;2;5;4;11;316;11;2016;18;0;0;0;0;1;0;0;0;0;0;0;0;0;0;0;0;0;1;0;0;1;0;1;6.0;-1.6;3.3;83.0;0.85;0.594535151964;-1.94609157986;-1.263218765;2.69737571834;-1.60465517243;11.3466666667
1005;1005;43;2016-11-11 00:00:00;2016-11-11 19:00:00;2;5;4;11;316;11;2016;19;0;0;0;0;1;0;0;0;0;0;0;0;0;0;0;0;0;1;0;0;1;0;1;6.0;-1.6;3.3;83.0;0.85;0.594535151964;-1.94609157986;-1.263218765;2.69737571834;-1.60465517243;9.70333333333
1006;1006;44;2016-11-11 00:00:00;2016-11-11 20:00:00;2;5;4;11;316;11;2016;20;0;0;0;0;1;0;0;0;0;0;0;0;0;0;0;0;0;1;0;0;1;0;1;6.0;-1.6;3.3;83.0;0.85;0.594535151964;-1.94609157986;-1.263218765;2.69737571834;-1.60465517243;2.6
1007;1007;45;2016-11-11 00:00:00;2016-11-11 21:00:00;2;5;4;11;316;11;2016;21;0;0;0;0;1;0;0;0;0;0;0;0;0;0;0;0;0;1;0;0;1;0;1;6.0;-1.6;3.3;83.0;0.85;0.594535151964;-1.94609157986;-1.263218765;2.69737571834;-1.60465517243;0.0
1008;1008;46;2016-11-11 00:00:00;2016-11-11 22:00:00;2;5;4;11;316;11;2016;22;0;0;0;0;1;0;0;0;0;0;0;0;0;0;0;0;0;1;0;0;1;0;1;6.0;-1.6;3.3;83.0;0.85;0.594535151964;-1.94609157986;-1.263218765;2.69737571834;-1.60465517243;0.0
1009;1009;47;2016-11-11 00:00:00;2016-11-11 23:00:00;2;5;4;11;316;11;2016;23;0;0;0;0;1;0;0;0;0;0;0;0;0;0;0;0;0;1;0;0;1;0;1;6.0;-1.6;3.3;83.0;0.85;0.594535151964;-1.94609157986;-1.263218765;2.69737571834;-1.60465517243;0.0
1010;1010;48;2016-11-12 00:00:00;2016-11-12 00:00:00;2;5;5;12;317;11;2016;0;0;0;0;0;0;1;0;0;0;0;0;0;0;0;0;0;0;1;0;0;1;0;1;6.0;-4.4;0.2;6.0;-2.1;0.594535151964;-2.33630461692;-1.69524034175;-0.429786263343;-2.01577247934;0.0
1011;1011;49;2016-11-12 00:00:00;2016-11-12 01:00:00;2;5;5;12;317;11;2016;1;0;0;0;0;0;1;0;0;0;0;0;0;0;0;0;0;0;1;0;0;1;0;1;6.0;-4.4;0.2;6.0;-2.1;0.594535151964;-2.33630461692;-1.69524034175;-0.429786263343;-2.01577247934;0.0
1012;1012;50;2016-11-12 00:00:00;2016-11-12 02:00:00;2;5;5;12;317;11;2016;2;0;0;0;0;0;1;0;0;0;0;0;0;0;0;0;0;0;1;0;0;1;0;1;6.0;-4.4;0.2;6.0;-2.1;0.594535151964;-2.33630461692;-1.69524034175;-0.429786263343;-2.01577247934;0.0
1013;1013;51;2016-11-12 00:00:00;2016-11-12 03:00:00;2;5;5;12;317;11;2016;3;0;0;0;0;0;1;0;0;0;0;0;0;0;0;0;0;0;1;0;0;1;0;1;6.0;-4.4;0.2;6.0;-2.1;0.594535151964;-2.33630461692;-1.69524034175;-0.429786263343;-2.01577247934;0.0
1014;1014;52;2016-11-12 00:00:00;2016-11-12 04:00:00;2;5;5;12;317;11;2016;4;0;0;0;0;0;1;0;0;0;0;0;0;0;0;0;0;0;1;0;0;1;0;1;6.0;-4.4;0.2;6.0;-2.1;0.594535151964;-2.33630461692;-1.69524034175;-0.429786263343;-2.01577247934;0.0
1015;1015;53;2016-11-12 00:00:00;2016-11-12 05:00:00;2;5;5;12;317;11;2016;5;0;0;0;0;0;1;0;0;0;0;0;0;0;0;0;0;0;1;0;0;1;0;1;6.0;-4.4;0.2;6.0;-2.1;0.594535151964;-2.33630461692;-1.69524034175;-0.429786263343;-2.01577247934;0.0
1016;1016;54;2016-11-12 00:00:00;2016-11-12 06:00:00;2;5;5;12;317;11;2016;6;0;0;0;0;0;1;0;0;0;0;0;0;0;0;0;0;0;1;0;0;1;0;1;6.0;-4.4;0.2;6.0;-2.1;0.594535151964;-2.33630461692;-1.69524034175;-0.429786263343;-2.01577247934;0.0
1017;1017;55;2016-11-12 00:00:00;2016-11-12 07:00:00;2;5;5;12;317;11;2016;7;0;0;0;0;0;1;0;0;0;0;0;0;0;0;0;0;0;1;0;0;1;0;1;6.0;-4.4;0.2;6.0;-2.1;0.594535151964;-2.33630461692;-1.69524034175;-0.429786263343;-2.01577247934;0.0866666666667
1018;1018;56;2016-11-12 00:00:00;2016-11-12 08:00:00;2;5;5;12;317;11;2016;8;0;0;0;0;0;1;0;0;0;0;0;0;0;0;0;0;0;1;0;0;1;0;1;6.0;-4.4;0.2;6.0;-2.1;0.594535151964;-2.33630461692;-1.69524034175;-0.429786263343;-2.01577247934;0.103333333333
1019;1019;57;2016-11-12 00:00:00;2016-11-12 09:00:00;2;5;5;12;317;11;2016;9;0;0;0;0;0;1;0;0;0;0;0;0;0;0;0;0;0;1;0;0;1;0;1;6.0;-4.4;0.2;6.0;-2.1;0.594535151964;-2.33630461692;-1.69524034175;-0.429786263343;-2.01577247934;0.623333333333
1020;1020;58;2016-11-12 00:00:00;2016-11-12 10:00:00;2;5;5;12;317;11;2016;10;0;0;0;0;0;1;0;0;0;0;0;0;0;0;0;0;0;1;0;0;1;0;1;6.0;-4.4;0.2;6.0;-2.1;0.594535151964;-2.33630461692;-1.69524034175;-0.429786263343;-2.01577247934;3.08
1021;1021;59;2016-11-12 00:00:00;2016-11-12 11:00:00;2;5;5;12;317;11;2016;11;0;0;0;0;0;1;0;0;0;0;0;0;0;0;0;0;0;1;0;0;1;0;1;6.0;-4.4;0.2;6.0;-2.1;0.594535151964;-2.33630461692;-1.69524034175;-0.429786263343;-2.01577247934;9.16333333333
1022;1022;60;2016-11-12 00:00:00;2016-11-12 12:00:00;2;5;5;12;317;11;2016;12;0;0;0;0;0;1;0;0;0;0;0;0;0;0;0;0;0;1;0;0;1;0;1;6.0;-4.4;0.2;6.0;-2.1;0.594535151964;-2.33630461692;-1.69524034175;-0.429786263343;-2.01577247934;17.0933333333
1023;1023;61;2016-11-12 00:00:00;2016-11-12 13:00:00;2;5;5;12;317;11;2016;13;0;0;0;0;0;1;0;0;0;0;0;0;0;0;0;0;0;1;0;0;1;0;1;6.0;-4.4;0.2;6.0;-2.1;0.594535151964;-2.33630461692;-1.69524034175;-0.429786263343;-2.01577247934;24.84
1024;1024;62;2016-11-12 00:00:00;2016-11-12 14:00:00;2;5;5;12;317;11;2016;14;0;0;0;0;0;1;0;0;0;0;0;0;0;0;0;0;0;1;0;0;1;0;1;6.0;-4.4;0.2;6.0;-2.1;0.594535151964;-2.33630461692;-1.69524034175;-0.429786263343;-2.01577247934;27.52
1025;1025;63;2016-11-12 00:00:00;2016-11-12 15:00:00;2;5;5;12;317;11;2016;15;0;0;0;0;0;1;0;0;0;0;0;0;0;0;0;0;0;1;0;0;1;0;1;6.0;-4.4;0.2;6.0;-2.1;0.594535151964;-2.33630461692;-1.69524034175;-0.429786263343;-2.01577247934;29.9833333333
1026;1026;64;2016-11-12 00:00:00;2016-11-12 16:00:00;2;5;5;12;317;11;2016;16;0;0;0;0;0;1;0;0;0;0;0;0;0;0;0;0;0;1;0;0;1;0;1;6.0;-4.4;0.2;6.0;-2.1;0.594535151964;-2.33630461692;-1.69524034175;-0.429786263343;-2.01577247934;32.28
1027;1027;65;2016-11-12 00:00:00;2016-11-12 17:00:00;2;5;5;12;317;11;2016;17;0;0;0;0;0;1;0;0;0;0;0;0;0;0;0;0;0;1;0;0;1;0;1;6.0;-4.4;0.2;6.0;-2.1;0.594535151964;-2.33630461692;-1.69524034175;-0.429786263343;-2.01577247934;31.2166666667
1028;1028;66;2016-11-12 00:00:00;2016-11-12 18:00:00;2;5;5;12;317;11;2016;18;0;0;0;0;0;1;0;0;0;0;0;0;0;0;0;0;0;1;0;0;1;0;1;6.0;-4.4;0.2;6.0;-2.1;0.594535151964;-2.33630461692;-1.69524034175;-0.429786263343;-2.01577247934;29.57
1029;1029;67;2016-11-12 00:00:00;2016-11-12 19:00:00;2;5;5;12;317;11;2016;19;0;0;0;0;0;1;0;0;0;0;0;0;0;0;0;0;0;1;0;0;1;0;1;6.0;-4.4;0.2;6.0;-2.1;0.594535151964;-2.33630461692;-1.69524034175;-0.429786263343;-2.01577247934;17.0533333333
1030;1030;68;2016-11-12 00:00:00;2016-11-12 20:00:00;2;5;5;12;317;11;2016;20;0;0;0;0;0;1;0;0;0;0;0;0;0;0;0;0;0;1;0;0;1;0;1;6.0;-4.4;0.2;6.0;-2.1;0.594535151964;-2.33630461692;-1.69524034175;-0.429786263343;-2.01577247934;4.84333333333
1031;1031;69;2016-11-12 00:00:00;2016-11-12 21:00:00;2;5;5;12;317;11;2016;21;0;0;0;0;0;1;0;0;0;0;0;0;0;0;0;0;0;1;0;0;1;0;1;6.0;-4.4;0.2;6.0;-2.1;0.594535151964;-2.33630461692;-1.69524034175;-0.429786263343;-2.01577247934;0.0
1032;1032;70;2016-11-12 00:00:00;2016-11-12 22:00:00;2;5;5;12;317;11;2016;22;0;0;0;0;0;1;0;0;0;0;0;0;0;0;0;0;0;1;0;0;1;0;1;6.0;-4.4;0.2;6.0;-2.1;0.594535151964;-2.33630461692;-1.69524034175;-0.429786263343;-2.01577247934;0.0
1033;1033;71;2016-11-12 00:00:00;2016-11-12 23:00:00;2;5;5;12;317;11;2016;23;0;0;0;0;0;1;0;0;0;0;0;0;0;0;0;0;0;1;0;0;1;0;1;6.0;-4.4;0.2;6.0;-2.1;0.594535151964;-2.33630461692;-1.69524034175;-0.429786263343;-2.01577247934;0.0
1034;1034;72;2016-11-13 00:00:00;2016-11-13 00:00:00;2;5;6;13;318;11;2016;0;0;0;0;0;0;0;1;0;0;0;0;0;0;0;0;0;0;1;0;0;1;0;1;4.0;-3.5;2.2;6.0;-0.65;-0.163658976513;-2.21087899787;-1.41651674385;-0.429786263343;-1.81369787086;0.0
1035;1035;73;2016-11-13 00:00:00;2016-11-13 01:00:00;2;5;6;13;318;11;2016;1;0;0;0;0;0;0;1;0;0;0;0;0;0;0;0;0;0;1;0;0;1;0;1;4.0;-3.5;2.2;6.0;-0.65;-0.163658976513;-2.21087899787;-1.41651674385;-0.429786263343;-1.81369787086;0.0
1036;1036;74;2016-11-13 00:00:00;2016-11-13 02:00:00;2;5;6;13;318;11;2016;2;0;0;0;0;0;0;1;0;0;0;0;0;0;0;0;0;0;1;0;0;1;0;1;4.0;-3.5;2.2;6.0;-0.65;-0.163658976513;-2.21087899787;-1.41651674385;-0.429786263343;-1.81369787086;0.0
1037;1037;75;2016-11-13 00:00:00;2016-11-13 03:00:00;2;5;6;13;318;11;2016;3;0;0;0;0;0;0;1;0;0;0;0;0;0;0;0;0;0;1;0;0;1;0;1;4.0;-3.5;2.2;6.0;-0.65;-0.163658976513;-2.21087899787;-1.41651674385;-0.429786263343;-1.81369787086;0.0
1038;1038;76;2016-11-13 00:00:00;2016-11-13 04:00:00;2;5;6;13;318;11;2016;4;0;0;0;0;0;0;1;0;0;0;0;0;0;0;0;0;0;1;0;0;1;0;1;4.0;-3.5;2.2;6.0;-0.65;-0.163658976513;-2.21087899787;-1.41651674385;-0.429786263343;-1.81369787086;0.0
1039;1039;77;2016-11-13 00:00:00;2016-11-13 05:00:00;2;5;6;13;318;11;2016;5;0;0;0;0;0;0;1;0;0;0;0;0;0;0;0;0;0;1;0;0;1;0;1;4.0;-3.5;2.2;6.0;-0.65;-0.163658976513;-2.21087899787;-1.41651674385;-0.429786263343;-1.81369787086;0.0
1040;1040;78;2016-11-13 00:00:00;2016-11-13 06:00:00;2;5;6;13;318;11;2016;6;0;0;0;0;0;0;1;0;0;0;0;0;0;0;0;0;0;1;0;0;1;0;1;4.0;-3.5;2.2;6.0;-0.65;-0.163658976513;-2.21087899787;-1.41651674385;-0.429786263343;-1.81369787086;0.0
1041;1041;79;2016-11-13 00:00:00;2016-11-13 07:00:00;2;5;6;13;318;11;2016;7;0;0;0;0;0;0;1;0;0;0;0;0;0;0;0;0;0;1;0;0;1;0;1;4.0;-3.5;2.2;6.0;-0.65;-0.163658976513;-2.21087899787;-1.41651674385;-0.429786263343;-1.81369787086;0.103333333333
1042;1042;80;2016-11-13 00:00:00;2016-11-13 08:00:00;2;5;6;13;318;11;2016;8;0;0;0;0;0;0;1;0;0;0;0;0;0;0;0;0;0;1;0;0;1;0;1;4.0;-3.5;2.2;6.0;-0.65;-0.163658976513;-2.21087899787;-1.41651674385;-0.429786263343;-1.81369787086;0.12
1043;1043;81;2016-11-13 00:00:00;2016-11-13 09:00:00;2;5;6;13;318;11;2016;9;0;0;0;0;0;0;1;0;0;0;0;0;0;0;0;0;0;1;0;0;1;0;1;4.0;-3.5;2.2;6.0;-0.65;-0.163658976513;-2.21087899787;-1.41651674385;-0.429786263343;-1.81369787086;0.0
1044;1044;82;2016-11-13 00:00:00;2016-11-13 10:00:00;2;5;6;13;318;11;2016;10;0;0;0;0;0;0;1;0;0;0;0;0;0;0;0;0;0;1;0;0;1;0;1;4.0;-3.5;2.2;6.0;-0.65;-0.163658976513;-2.21087899787;-1.41651674385;-0.429786263343;-1.81369787086;0.0
1045;1045;83;2016-11-13 00:00:00;2016-11-13 11:00:00;2;5;6;13;318;11;2016;11;0;0;0;0;0;0;1;0;0;0;0;0;0;0;0;0;0;1;0;0;1;0;1;4.0;-3.5;2.2;6.0;-0.65;-0.163658976513;-2.21087899787;-1.41651674385;-0.429786263343;-1.81369787086;0.233333333333
1046;1046;84;2016-11-13 00:00:00;2016-11-13 12:00:00;2;5;6;13;318;11;2016;12;0;0;0;0;0;0;1;0;0;0;0;0;0;0;0;0;0;1;0;0;1;0;1;4.0;-3.5;2.2;6.0;-0.65;-0.163658976513;-2.21087899787;-1.41651674385;-0.429786263343;-1.81369787086;0.233333333333
1047;1047;85;2016-11-13 00:00:00;2016-11-13 13:00:00;2;5;6;13;318;11;2016;13;0;0;0;0;0;0;1;0;0;0;0;0;0;0;0;0;0;1;0;0;1;0;1;4.0;-3.5;2.2;6.0;-0.65;-0.163658976513;-2.21087899787;-1.41651674385;-0.429786263343;-1.81369787086;0.316666666667
1048;1048;86;2016-11-13 00:00:00;2016-11-13 14:00:00;2;5;6;13;318;11;2016;14;0;0;0;0;0;0;1;0;0;0;0;0;0;0;0;0;0;1;0;0;1;0;1;4.0;-3.5;2.2;6.0;-0.65;-0.163658976513;-2.21087899787;-1.41651674385;-0.429786263343;-1.81369787086;0.86
1049;1049;87;2016-11-13 00:00:00;2016-11-13 15:00:00;2;5;6;13;318;11;2016;15;0;0;0;0;0;0;1;0;0;0;0;0;0;0;0;0;0;1;0;0;1;0;1;4.0;-3.5;2.2;6.0;-0.65;-0.163658976513;-2.21087899787;-1.41651674385;-0.429786263343;-1.81369787086;0.813333333333
1050;1050;88;2016-11-13 00:00:00;2016-11-13 16:00:00;2;5;6;13;318;11;2016;16;0;0;0;0;0;0;1;0;0;0;0;0;0;0;0;0;0;1;0;0;1;0;1;4.0;-3.5;2.2;6.0;-0.65;-0.163658976513;-2.21087899787;-1.41651674385;-0.429786263343;-1.81369787086;1.05
1051;1051;89;2016-11-13 00:00:00;2016-11-13 17:00:00;2;5;6;13;318;11;2016;17;0;0;0;0;0;0;1;0;0;0;0;0;0;0;0;0;0;1;0;0;1;0;1;4.0;-3.5;2.2;6.0;-0.65;-0.163658976513;-2.21087899787;-1.41651674385;-0.429786263343;-1.81369787086;0.996666666667
1052;1052;90;2016-11-13 00:00:00;2016-11-13 18:00:00;2;5;6;13;318;11;2016;18;0;0;0;0;0;0;1;0;0;0;0;0;0;0;0;0;0;1;0;0;1;0;1;4.0;-3.5;2.2;6.0;-0.65;-0.163658976513;-2.21087899787;-1.41651674385;-0.429786263343;-1.81369787086;0.896666666667
1053;1053;91;2016-11-13 00:00:00;2016-11-13 19:00:00;2;5;6;13;318;11;2016;19;0;0;0;0;0;0;1;0;0;0;0;0;0;0;0;0;0;1;0;0;1;0;1;4.0;-3.5;2.2;6.0;-0.65;-0.163658976513;-2.21087899787;-1.41651674385;-0.429786263343;-1.81369787086;0.896666666667
1054;1054;92;2016-11-13 00:00:00;2016-11-13 20:00:00;2;5;6;13;318;11;2016;20;0;0;0;0;0;0;1;0;0;0;0;0;0;0;0;0;0;1;0;0;1;0;1;4.0;-3.5;2.2;6.0;-0.65;-0.163658976513;-2.21087899787;-1.41651674385;-0.429786263343;-1.81369787086;0.0
1055;1055;93;2016-11-13 00:00:00;2016-11-13 21:00:00;2;5;6;13;318;11;2016;21;0;0;0;0;0;0;1;0;0;0;0;0;0;0;0;0;0;1;0;0;1;0;1;4.0;-3.5;2.2;6.0;-0.65;-0.163658976513;-2.21087899787;-1.41651674385;-0.429786263343;-1.81369787086;0.0
1056;1056;94;2016-11-13 00:00:00;2016-11-13 22:00:00;2;5;6;13;318;11;2016;22;0;0;0;0;0;0;1;0;0;0;0;0;0;0;0;0;0;1;0;0;1;0;1;4.0;-3.5;2.2;6.0;-0.65;-0.163658976513;-2.21087899787;-1.41651674385;-0.429786263343;-1.81369787086;0.0
1057;1057;95;2016-11-13 00:00:00;2016-11-13 23:00:00;2;5;6;13;318;11;2016;23;0;0;0;0;0;0;1;0;0;0;0;0;0;0;0;0;0;1;0;0;1;0;1;4.0;-3.5;2.2;6.0;-0.65;-0.163658976513;-2.21087899787;-1.41651674385;-0.429786263343;-1.81369787086;0.0
1058;1058;96;2016-11-14 00:00:00;2016-11-14 00:00:00;2;5;0;14;319;11;2016;0;1;0;0;0;0;0;0;0;0;0;0;0;0;0;0;0;0;1;0;0;1;0;1;5.0;-1.7;4.4;5.0;1.35;0.215438087726;-1.96002775975;-1.10992078616;-0.470398756611;-1.53497427296;0.0
1059;1059;97;2016-11-14 00:00:00;2016-11-14 01:00:00;2;5;0;14;319;11;2016;1;1;0;0;0;0;0;0;0;0;0;0;0;0;0;0;0;0;1;0;0;1;0;1;5.0;-1.7;4.4;5.0;1.35;0.215438087726;-1.96002775975;-1.10992078616;-0.470398756611;-1.53497427296;0.0
1060;1060;98;2016-11-14 00:00:00;2016-11-14 02:00:00;2;5;0;14;319;11;2016;2;1;0;0;0;0;0;0;0;0;0;0;0;0;0;0;0;0;1;0;0;1;0;1;5.0;-1.7;4.4;5.0;1.35;0.215438087726;-1.96002775975;-1.10992078616;-0.470398756611;-1.53497427296;0.0
1061;1061;99;2016-11-14 00:00:00;2016-11-14 03:00:00;2;5;0;14;319;11;2016;3;1;0;0;0;0;0;0;0;0;0;0;0;0;0;0;0;0;1;0;0;1;0;1;5.0;-1.7;4.4;5.0;1.35;0.215438087726;-1.96002775975;-1.10992078616;-0.470398756611;-1.53497427296;0.0
1062;1062;100;2016-11-14 00:00:00;2016-11-14 04:00:00;2;5;0;14;319;11;2016;4;1;0;0;0;0;0;0;0;0;0;0;0;0;0;0;0;0;1;0;0;1;0;1;5.0;-1.7;4.4;5.0;1.35;0.215438087726;-1.96002775975;-1.10992078616;-0.470398756611;-1.53497427296;0.0
1063;1063;101;2016-11-14 00:00:00;2016-11-14 05:00:00;2;5;0;14;319;11;2016;5;1;0;0;0;0;0;0;0;0;0;0;0;0;0;0;0;0;1;0;0;1;0;1;5.0;-1.7;4.4;5.0;1.35;0.215438087726;-1.96002775975;-1.10992078616;-0.470398756611;-1.53497427296;0.0
1064;1064;102;2016-11-14 00:00:00;2016-11-14 06:00:00;2;5;0;14;319;11;2016;6;1;0;0;0;0;0;0;0;0;0;0;0;0;0;0;0;0;1;0;0;1;0;1;5.0;-1.7;4.4;5.0;1.35;0.215438087726;-1.96002775975;-1.10992078616;-0.470398756611;-1.53497427296;0.906666666667
1065;1065;103;2016-11-14 00:00:00;2016-11-14 07:00:00;2;5;0;14;319;11;2016;7;1;0;0;0;0;0;0;0;0;0;0;0;0;0;0;0;0;1;0;0;1;0;1;5.0;-1.7;4.4;5.0;1.35;0.215438087726;-1.96002775975;-1.10992078616;-0.470398756611;-1.53497427296;0.15
1066;1066;104;2016-11-14 00:00:00;2016-11-14 08:00:00;2;5;0;14;319;11;2016;8;1;0;0;0;0;0;0;0;0;0;0;0;0;0;0;0;0;1;0;0;1;0;1;5.0;-1.7;4.4;5.0;1.35;0.215438087726;-1.96002775975;-1.10992078616;-0.470398756611;-1.53497427296;0.17
1067;1067;105;2016-11-14 00:00:00;2016-11-14 09:00:00;2;5;0;14;319;11;2016;9;1;0;0;0;0;0;0;0;0;0;0;0;0;0;0;0;0;1;0;0;1;0;1;5.0;-1.7;4.4;5.0;1.35;0.215438087726;-1.96002775975;-1.10992078616;-0.470398756611;-1.53497427296;0.61
1068;1068;106;2016-11-14 00:00:00;2016-11-14 10:00:00;2;5;0;14;319;11;2016;10;1;0;0;0;0;0;0;0;0;0;0;0;0;0;0;0;0;1;0;0;1;0;1;5.0;-1.7;4.4;5.0;1.35;0.215438087726;-1.96002775975;-1.10992078616;-0.470398756611;-1.53497427296;2.47333333333
1069;1069;107;2016-11-14 00:00:00;2016-11-14 11:00:00;2;5;0;14;319;11;2016;11;1;0;0;0;0;0;0;0;0;0;0;0;0;0;0;0;0;1;0;0;1;0;1;5.0;-1.7;4.4;5.0;1.35;0.215438087726;-1.96002775975;-1.10992078616;-0.470398756611;-1.53497427296;7.23
1070;1070;108;2016-11-14 00:00:00;2016-11-14 12:00:00;2;5;0;14;319;11;2016;12;1;0;0;0;0;0;0;0;0;0;0;0;0;0;0;0;0;1;0;0;1;0;1;5.0;-1.7;4.4;5.0;1.35;0.215438087726;-1.96002775975;-1.10992078616;-0.470398756611;-1.53497427296;8.12333333333
1071;1071;109;2016-11-14 00:00:00;2016-11-14 13:00:00;2;5;0;14;319;11;2016;13;1;0;0;0;0;0;0;0;0;0;0;0;0;0;0;0;0;1;0;0;1;0;1;5.0;-1.7;4.4;5.0;1.35;0.215438087726;-1.96002775975;-1.10992078616;-0.470398756611;-1.53497427296;7.38
1072;1072;110;2016-11-14 00:00:00;2016-11-14 14:00:00;2;5;0;14;319;11;2016;14;1;0;0;0;0;0;0;0;0;0;0;0;0;0;0;0;0;1;0;0;1;0;1;5.0;-1.7;4.4;5.0;1.35;0.215438087726;-1.96002775975;-1.10992078616;-0.470398756611;-1.53497427296;6.86666666667
1073;1073;111;2016-11-14 00:00:00;2016-11-14 15:00:00;2;5;0;14;319;11;2016;15;1;0;0;0;0;0;0;0;0;0;0;0;0;0;0;0;0;1;0;0;1;0;1;5.0;-1.7;4.4;5.0;1.35;0.215438087726;-1.96002775975;-1.10992078616;-0.470398756611;-1.53497427296;7.49
1074;1074;112;2016-11-14 00:00:00;2016-11-14 16:00:00;2;5;0;14;319;11;2016;16;1;0;0;0;0;0;0;0;0;0;0;0;0;0;0;0;0;1;0;0;1;0;1;5.0;-1.7;4.4;5.0;1.35;0.215438087726;-1.96002775975;-1.10992078616;-0.470398756611;-1.53497427296;7.76333333333
1075;1075;113;2016-11-14 00:00:00;2016-11-14 17:00:00;2;5;0;14;319;11;2016;17;1;0;0;0;0;0;0;0;0;0;0;0;0;0;0;0;0;1;0;0;1;0;1;5.0;-1.7;4.4;5.0;1.35;0.215438087726;-1.96002775975;-1.10992078616;-0.470398756611;-1.53497427296;7.8
1076;1076;114;2016-11-14 00:00:00;2016-11-14 18:00:00;2;5;0;14;319;11;2016;18;1;0;0;0;0;0;0;0;0;0;0;0;0;0;0;0;0;1;0;0;1;0;1;5.0;-1.7;4.4;5.0;1.35;0.215438087726;-1.96002775975;-1.10992078616;-0.470398756611;-1.53497427296;7.29666666667
1077;1077;115;2016-11-14 00:00:00;2016-11-14 19:00:00;2;5;0;14;319;11;2016;19;1;0;0;0;0;0;0;0;0;0;0;0;0;0;0;0;0;1;0;0;1;0;1;5.0;-1.7;4.4;5.0;1.35;0.215438087726;-1.96002775975;-1.10992078616;-0.470398756611;-1.53497427296;4.41
1078;1078;116;2016-11-14 00:00:00;2016-11-14 20:00:00;2;5;0;14;319;11;2016;20;1;0;0;0;0;0;0;0;0;0;0;0;0;0;0;0;0;1;0;0;1;0;1;5.0;-1.7;4.4;5.0;1.35;0.215438087726;-1.96002775975;-1.10992078616;-0.470398756611;-1.53497427296;2.35666666667
1079;1079;117;2016-11-14 00:00:00;2016-11-14 21:00:00;2;5;0;14;319;11;2016;21;1;0;0;0;0;0;0;0;0;0;0;0;0;0;0;0;0;1;0;0;1;0;1;5.0;-1.7;4.4;5.0;1.35;0.215438087726;-1.96002775975;-1.10992078616;-0.470398756611;-1.53497427296;0.0
1080;1080;118;2016-11-14 00:00:00;2016-11-14 22:00:00;2;5;0;14;319;11;2016;22;1;0;0;0;0;0;0;0;0;0;0;0;0;0;0;0;0;1;0;0;1;0;1;5.0;-1.7;4.4;5.0;1.35;0.215438087726;-1.96002775975;-1.10992078616;-0.470398756611;-1.53497427296;0.0
1081;1081;119;2016-11-14 00:00:00;2016-11-14 23:00:00;2;5;0;14;319;11;2016;23;1;0;0;0;0;0;0;0;0;0;0;0;0;0;0;0;0;1;0;0;1;0;1;5.0;-1.7;4.4;5.0;1.35;0.215438087726;-1.96002775975;-1.10992078616;-0.470398756611;-1.53497427296;0.0
1082;1082;120;2016-11-15 00:00:00;2016-11-15 00:00:00;2;5;1;15;320;11;2016;0;0;1;0;0;0;0;0;0;0;0;0;0;0;0;0;0;0;1;0;0;1;0;1;8.0;2.9;8.8;51.0;5.85;1.35272928044;-1.31896348458;-0.496728870774;1.39777593374;-0.907846177678;0.0
1083;1083;121;2016-11-15 00:00:00;2016-11-15 01:00:00;2;5;1;15;320;11;2016;1;0;1;0;0;0;0;0;0;0;0;0;0;0;0;0;0;0;1;0;0;1;0;1;8.0;2.9;8.8;51.0;5.85;1.35272928044;-1.31896348458;-0.496728870774;1.39777593374;-0.907846177678;0.0
1084;1084;122;2016-11-15 00:00:00;2016-11-15 02:00:00;2;5;1;15;320;11;2016;2;0;1;0;0;0;0;0;0;0;0;0;0;0;0;0;0;0;1;0;0;1;0;1;8.0;2.9;8.8;51.0;5.85;1.35272928044;-1.31896348458;-0.496728870774;1.39777593374;-0.907846177678;0.0
1085;1085;123;2016-11-15 00:00:00;2016-11-15 03:00:00;2;5;1;15;320;11;2016;3;0;1;0;0;0;0;0;0;0;0;0;0;0;0;0;0;0;1;0;0;1;0;1;8.0;2.9;8.8;51.0;5.85;1.35272928044;-1.31896348458;-0.496728870774;1.39777593374;-0.907846177678;0.0
1086;1086;124;2016-11-15 00:00:00;2016-11-15 04:00:00;2;5;1;15;320;11;2016;4;0;1;0;0;0;0;0;0;0;0;0;0;0;0;0;0;0;1;0;0;1;0;1;8.0;2.9;8.8;51.0;5.85;1.35272928044;-1.31896348458;-0.496728870774;1.39777593374;-0.907846177678;0.0
1087;1087;125;2016-11-15 00:00:00;2016-11-15 05:00:00;2;5;1;15;320;11;2016;5;0;1;0;0;0;0;0;0;0;0;0;0;0;0;0;0;0;1;0;0;1;0;1;8.0;2.9;8.8;51.0;5.85;1.35272928044;-1.31896348458;-0.496728870774;1.39777593374;-0.907846177678;0.0
1088;1088;126;2016-11-15 00:00:00;2016-11-15 06:00:00;2;5;1;15;320;11;2016;6;0;1;0;0;0;0;0;0;0;0;0;0;0;0;0;0;0;1;0;0;1;0;1;8.0;2.9;8.8;51.0;5.85;1.35272928044;-1.31896348458;-0.496728870774;1.39777593374;-0.907846177678;0.826666666667
1089;1089;127;2016-11-15 00:00:00;2016-11-15 07:00:00;2;5;1;15;320;11;2016;7;0;1;0;0;0;0;0;0;0;0;0;0;0;0;0;0;0;1;0;0;1;0;1;8.0;2.9;8.8;51.0;5.85;1.35272928044;-1.31896348458;-0.496728870774;1.39777593374;-0.907846177678;0.0466666666667
1090;1090;128;2016-11-15 00:00:00;2016-11-15 08:00:00;2;5;1;15;320;11;2016;8;0;1;0;0;0;0;0;0;0;0;0;0;0;0;0;0;0;1;0;0;1;0;1;8.0;2.9;8.8;51.0;5.85;1.35272928044;-1.31896348458;-0.496728870774;1.39777593374;-0.907846177678;0.0333333333333
1091;1091;129;2016-11-15 00:00:00;2016-11-15 09:00:00;2;5;1;15;320;11;2016;9;0;1;0;0;0;0;0;0;0;0;0;0;0;0;0;0;0;1;0;0;1;0;1;8.0;2.9;8.8;51.0;5.85;1.35272928044;-1.31896348458;-0.496728870774;1.39777593374;-0.907846177678;0.97
1092;1092;130;2016-11-15 00:00:00;2016-11-15 10:00:00;2;5;1;15;320;11;2016;10;0;1;0;0;0;0;0;0;0;0;0;0;0;0;0;0;0;1;0;0;1;0;1;8.0;2.9;8.8;51.0;5.85;1.35272928044;-1.31896348458;-0.496728870774;1.39777593374;-0.907846177678;2.01666666667
1093;1093;131;2016-11-15 00:00:00;2016-11-15 11:00:00;2;5;1;15;320;11;2016;11;0;1;0;0;0;0;0;0;0;0;0;0;0;0;0;0;0;1;0;0;1;0;1;8.0;2.9;8.8;51.0;5.85;1.35272928044;-1.31896348458;-0.496728870774;1.39777593374;-0.907846177678;6.38
1094;1094;132;2016-11-15 00:00:00;2016-11-15 12:00:00;2;5;1;15;320;11;2016;12;0;1;0;0;0;0;0;0;0;0;0;0;0;0;0;0;0;1;0;0;1;0;1;8.0;2.9;8.8;51.0;5.85;1.35272928044;-1.31896348458;-0.496728870774;1.39777593374;-0.907846177678;6.81333333333
1095;1095;133;2016-11-15 00:00:00;2016-11-15 13:00:00;2;5;1;15;320;11;2016;13;0;1;0;0;0;0;0;0;0;0;0;0;0;0;0;0;0;1;0;0;1;0;1;8.0;2.9;8.8;51.0;5.85;1.35272928044;-1.31896348458;-0.496728870774;1.39777593374;-0.907846177678;6.41666666667
1096;1096;134;2016-11-15 00:00:00;2016-11-15 14:00:00;2;5;1;15;320;11;2016;14;0;1;0;0;0;0;0;0;0;0;0;0;0;0;0;0;0;1;0;0;1;0;1;8.0;2.9;8.8;51.0;5.85;1.35272928044;-1.31896348458;-0.496728870774;1.39777593374;-0.907846177678;5.83333333333
1097;1097;135;2016-11-15 00:00:00;2016-11-15 15:00:00;2;5;1;15;320;11;2016;15;0;1;0;0;0;0;0;0;0;0;0;0;0;0;0;0;0;1;0;0;1;0;1;8.0;2.9;8.8;51.0;5.85;1.35272928044;-1.31896348458;-0.496728870774;1.39777593374;-0.907846177678;7.05
1098;1098;136;2016-11-15 00:00:00;2016-11-15 16:00:00;2;5;1;15;320;11;2016;16;0;1;0;0;0;0;0;0;0;0;0;0;0;0;0;0;0;1;0;0;1;0;1;8.0;2.9;8.8;51.0;5.85;1.35272928044;-1.31896348458;-0.496728870774;1.39777593374;-0.907846177678;7.05333333333
1099;1099;137;2016-11-15 00:00:00;2016-11-15 17:00:00;2;5;1;15;320;11;2016;17;0;1;0;0;0;0;0;0;0;0;0;0;0;0;0;0;0;1;0;0;1;0;1;8.0;2.9;8.8;51.0;5.85;1.35272928044;-1.31896348458;-0.496728870774;1.39777593374;-0.907846177678;6.94
1100;1100;138;2016-11-15 00:00:00;2016-11-15 18:00:00;2;5;1;15;320;11;2016;18;0;1;0;0;0;0;0;0;0;0;0;0;0;0;0;0;0;1;0;0;1;0;1;8.0;2.9;8.8;51.0;5.85;1.35272928044;-1.31896348458;-0.496728870774;1.39777593374;-0.907846177678;7.51666666667
1101;1101;139;2016-11-15 00:00:00;2016-11-15 19:00:00;2;5;1;15;320;11;2016;19;0;1;0;0;0;0;0;0;0;0;0;0;0;0;0;0;0;1;0;0;1;0;1;8.0;2.9;8.8;51.0;5.85;1.35272928044;-1.31896348458;-0.496728870774;1.39777593374;-0.907846177678;5.10666666667
1102;1102;140;2016-11-15 00:00:00;2016-11-15 20:00:00;2;5;1;15;320;11;2016;20;0;1;0;0;0;0;0;0;0;0;0;0;0;0;0;0;0;1;0;0;1;0;1;8.0;2.9;8.8;51.0;5.85;1.35272928044;-1.31896348458;-0.496728870774;1.39777593374;-0.907846177678;1.26666666667
1103;1103;141;2016-11-15 00:00:00;2016-11-15 21:00:00;2;5;1;15;320;11;2016;21;0;1;0;0;0;0;0;0;0;0;0;0;0;0;0;0;0;1;0;0;1;0;1;8.0;2.9;8.8;51.0;5.85;1.35272928044;-1.31896348458;-0.496728870774;1.39777593374;-0.907846177678;0.0
1104;1104;142;2016-11-15 00:00:00;2016-11-15 22:00:00;2;5;1;15;320;11;2016;22;0;1;0;0;0;0;0;0;0;0;0;0;0;0;0;0;0;1;0;0;1;0;1;8.0;2.9;8.8;51.0;5.85;1.35272928044;-1.31896348458;-0.496728870774;1.39777593374;-0.907846177678;0.0
1105;1105;143;2016-11-15 00:00:00;2016-11-15 23:00:00;2;5;1;15;320;11;2016;23;0;1;0;0;0;0;0;0;0;0;0;0;0;0;0;0;0;1;0;0;1;0;1;8.0;2.9;8.8;51.0;5.85;1.35272928044;-1.31896348458;-0.496728870774;1.39777593374;-0.907846177678;0.0
1106;1106;144;2016-11-16 00:00:00;2016-11-16 00:00:00;2;5;2;16;321;11;2016;0;0;0;1;0;0;0;0;0;0;0;0;0;0;0;0;0;0;1;0;0;1;0;1;7.0;7.6;9.6;61.0;8.6;0.973632216202;-0.663963029515;-0.385239431614;1.80390086643;-0.524601230564;0.0
1107;1107;145;2016-11-16 00:00:00;2016-11-16 01:00:00;2;5;2;16;321;11;2016;1;0;0;1;0;0;0;0;0;0;0;0;0;0;0;0;0;0;1;0;0;1;0;1;7.0;7.6;9.6;61.0;8.6;0.973632216202;-0.663963029515;-0.385239431614;1.80390086643;-0.524601230564;0.0
1108;1108;146;2016-11-16 00:00:00;2016-11-16 02:00:00;2;5;2;16;321;11;2016;2;0;0;1;0;0;0;0;0;0;0;0;0;0;0;0;0;0;1;0;0;1;0;1;7.0;7.6;9.6;61.0;8.6;0.973632216202;-0.663963029515;-0.385239431614;1.80390086643;-0.524601230564;0.0
1109;1109;147;2016-11-16 00:00:00;2016-11-16 03:00:00;2;5;2;16;321;11;2016;3;0;0;1;0;0;0;0;0;0;0;0;0;0;0;0;0;0;1;0;0;1;0;1;7.0;7.6;9.6;61.0;8.6;0.973632216202;-0.663963029515;-0.385239431614;1.80390086643;-0.524601230564;0.0
1110;1110;148;2016-11-16 00:00:00;2016-11-16 04:00:00;2;5;2;16;321;11;2016;4;0;0;1;0;0;0;0;0;0;0;0;0;0;0;0;0;0;1;0;0;1;0;1;7.0;7.6;9.6;61.0;8.6;0.973632216202;-0.663963029515;-0.385239431614;1.80390086643;-0.524601230564;0.0
1111;1111;149;2016-11-16 00:00:00;2016-11-16 05:00:00;2;5;2;16;321;11;2016;5;0;0;1;0;0;0;0;0;0;0;0;0;0;0;0;0;0;1;0;0;1;0;1;7.0;7.6;9.6;61.0;8.6;0.973632216202;-0.663963029515;-0.385239431614;1.80390086643;-0.524601230564;0.0
1112;1112;150;2016-11-16 00:00:00;2016-11-16 06:00:00;2;5;2;16;321;11;2016;6;0;0;1;0;0;0;0;0;0;0;0;0;0;0;0;0;0;1;0;0;1;0;1;7.0;7.6;9.6;61.0;8.6;0.973632216202;-0.663963029515;-0.385239431614;1.80390086643;-0.524601230564;0.483333333333
1113;1113;151;2016-11-16 00:00:00;2016-11-16 07:00:00;2;5;2;16;321;11;2016;7;0;0;1;0;0;0;0;0;0;0;0;0;0;0;0;0;0;1;0;0;1;0;1;7.0;7.6;9.6;61.0;8.6;0.973632216202;-0.663963029515;-0.385239431614;1.80390086643;-0.524601230564;0.533333333333
1114;1114;152;2016-11-16 00:00:00;2016-11-16 08:00:00;2;5;2;16;321;11;2016;8;0;0;1;0;0;0;0;0;0;0;0;0;0;0;0;0;0;1;0;0;1;0;1;7.0;7.6;9.6;61.0;8.6;0.973632216202;-0.663963029515;-0.385239431614;1.80390086643;-0.524601230564;0.203333333333
1115;1115;153;2016-11-16 00:00:00;2016-11-16 09:00:00;2;5;2;16;321;11;2016;9;0;0;1;0;0;0;0;0;0;0;0;0;0;0;0;0;0;1;0;0;1;0;1;7.0;7.6;9.6;61.0;8.6;0.973632216202;-0.663963029515;-0.385239431614;1.80390086643;-0.524601230564;1.79666666667
1116;1116;154;2016-11-16 00:00:00;2016-11-16 10:00:00;2;5;2;16;321;11;2016;10;0;0;1;0;0;0;0;0;0;0;0;0;0;0;0;0;0;1;0;0;1;0;1;7.0;7.6;9.6;61.0;8.6;0.973632216202;-0.663963029515;-0.385239431614;1.80390086643;-0.524601230564;2.69333333333
1117;1117;155;2016-11-16 00:00:00;2016-11-16 11:00:00;2;5;2;16;321;11;2016;11;0;0;1;0;0;0;0;0;0;0;0;0;0;0;0;0;0;1;0;0;1;0;1;7.0;7.6;9.6;61.0;8.6;0.973632216202;-0.663963029515;-0.385239431614;1.80390086643;-0.524601230564;6.69
1118;1118;156;2016-11-16 00:00:00;2016-11-16 12:00:00;2;5;2;16;321;11;2016;12;0;0;1;0;0;0;0;0;0;0;0;0;0;0;0;0;0;1;0;0;1;0;1;7.0;7.6;9.6;61.0;8.6;0.973632216202;-0.663963029515;-0.385239431614;1.80390086643;-0.524601230564;7.76
1119;1119;157;2016-11-16 00:00:00;2016-11-16 13:00:00;2;5;2;16;321;11;2016;13;0;0;1;0;0;0;0;0;0;0;0;0;0;0;0;0;0;1;0;0;1;0;1;7.0;7.6;9.6;61.0;8.6;0.973632216202;-0.663963029515;-0.385239431614;1.80390086643;-0.524601230564;6.95333333333
1120;1120;158;2016-11-16 00:00:00;2016-11-16 14:00:00;2;5;2;16;321;11;2016;14;0;0;1;0;0;0;0;0;0;0;0;0;0;0;0;0;0;1;0;0;1;0;1;7.0;7.6;9.6;61.0;8.6;0.973632216202;-0.663963029515;-0.385239431614;1.80390086643;-0.524601230564;6.98666666667
1121;1121;159;2016-11-16 00:00:00;2016-11-16 15:00:00;2;5;2;16;321;11;2016;15;0;0;1;0;0;0;0;0;0;0;0;0;0;0;0;0;0;1;0;0;1;0;1;7.0;7.6;9.6;61.0;8.6;0.973632216202;-0.663963029515;-0.385239431614;1.80390086643;-0.524601230564;7.37666666667
1122;1122;160;2016-11-16 00:00:00;2016-11-16 16:00:00;2;5;2;16;321;11;2016;16;0;0;1;0;0;0;0;0;0;0;0;0;0;0;0;0;0;1;0;0;1;0;1;7.0;7.6;9.6;61.0;8.6;0.973632216202;-0.663963029515;-0.385239431614;1.80390086643;-0.524601230564;7.16666666667
1123;1123;161;2016-11-16 00:00:00;2016-11-16 17:00:00;2;5;2;16;321;11;2016;17;0;0;1;0;0;0;0;0;0;0;0;0;0;0;0;0;0;1;0;0;1;0;1;7.0;7.6;9.6;61.0;8.6;0.973632216202;-0.663963029515;-0.385239431614;1.80390086643;-0.524601230564;7.93666666667
1124;1124;162;2016-11-16 00:00:00;2016-11-16 18:00:00;2;5;2;16;321;11;2016;18;0;0;1;0;0;0;0;0;0;0;0;0;0;0;0;0;0;1;0;0;1;0;1;7.0;7.6;9.6;61.0;8.6;0.973632216202;-0.663963029515;-0.385239431614;1.80390086643;-0.524601230564;8.05
1125;1125;163;2016-11-16 00:00:00;2016-11-16 19:00:00;2;5;2;16;321;11;2016;19;0;0;1;0;0;0;0;0;0;0;0;0;0;0;0;0;0;1;0;0;1;0;1;7.0;7.6;9.6;61.0;8.6;0.973632216202;-0.663963029515;-0.385239431614;1.80390086643;-0.524601230564;5.51666666667
1126;1126;164;2016-11-16 00:00:00;2016-11-16 20:00:00;2;5;2;16;321;11;2016;20;0;0;1;0;0;0;0;0;0;0;0;0;0;0;0;0;0;1;0;0;1;0;1;7.0;7.6;9.6;61.0;8.6;0.973632216202;-0.663963029515;-0.385239431614;1.80390086643;-0.524601230564;1.82
1127;1127;165;2016-11-16 00:00:00;2016-11-16 21:00:00;2;5;2;16;321;11;2016;21;0;0;1;0;0;0;0;0;0;0;0;0;0;0;0;0;0;1;0;0;1;0;1;7.0;7.6;9.6;61.0;8.6;0.973632216202;-0.663963029515;-0.385239431614;1.80390086643;-0.524601230564;0.0
1128;1128;166;2016-11-16 00:00:00;2016-11-16 22:00:00;2;5;2;16;321;11;2016;22;0;0;1;0;0;0;0;0;0;0;0;0;0;0;0;0;0;1;0;0;1;0;1;7.0;7.6;9.6;61.0;8.6;0.973632216202;-0.663963029515;-0.385239431614;1.80390086643;-0.524601230564;0.0
1129;1129;167;2016-11-16 00:00:00;2016-11-16 23:00:00;2;5;2;16;321;11;2016;23;0;0;1;0;0;0;0;0;0;0;0;0;0;0;0;0;0;1;0;0;1;0;1;7.0;7.6;9.6;61.0;8.6;0.973632216202;-0.663963029515;-0.385239431614;1.80390086643;-0.524601230564;0.0
1130;1130;168;2016-11-17 00:00:00;2016-11-17 00:00:00;2;5;3;17;322;11;2016;0;0;0;0;1;0;0;0;0;0;0;0;0;0;0;0;0;0;1;0;0;1;0;1;6.0;5.4;8.9;6.0;7.15;0.594535151964;-0.970558987206;-0.482792690879;-0.429786263343;-0.726675839043;0.0
1131;1131;169;2016-11-17 00:00:00;2016-11-17 01:00:00;2;5;3;17;322;11;2016;1;0;0;0;1;0;0;0;0;0;0;0;0;0;0;0;0;0;1;0;0;1;0;1;6.0;5.4;8.9;6.0;7.15;0.594535151964;-0.970558987206;-0.482792690879;-0.429786263343;-0.726675839043;0.0
1132;1132;170;2016-11-17 00:00:00;2016-11-17 02:00:00;2;5;3;17;322;11;2016;2;0;0;0;1;0;0;0;0;0;0;0;0;0;0;0;0;0;1;0;0;1;0;1;6.0;5.4;8.9;6.0;7.15;0.594535151964;-0.970558987206;-0.482792690879;-0.429786263343;-0.726675839043;0.0
1133;1133;171;2016-11-17 00:00:00;2016-11-17 03:00:00;2;5;3;17;322;11;2016;3;0;0;0;1;0;0;0;0;0;0;0;0;0;0;0;0;0;1;0;0;1;0;1;6.0;5.4;8.9;6.0;7.15;0.594535151964;-0.970558987206;-0.482792690879;-0.429786263343;-0.726675839043;0.0
1134;1134;172;2016-11-17 00:00:00;2016-11-17 04:00:00;2;5;3;17;322;11;2016;4;0;0;0;1;0;0;0;0;0;0;0;0;0;0;0;0;0;1;0;0;1;0;1;6.0;5.4;8.9;6.0;7.15;0.594535151964;-0.970558987206;-0.482792690879;-0.429786263343;-0.726675839043;0.0
1135;1135;173;2016-11-17 00:00:00;2016-11-17 05:00:00;2;5;3;17;322;11;2016;5;0;0;0;1;0;0;0;0;0;0;0;0;0;0;0;0;0;1;0;0;1;0;1;6.0;5.4;8.9;6.0;7.15;0.594535151964;-0.970558987206;-0.482792690879;-0.429786263343;-0.726675839043;0.0
1136;1136;174;2016-11-17 00:00:00;2016-11-17 06:00:00;2;5;3;17;322;11;2016;6;0;0;0;1;0;0;0;0;0;0;0;0;0;0;0;0;0;1;0;0;1;0;1;6.0;5.4;8.9;6.0;7.15;0.594535151964;-0.970558987206;-0.482792690879;-0.429786263343;-0.726675839043;0.62
1137;1137;175;2016-11-17 00:00:00;2016-11-17 07:00:00;2;5;3;17;322;11;2016;7;0;0;0;1;0;0;0;0;0;0;0;0;0;0;0;0;0;1;0;0;1;0;1;6.0;5.4;8.9;6.0;7.15;0.594535151964;-0.970558987206;-0.482792690879;-0.429786263343;-0.726675839043;0.523333333333
1138;1138;176;2016-11-17 00:00:00;2016-11-17 08:00:00;2;5;3;17;322;11;2016;8;0;0;0;1;0;0;0;0;0;0;0;0;0;0;0;0;0;1;0;0;1;0;1;6.0;5.4;8.9;6.0;7.15;0.594535151964;-0.970558987206;-0.482792690879;-0.429786263343;-0.726675839043;0.603333333333
1139;1139;177;2016-11-17 00:00:00;2016-11-17 09:00:00;2;5;3;17;322;11;2016;9;0;0;0;1;0;0;0;0;0;0;0;0;0;0;0;0;0;1;0;0;1;0;1;6.0;5.4;8.9;6.0;7.15;0.594535151964;-0.970558987206;-0.482792690879;-0.429786263343;-0.726675839043;0.35
1140;1140;178;2016-11-17 00:00:00;2016-11-17 10:00:00;2;5;3;17;322;11;2016;10;0;0;0;1;0;0;0;0;0;0;0;0;0;0;0;0;0;1;0;0;1;0;1;6.0;5.4;8.9;6.0;7.15;0.594535151964;-0.970558987206;-0.482792690879;-0.429786263343;-0.726675839043;2.33333333333
1141;1141;179;2016-11-17 00:00:00;2016-11-17 11:00:00;2;5;3;17;322;11;2016;11;0;0;0;1;0;0;0;0;0;0;0;0;0;0;0;0;0;1;0;0;1;0;1;6.0;5.4;8.9;6.0;7.15;0.594535151964;-0.970558987206;-0.482792690879;-0.429786263343;-0.726675839043;7.87666666667
1142;1142;180;2016-11-17 00:00:00;2016-11-17 12:00:00;2;5;3;17;322;11;2016;12;0;0;0;1;0;0;0;0;0;0;0;0;0;0;0;0;0;1;0;0;1;0;1;6.0;5.4;8.9;6.0;7.15;0.594535151964;-0.970558987206;-0.482792690879;-0.429786263343;-0.726675839043;9.62
1143;1143;181;2016-11-17 00:00:00;2016-11-17 13:00:00;2;5;3;17;322;11;2016;13;0;0;0;1;0;0;0;0;0;0;0;0;0;0;0;0;0;1;0;0;1;0;1;6.0;5.4;8.9;6.0;7.15;0.594535151964;-0.970558987206;-0.482792690879;-0.429786263343;-0.726675839043;8.05666666667
1144;1144;182;2016-11-17 00:00:00;2016-11-17 14:00:00;2;5;3;17;322;11;2016;14;0;0;0;1;0;0;0;0;0;0;0;0;0;0;0;0;0;1;0;0;1;0;1;6.0;5.4;8.9;6.0;7.15;0.594535151964;-0.970558987206;-0.482792690879;-0.429786263343;-0.726675839043;8.3
1145;1145;183;2016-11-17 00:00:00;2016-11-17 15:00:00;2;5;3;17;322;11;2016;15;0;0;0;1;0;0;0;0;0;0;0;0;0;0;0;0;0;1;0;0;1;0;1;6.0;5.4;8.9;6.0;7.15;0.594535151964;-0.970558987206;-0.482792690879;-0.429786263343;-0.726675839043;8.45666666667
1146;1146;184;2016-11-17 00:00:00;2016-11-17 16:00:00;2;5;3;17;322;11;2016;16;0;0;0;1;0;0;0;0;0;0;0;0;0;0;0;0;0;1;0;0;1;0;1;6.0;5.4;8.9;6.0;7.15;0.594535151964;-0.970558987206;-0.482792690879;-0.429786263343;-0.726675839043;8.2
1147;1147;185;2016-11-17 00:00:00;2016-11-17 17:00:00;2;5;3;17;322;11;2016;17;0;0;0;1;0;0;0;0;0;0;0;0;0;0;0;0;0;1;0;0;1;0;1;6.0;5.4;8.9;6.0;7.15;0.594535151964;-0.970558987206;-0.482792690879;-0.429786263343;-0.726675839043;8.34666666667
1148;1148;186;2016-11-17 00:00:00;2016-11-17 18:00:00;2;5;3;17;322;11;2016;18;0;0;0;1;0;0;0;0;0;0;0;0;0;0;0;0;0;1;0;0;1;0;1;6.0;5.4;8.9;6.0;7.15;0.594535151964;-0.970558987206;-0.482792690879;-0.429786263343;-0.726675839043;9.65666666667
1149;1149;187;2016-11-17 00:00:00;2016-11-17 19:00:00;2;5;3;17;322;11;2016;19;0;0;0;1;0;0;0;0;0;0;0;0;0;0;0;0;0;1;0;0;1;0;1;6.0;5.4;8.9;6.0;7.15;0.594535151964;-0.970558987206;-0.482792690879;-0.429786263343;-0.726675839043;6.28
1150;1150;188;2016-11-17 00:00:00;2016-11-17 20:00:00;2;5;3;17;322;11;2016;20;0;0;0;1;0;0;0;0;0;0;0;0;0;0;0;0;0;1;0;0;1;0;1;6.0;5.4;8.9;6.0;7.15;0.594535151964;-0.970558987206;-0.482792690879;-0.429786263343;-0.726675839043;1.86666666667
1151;1151;189;2016-11-17 00:00:00;2016-11-17 21:00:00;2;5;3;17;322;11;2016;21;0;0;0;1;0;0;0;0;0;0;0;0;0;0;0;0;0;1;0;0;1;0;1;6.0;5.4;8.9;6.0;7.15;0.594535151964;-0.970558987206;-0.482792690879;-0.429786263343;-0.726675839043;0.0
1152;1152;190;2016-11-17 00:00:00;2016-11-17 22:00:00;2;5;3;17;322;11;2016;22;0;0;0;1;0;0;0;0;0;0;0;0;0;0;0;0;0;1;0;0;1;0;1;6.0;5.4;8.9;6.0;7.15;0.594535151964;-0.970558987206;-0.482792690879;-0.429786263343;-0.726675839043;0.0
1153;1153;191;2016-11-17 00:00:00;2016-11-17 23:00:00;2;5;3;17;322;11;2016;23;0;0;0;1;0;0;0;0;0;0;0;0;0;0;0;0;0;1;0;0;1;0;1;6.0;5.4;8.9;6.0;7.15;0.594535151964;-0.970558987206;-0.482792690879;-0.429786263343;-0.726675839043;0.0
1154;1154;192;2016-11-18 00:00:00;2016-11-18 00:00:00;2;5;4;18;323;11;2016;0;0;0;0;0;1;0;0;0;0;0;0;0;0;0;0;0;0;1;0;0;1;0;1;0.0;0.0;0.0;0.0;0.0;0.0;0.0;0.0;0.0;0.0;0.0
1155;1155;193;2016-11-18 00:00:00;2016-11-18 01:00:00;2;5;4;18;323;11;2016;1;0;0;0;0;1;0;0;0;0;0;0;0;0;0;0;0;0;1;0;0;1;0;1;0.0;0.0;0.0;0.0;0.0;0.0;0.0;0.0;0.0;0.0;0.0
1156;1156;194;2016-11-18 00:00:00;2016-11-18 02:00:00;2;5;4;18;323;11;2016;2;0;0;0;0;1;0;0;0;0;0;0;0;0;0;0;0;0;1;0;0;1;0;1;0.0;0.0;0.0;0.0;0.0;0.0;0.0;0.0;0.0;0.0;0.0
1157;1157;195;2016-11-18 00:00:00;2016-11-18 03:00:00;2;5;4;18;323;11;2016;3;0;0;0;0;1;0;0;0;0;0;0;0;0;0;0;0;0;1;0;0;1;0;1;0.0;0.0;0.0;0.0;0.0;0.0;0.0;0.0;0.0;0.0;0.0
1158;1158;196;2016-11-18 00:00:00;2016-11-18 04:00:00;2;5;4;18;323;11;2016;4;0;0;0;0;1;0;0;0;0;0;0;0;0;0;0;0;0;1;0;0;1;0;1;0.0;0.0;0.0;0.0;0.0;0.0;0.0;0.0;0.0;0.0;0.0
1159;1159;197;2016-11-18 00:00:00;2016-11-18 05:00:00;2;5;4;18;323;11;2016;5;0;0;0;0;1;0;0;0;0;0;0;0;0;0;0;0;0;1;0;0;1;0;1;0.0;0.0;0.0;0.0;0.0;0.0;0.0;0.0;0.0;0.0;0.0
1160;1160;198;2016-11-18 00:00:00;2016-11-18 06:00:00;2;5;4;18;323;11;2016;6;0;0;0;0;1;0;0;0;0;0;0;0;0;0;0;0;0;1;0;0;1;0;1;0.0;0.0;0.0;0.0;0.0;0.0;0.0;0.0;0.0;0.0;0.533333333333
1161;1161;199;2016-11-18 00:00:00;2016-11-18 07:00:00;2;5;4;18;323;11;2016;7;0;0;0;0;1;0;0;0;0;0;0;0;0;0;0;0;0;1;0;0;1;0;1;0.0;0.0;0.0;0.0;0.0;0.0;0.0;0.0;0.0;0.0;0.38
1162;1162;200;2016-11-18 00:00:00;2016-11-18 08:00:00;2;5;4;18;323;11;2016;8;0;0;0;0;1;0;0;0;0;0;0;0;0;0;0;0;0;1;0;0;1;0;1;0.0;0.0;0.0;0.0;0.0;0.0;0.0;0.0;0.0;0.0;0.396666666667
1163;1163;201;2016-11-18 00:00:00;2016-11-18 09:00:00;2;5;4;18;323;11;2016;9;0;0;0;0;1;0;0;0;0;0;0;0;0;0;0;0;0;1;0;0;1;0;1;0.0;0.0;0.0;0.0;0.0;0.0;0.0;0.0;0.0;0.0;0.3
1164;1164;202;2016-11-18 00:00:00;2016-11-18 10:00:00;2;5;4;18;323;11;2016;10;0;0;0;0;1;0;0;0;0;0;0;0;0;0;0;0;0;1;0;0;1;0;1;0.0;0.0;0.0;0.0;0.0;0.0;0.0;0.0;0.0;0.0;1.99666666667
1165;1165;203;2016-11-18 00:00:00;2016-11-18 11:00:00;2;5;4;18;323;11;2016;11;0;0;0;0;1;0;0;0;0;0;0;0;0;0;0;0;0;1;0;0;1;0;1;0.0;0.0;0.0;0.0;0.0;0.0;0.0;0.0;0.0;0.0;6.97333333333
1166;1166;204;2016-11-18 00:00:00;2016-11-18 12:00:00;2;5;4;18;323;11;2016;12;0;0;0;0;1;0;0;0;0;0;0;0;0;0;0;0;0;1;0;0;1;0;1;0.0;0.0;0.0;0.0;0.0;0.0;0.0;0.0;0.0;0.0;8.94666666667
1167;1167;205;2016-11-18 00:00:00;2016-11-18 13:00:00;2;5;4;18;323;11;2016;13;0;0;0;0;1;0;0;0;0;0;0;0;0;0;0;0;0;1;0;0;1;0;1;0.0;0.0;0.0;0.0;0.0;0.0;0.0;0.0;0.0;0.0;8.33333333333
1168;1168;206;2016-11-18 00:00:00;2016-11-18 14:00:00;2;5;4;18;323;11;2016;14;0;0;0;0;1;0;0;0;0;0;0;0;0;0;0;0;0;1;0;0;1;0;1;0.0;0.0;0.0;0.0;0.0;0.0;0.0;0.0;0.0;0.0;8.40333333333
1169;1169;207;2016-11-18 00:00:00;2016-11-18 15:00:00;2;5;4;18;323;11;2016;15;0;0;0;0;1;0;0;0;0;0;0;0;0;0;0;0;0;1;0;0;1;0;1;0.0;0.0;0.0;0.0;0.0;0.0;0.0;0.0;0.0;0.0;8.45333333333
1170;1170;208;2016-11-18 00:00:00;2016-11-18 16:00:00;2;5;4;18;323;11;2016;16;0;0;0;0;1;0;0;0;0;0;0;0;0;0;0;0;0;1;0;0;1;0;1;0.0;0.0;0.0;0.0;0.0;0.0;0.0;0.0;0.0;0.0;9.78333333333
1171;1171;209;2016-11-18 00:00:00;2016-11-18 17:00:00;2;5;4;18;323;11;2016;17;0;0;0;0;1;0;0;0;0;0;0;0;0;0;0;0;0;1;0;0;1;0;1;0.0;0.0;0.0;0.0;0.0;0.0;0.0;0.0;0.0;0.0;9.58666666667
1172;1172;210;2016-11-18 00:00:00;2016-11-18 18:00:00;2;5;4;18;323;11;2016;18;0;0;0;0;1;0;0;0;0;0;0;0;0;0;0;0;0;1;0;0;1;0;1;0.0;0.0;0.0;0.0;0.0;0.0;0.0;0.0;0.0;0.0;10.0233333333
1173;1173;211;2016-11-18 00:00:00;2016-11-18 19:00:00;2;5;4;18;323;11;2016;19;0;0;0;0;1;0;0;0;0;0;0;0;0;0;0;0;0;1;0;0;1;0;1;0.0;0.0;0.0;0.0;0.0;0.0;0.0;0.0;0.0;0.0;8.86333333333
1174;1174;212;2016-11-18 00:00:00;2016-11-18 20:00:00;2;5;4;18;323;11;2016;20;0;0;0;0;1;0;0;0;0;0;0;0;0;0;0;0;0;1;0;0;1;0;1;0.0;0.0;0.0;0.0;0.0;0.0;0.0;0.0;0.0;0.0;2.03
1175;1175;213;2016-11-18 00:00:00;2016-11-18 21:00:00;2;5;4;18;323;11;2016;21;0;0;0;0;1;0;0;0;0;0;0;0;0;0;0;0;0;1;0;0;1;0;1;0.0;0.0;0.0;0.0;0.0;0.0;0.0;0.0;0.0;0.0;0.0
1176;1176;214;2016-11-18 00:00:00;2016-11-18 22:00:00;2;5;4;18;323;11;2016;22;0;0;0;0;1;0;0;0;0;0;0;0;0;0;0;0;0;1;0;0;1;0;1;0.0;0.0;0.0;0.0;0.0;0.0;0.0;0.0;0.0;0.0;0.0
1177;1177;215;2016-11-18 00:00:00;2016-11-18 23:00:00;2;5;4;18;323;11;2016;23;0;0;0;0;1;0;0;0;0;0;0;0;0;0;0;0;0;1;0;0;1;0;1;0.0;0.0;0.0;0.0;0.0;0.0;0.0;0.0;0.0;0.0;0.0
1178;1178;216;2016-11-19 00:00:00;2016-11-19 00:00:00;2;5;5;19;324;11;2016;0;0;0;0;0;0;1;0;0;0;0;0;0;0;0;0;0;0;1;0;0;1;0;1;0.0;0.0;0.0;0.0;0.0;0.0;0.0;0.0;0.0;0.0;0.0
1179;1179;217;2016-11-19 00:00:00;2016-11-19 01:00:00;2;5;5;19;324;11;2016;1;0;0;0;0;0;1;0;0;0;0;0;0;0;0;0;0;0;1;0;0;1;0;1;0.0;0.0;0.0;0.0;0.0;0.0;0.0;0.0;0.0;0.0;0.0
1180;1180;218;2016-11-19 00:00:00;2016-11-19 02:00:00;2;5;5;19;324;11;2016;2;0;0;0;0;0;1;0;0;0;0;0;0;0;0;0;0;0;1;0;0;1;0;1;0.0;0.0;0.0;0.0;0.0;0.0;0.0;0.0;0.0;0.0;0.0
1181;1181;219;2016-11-19 00:00:00;2016-11-19 03:00:00;2;5;5;19;324;11;2016;3;0;0;0;0;0;1;0;0;0;0;0;0;0;0;0;0;0;1;0;0;1;0;1;0.0;0.0;0.0;0.0;0.0;0.0;0.0;0.0;0.0;0.0;0.0
1182;1182;220;2016-11-19 00:00:00;2016-11-19 04:00:00;2;5;5;19;324;11;2016;4;0;0;0;0;0;1;0;0;0;0;0;0;0;0;0;0;0;1;0;0;1;0;1;0.0;0.0;0.0;0.0;0.0;0.0;0.0;0.0;0.0;0.0;0.0
1183;1183;221;2016-11-19 00:00:00;2016-11-19 05:00:00;2;5;5;19;324;11;2016;5;0;0;0;0;0;1;0;0;0;0;0;0;0;0;0;0;0;1;0;0;1;0;1;0.0;0.0;0.0;0.0;0.0;0.0;0.0;0.0;0.0;0.0;0.0
1184;1184;222;2016-11-19 00:00:00;2016-11-19 06:00:00;2;5;5;19;324;11;2016;6;0;0;0;0;0;1;0;0;0;0;0;0;0;0;0;0;0;1;0;0;1;0;1;0.0;0.0;0.0;0.0;0.0;0.0;0.0;0.0;0.0;0.0;0.0
1185;1185;223;2016-11-19 00:00:00;2016-11-19 07:00:00;2;5;5;19;324;11;2016;7;0;0;0;0;0;1;0;0;0;0;0;0;0;0;0;0;0;1;0;0;1;0;1;0.0;0.0;0.0;0.0;0.0;0.0;0.0;0.0;0.0;0.0;0.09
1186;1186;224;2016-11-19 00:00:00;2016-11-19 08:00:00;2;5;5;19;324;11;2016;8;0;0;0;0;0;1;0;0;0;0;0;0;0;0;0;0;0;1;0;0;1;0;1;0.0;0.0;0.0;0.0;0.0;0.0;0.0;0.0;0.0;0.0;0.0833333333333
1187;1187;225;2016-11-19 00:00:00;2016-11-19 09:00:00;2;5;5;19;324;11;2016;9;0;0;0;0;0;1;0;0;0;0;0;0;0;0;0;0;0;1;0;0;1;0;1;0.0;0.0;0.0;0.0;0.0;0.0;0.0;0.0;0.0;0.0;0.453333333333
1188;1188;226;2016-11-19 00:00:00;2016-11-19 10:00:00;2;5;5;19;324;11;2016;10;0;0;0;0;0;1;0;0;0;0;0;0;0;0;0;0;0;1;0;0;1;0;1;0.0;0.0;0.0;0.0;0.0;0.0;0.0;0.0;0.0;0.0;2.35
1189;1189;227;2016-11-19 00:00:00;2016-11-19 11:00:00;2;5;5;19;324;11;2016;11;0;0;0;0;0;1;0;0;0;0;0;0;0;0;0;0;0;1;0;0;1;0;1;0.0;0.0;0.0;0.0;0.0;0.0;0.0;0.0;0.0;0.0;8.28666666667
1190;1190;228;2016-11-19 00:00:00;2016-11-19 12:00:00;2;5;5;19;324;11;2016;12;0;0;0;0;0;1;0;0;0;0;0;0;0;0;0;0;0;1;0;0;1;0;1;0.0;0.0;0.0;0.0;0.0;0.0;0.0;0.0;0.0;0.0;14.4866666667
1191;1191;229;2016-11-19 00:00:00;2016-11-19 13:00:00;2;5;5;19;324;11;2016;13;0;0;0;0;0;1;0;0;0;0;0;0;0;0;0;0;0;1;0;0;1;0;1;0.0;0.0;0.0;0.0;0.0;0.0;0.0;0.0;0.0;0.0;21.52
1192;1192;230;2016-11-19 00:00:00;2016-11-19 14:00:00;2;5;5;19;324;11;2016;14;0;0;0;0;0;1;0;0;0;0;0;0;0;0;0;0;0;1;0;0;1;0;1;0.0;0.0;0.0;0.0;0.0;0.0;0.0;0.0;0.0;0.0;22.4433333333
1193;1193;231;2016-11-19 00:00:00;2016-11-19 15:00:00;2;5;5;19;324;11;2016;15;0;0;0;0;0;1;0;0;0;0;0;0;0;0;0;0;0;1;0;0;1;0;1;0.0;0.0;0.0;0.0;0.0;0.0;0.0;0.0;0.0;0.0;27.2733333333
1194;1194;232;2016-11-19 00:00:00;2016-11-19 16:00:00;2;5;5;19;324;11;2016;16;0;0;0;0;0;1;0;0;0;0;0;0;0;0;0;0;0;1;0;0;1;0;1;0.0;0.0;0.0;0.0;0.0;0.0;0.0;0.0;0.0;0.0;29.8866666667
1195;1195;233;2016-11-19 00:00:00;2016-11-19 17:00:00;2;5;5;19;324;11;2016;17;0;0;0;0;0;1;0;0;0;0;0;0;0;0;0;0;0;1;0;0;1;0;1;0.0;0.0;0.0;0.0;0.0;0.0;0.0;0.0;0.0;0.0;27.56
1196;1196;234;2016-11-19 00:00:00;2016-11-19 18:00:00;2;5;5;19;324;11;2016;18;0;0;0;0;0;1;0;0;0;0;0;0;0;0;0;0;0;1;0;0;1;0;1;0.0;0.0;0.0;0.0;0.0;0.0;0.0;0.0;0.0;0.0;25.5366666667
1197;1197;235;2016-11-19 00:00:00;2016-11-19 19:00:00;2;5;5;19;324;11;2016;19;0;0;0;0;0;1;0;0;0;0;0;0;0;0;0;0;0;1;0;0;1;0;1;0.0;0.0;0.0;0.0;0.0;0.0;0.0;0.0;0.0;0.0;14.7766666667
1198;1198;236;2016-11-19 00:00:00;2016-11-19 20:00:00;2;5;5;19;324;11;2016;20;0;0;0;0;0;1;0;0;0;0;0;0;0;0;0;0;0;1;0;0;1;0;1;0.0;0.0;0.0;0.0;0.0;0.0;0.0;0.0;0.0;0.0;3.47
1199;1199;237;2016-11-19 00:00:00;2016-11-19 21:00:00;2;5;5;19;324;11;2016;21;0;0;0;0;0;1;0;0;0;0;0;0;0;0;0;0;0;1;0;0;1;0;1;0.0;0.0;0.0;0.0;0.0;0.0;0.0;0.0;0.0;0.0;0.0
1200;1200;238;2016-11-19 00:00:00;2016-11-19 22:00:00;2;5;5;19;324;11;2016;22;0;0;0;0;0;1;0;0;0;0;0;0;0;0;0;0;0;1;0;0;1;0;1;0.0;0.0;0.0;0.0;0.0;0.0;0.0;0.0;0.0;0.0;0.0
1201;1201;239;2016-11-19 00:00:00;2016-11-19 23:00:00;2;5;5;19;324;11;2016;23;0;0;0;0;0;1;0;0;0;0;0;0;0;0;0;0;0;1;0;0;1;0;1;0.0;0.0;0.0;0.0;0.0;0.0;0.0;0.0;0.0;0.0;0.0
1202;1202;240;2016-11-20 00:00:00;2016-11-20 00:00:00;2;5;6;20;325;11;2016;0;0;0;0;0;0;0;1;0;0;0;0;0;0;0;0;0;0;1;0;0;1;0;1;0.0;0.0;0.0;0.0;0.0;0.0;0.0;0.0;0.0;0.0;0.0
1203;1203;241;2016-11-20 00:00:00;2016-11-20 01:00:00;2;5;6;20;325;11;2016;1;0;0;0;0;0;0;1;0;0;0;0;0;0;0;0;0;0;1;0;0;1;0;1;0.0;0.0;0.0;0.0;0.0;0.0;0.0;0.0;0.0;0.0;0.0
1204;1204;242;2016-11-20 00:00:00;2016-11-20 02:00:00;2;5;6;20;325;11;2016;2;0;0;0;0;0;0;1;0;0;0;0;0;0;0;0;0;0;1;0;0;1;0;1;0.0;0.0;0.0;0.0;0.0;0.0;0.0;0.0;0.0;0.0;0.0
1205;1205;243;2016-11-20 00:00:00;2016-11-20 03:00:00;2;5;6;20;325;11;2016;3;0;0;0;0;0;0;1;0;0;0;0;0;0;0;0;0;0;1;0;0;1;0;1;0.0;0.0;0.0;0.0;0.0;0.0;0.0;0.0;0.0;0.0;0.0
1206;1206;244;2016-11-20 00:00:00;2016-11-20 04:00:00;2;5;6;20;325;11;2016;4;0;0;0;0;0;0;1;0;0;0;0;0;0;0;0;0;0;1;0;0;1;0;1;0.0;0.0;0.0;0.0;0.0;0.0;0.0;0.0;0.0;0.0;0.0
1207;1207;245;2016-11-20 00:00:00;2016-11-20 05:00:00;2;5;6;20;325;11;2016;5;0;0;0;0;0;0;1;0;0;0;0;0;0;0;0;0;0;1;0;0;1;0;1;0.0;0.0;0.0;0.0;0.0;0.0;0.0;0.0;0.0;0.0;0.0
1208;1208;246;2016-11-20 00:00:00;2016-11-20 06:00:00;2;5;6;20;325;11;2016;6;0;0;0;0;0;0;1;0;0;0;0;0;0;0;0;0;0;1;0;0;1;0;1;0.0;0.0;0.0;0.0;0.0;0.0;0.0;0.0;0.0;0.0;0.0
1209;1209;247;2016-11-20 00:00:00;2016-11-20 07:00:00;2;5;6;20;325;11;2016;7;0;0;0;0;0;0;1;0;0;0;0;0;0;0;0;0;0;1;0;0;1;0;1;0.0;0.0;0.0;0.0;0.0;0.0;0.0;0.0;0.0;0.0;0.0666666666667
1210;1210;248;2016-11-20 00:00:00;2016-11-20 08:00:00;2;5;6;20;325;11;2016;8;0;0;0;0;0;0;1;0;0;0;0;0;0;0;0;0;0;1;0;0;1;0;1;0.0;0.0;0.0;0.0;0.0;0.0;0.0;0.0;0.0;0.0;0.0633333333333
1211;1211;249;2016-11-20 00:00:00;2016-11-20 09:00:00;2;5;6;20;325;11;2016;9;0;0;0;0;0;0;1;0;0;0;0;0;0;0;0;0;0;1;0;0;1;0;1;0.0;0.0;0.0;0.0;0.0;0.0;0.0;0.0;0.0;0.0;0.0
1212;1212;250;2016-11-20 00:00:00;2016-11-20 10:00:00;2;5;6;20;325;11;2016;10;0;0;0;0;0;0;1;0;0;0;0;0;0;0;0;0;0;1;0;0;1;0;1;0.0;0.0;0.0;0.0;0.0;0.0;0.0;0.0;0.0;0.0;0.0
1213;1213;251;2016-11-20 00:00:00;2016-11-20 11:00:00;2;5;6;20;325;11;2016;11;0;0;0;0;0;0;1;0;0;0;0;0;0;0;0;0;0;1;0;0;1;0;1;0.0;0.0;0.0;0.0;0.0;0.0;0.0;0.0;0.0;0.0;1.21333333333
1214;1214;252;2016-11-20 00:00:00;2016-11-20 12:00:00;2;5;6;20;325;11;2016;12;0;0;0;0;0;0;1;0;0;0;0;0;0;0;0;0;0;1;0;0;1;0;1;0.0;0.0;0.0;0.0;0.0;0.0;0.0;0.0;0.0;0.0;1.21333333333
1215;1215;253;2016-11-20 00:00:00;2016-11-20 13:00:00;2;5;6;20;325;11;2016;13;0;0;0;0;0;0;1;0;0;0;0;0;0;0;0;0;0;1;0;0;1;0;1;0.0;0.0;0.0;0.0;0.0;0.0;0.0;0.0;0.0;0.0;1.28333333333
1216;1216;254;2016-11-20 00:00:00;2016-11-20 14:00:00;2;5;6;20;325;11;2016;14;0;0;0;0;0;0;1;0;0;0;0;0;0;0;0;0;0;1;0;0;1;0;1;0.0;0.0;0.0;0.0;0.0;0.0;0.0;0.0;0.0;0.0;2.06666666667
1217;1217;255;2016-11-20 00:00:00;2016-11-20 15:00:00;2;5;6;20;325;11;2016;15;0;0;0;0;0;0;1;0;0;0;0;0;0;0;0;0;0;1;0;0;1;0;1;0.0;0.0;0.0;0.0;0.0;0.0;0.0;0.0;0.0;0.0;2.03
1218;1218;256;2016-11-20 00:00:00;2016-11-20 16:00:00;2;5;6;20;325;11;2016;16;0;0;0;0;0;0;1;0;0;0;0;0;0;0;0;0;0;1;0;0;1;0;1;0.0;0.0;0.0;0.0;0.0;0.0;0.0;0.0;0.0;0.0;2.39666666667
1219;1219;257;2016-11-20 00:00:00;2016-11-20 17:00:00;2;5;6;20;325;11;2016;17;0;0;0;0;0;0;1;0;0;0;0;0;0;0;0;0;0;1;0;0;1;0;1;0.0;0.0;0.0;0.0;0.0;0.0;0.0;0.0;0.0;0.0;2.69666666667
1220;1220;258;2016-11-20 00:00:00;2016-11-20 18:00:00;2;5;6;20;325;11;2016;18;0;0;0;0;0;0;1;0;0;0;0;0;0;0;0;0;0;1;0;0;1;0;1;0.0;0.0;0.0;0.0;0.0;0.0;0.0;0.0;0.0;0.0;2.74666666667
1221;1221;259;2016-11-20 00:00:00;2016-11-20 19:00:00;2;5;6;20;325;11;2016;19;0;0;0;0;0;0;1;0;0;0;0;0;0;0;0;0;0;1;0;0;1;0;1;0.0;0.0;0.0;0.0;0.0;0.0;0.0;0.0;0.0;0.0;2.74666666667
1222;1222;260;2016-11-20 00:00:00;2016-11-20 20:00:00;2;5;6;20;325;11;2016;20;0;0;0;0;0;0;1;0;0;0;0;0;0;0;0;0;0;1;0;0;1;0;1;0.0;0.0;0.0;0.0;0.0;0.0;0.0;0.0;0.0;0.0;0.0
1223;1223;261;2016-11-20 00:00:00;2016-11-20 21:00:00;2;5;6;20;325;11;2016;21;0;0;0;0;0;0;1;0;0;0;0;0;0;0;0;0;0;1;0;0;1;0;1;0.0;0.0;0.0;0.0;0.0;0.0;0.0;0.0;0.0;0.0;0.0
1224;1224;262;2016-11-20 00:00:00;2016-11-20 22:00:00;2;5;6;20;325;11;2016;22;0;0;0;0;0;0;1;0;0;0;0;0;0;0;0;0;0;1;0;0;1;0;1;0.0;0.0;0.0;0.0;0.0;0.0;0.0;0.0;0.0;0.0;0.0
1225;1225;263;2016-11-20 00:00:00;2016-11-20 23:00:00;2;5;6;20;325;11;2016;23;0;0;0;0;0;0;1;0;0;0;0;0;0;0;0;0;0;1;0;0;1;0;1;0.0;0.0;0.0;0.0;0.0;0.0;0.0;0.0;0.0;0.0;0.0
1226;1226;264;2016-11-21 00:00:00;2016-11-21 00:00:00;2;5;0;21;326;11;2016;0;1;0;0;0;0;0;0;0;0;0;0;0;0;0;0;0;0;1;0;0;1;0;1;0.0;0.0;0.0;0.0;0.0;0.0;0.0;0.0;0.0;0.0;0.0
1227;1227;265;2016-11-21 00:00:00;2016-11-21 01:00:00;2;5;0;21;326;11;2016;1;1;0;0;0;0;0;0;0;0;0;0;0;0;0;0;0;0;1;0;0;1;0;1;0.0;0.0;0.0;0.0;0.0;0.0;0.0;0.0;0.0;0.0;0.0
1228;1228;266;2016-11-21 00:00:00;2016-11-21 02:00:00;2;5;0;21;326;11;2016;2;1;0;0;0;0;0;0;0;0;0;0;0;0;0;0;0;0;1;0;0;1;0;1;0.0;0.0;0.0;0.0;0.0;0.0;0.0;0.0;0.0;0.0;0.0
1229;1229;267;2016-11-21 00:00:00;2016-11-21 03:00:00;2;5;0;21;326;11;2016;3;1;0;0;0;0;0;0;0;0;0;0;0;0;0;0;0;0;1;0;0;1;0;1;0.0;0.0;0.0;0.0;0.0;0.0;0.0;0.0;0.0;0.0;0.0
1230;1230;268;2016-11-21 00:00:00;2016-11-21 04:00:00;2;5;0;21;326;11;2016;4;1;0;0;0;0;0;0;0;0;0;0;0;0;0;0;0;0;1;0;0;1;0;1;0.0;0.0;0.0;0.0;0.0;0.0;0.0;0.0;0.0;0.0;0.0
1231;1231;269;2016-11-21 00:00:00;2016-11-21 05:00:00;2;5;0;21;326;11;2016;5;1;0;0;0;0;0;0;0;0;0;0;0;0;0;0;0;0;1;0;0;1;0;1;0.0;0.0;0.0;0.0;0.0;0.0;0.0;0.0;0.0;0.0;0.0
1232;1232;270;2016-11-21 00:00:00;2016-11-21 06:00:00;2;5;0;21;326;11;2016;6;1;0;0;0;0;0;0;0;0;0;0;0;0;0;0;0;0;1;0;0;1;0;1;0.0;0.0;0.0;0.0;0.0;0.0;0.0;0.0;0.0;0.0;0.95
1233;1233;271;2016-11-21 00:00:00;2016-11-21 07:00:00;2;5;0;21;326;11;2016;7;1;0;0;0;0;0;0;0;0;0;0;0;0;0;0;0;0;1;0;0;1;0;1;0.0;0.0;0.0;0.0;0.0;0.0;0.0;0.0;0.0;0.0;0.0966666666667
1234;1234;272;2016-11-21 00:00:00;2016-11-21 08:00:00;2;5;0;21;326;11;2016;8;1;0;0;0;0;0;0;0;0;0;0;0;0;0;0;0;0;1;0;0;1;0;1;0.0;0.0;0.0;0.0;0.0;0.0;0.0;0.0;0.0;0.0;0.0866666666667
1235;1235;273;2016-11-21 00:00:00;2016-11-21 09:00:00;2;5;0;21;326;11;2016;9;1;0;0;0;0;0;0;0;0;0;0;0;0;0;0;0;0;1;0;0;1;0;1;0.0;0.0;0.0;0.0;0.0;0.0;0.0;0.0;0.0;0.0;0.45
1236;1236;274;2016-11-21 00:00:00;2016-11-21 10:00:00;2;5;0;21;326;11;2016;10;1;0;0;0;0;0;0;0;0;0;0;0;0;0;0;0;0;1;0;0;1;0;1;0.0;0.0;0.0;0.0;0.0;0.0;0.0;0.0;0.0;0.0;1.98333333333
1237;1237;275;2016-11-21 00:00:00;2016-11-21 11:00:00;2;5;0;21;326;11;2016;11;1;0;0;0;0;0;0;0;0;0;0;0;0;0;0;0;0;1;0;0;1;0;1;0.0;0.0;0.0;0.0;0.0;0.0;0.0;0.0;0.0;0.0;5.83
1238;1238;276;2016-11-21 00:00:00;2016-11-21 12:00:00;2;5;0;21;326;11;2016;12;1;0;0;0;0;0;0;0;0;0;0;0;0;0;0;0;0;1;0;0;1;0;1;0.0;0.0;0.0;0.0;0.0;0.0;0.0;0.0;0.0;0.0;7.51
1239;1239;277;2016-11-21 00:00:00;2016-11-21 13:00:00;2;5;0;21;326;11;2016;13;1;0;0;0;0;0;0;0;0;0;0;0;0;0;0;0;0;1;0;0;1;0;1;0.0;0.0;0.0;0.0;0.0;0.0;0.0;0.0;0.0;0.0;6.91333333333
1240;1240;278;2016-11-21 00:00:00;2016-11-21 14:00:00;2;5;0;21;326;11;2016;14;1;0;0;0;0;0;0;0;0;0;0;0;0;0;0;0;0;1;0;0;1;0;1;0.0;0.0;0.0;0.0;0.0;0.0;0.0;0.0;0.0;0.0;6.20666666667
1241;1241;279;2016-11-21 00:00:00;2016-11-21 15:00:00;2;5;0;21;326;11;2016;15;1;0;0;0;0;0;0;0;0;0;0;0;0;0;0;0;0;1;0;0;1;0;1;0.0;0.0;0.0;0.0;0.0;0.0;0.0;0.0;0.0;0.0;7.19666666667
1242;1242;280;2016-11-21 00:00:00;2016-11-21 16:00:00;2;5;0;21;326;11;2016;16;1;0;0;0;0;0;0;0;0;0;0;0;0;0;0;0;0;1;0;0;1;0;1;0.0;0.0;0.0;0.0;0.0;0.0;0.0;0.0;0.0;0.0;7.97
1243;1243;281;2016-11-21 00:00:00;2016-11-21 17:00:00;2;5;0;21;326;11;2016;17;1;0;0;0;0;0;0;0;0;0;0;0;0;0;0;0;0;1;0;0;1;0;1;0.0;0.0;0.0;0.0;0.0;0.0;0.0;0.0;0.0;0.0;7.88333333333
1244;1244;282;2016-11-21 00:00:00;2016-11-21 18:00:00;2;5;0;21;326;11;2016;18;1;0;0;0;0;0;0;0;0;0;0;0;0;0;0;0;0;1;0;0;1;0;1;0.0;0.0;0.0;0.0;0.0;0.0;0.0;0.0;0.0;0.0;6.85666666667
1245;1245;283;2016-11-21 00:00:00;2016-11-21 19:00:00;2;5;0;21;326;11;2016;19;1;0;0;0;0;0;0;0;0;0;0;0;0;0;0;0;0;1;0;0;1;0;1;0.0;0.0;0.0;0.0;0.0;0.0;0.0;0.0;0.0;0.0;4.36333333333
1246;1246;284;2016-11-21 00:00:00;2016-11-21 20:00:00;2;5;0;21;326;11;2016;20;1;0;0;0;0;0;0;0;0;0;0;0;0;0;0;0;0;1;0;0;1;0;1;0.0;0.0;0.0;0.0;0.0;0.0;0.0;0.0;0.0;0.0;1.63666666667
1247;1247;285;2016-11-21 00:00:00;2016-11-21 21:00:00;2;5;0;21;326;11;2016;21;1;0;0;0;0;0;0;0;0;0;0;0;0;0;0;0;0;1;0;0;1;0;1;0.0;0.0;0.0;0.0;0.0;0.0;0.0;0.0;0.0;0.0;0.0
1248;1248;286;2016-11-21 00:00:00;2016-11-21 22:00:00;2;5;0;21;326;11;2016;22;1;0;0;0;0;0;0;0;0;0;0;0;0;0;0;0;0;1;0;0;1;0;1;0.0;0.0;0.0;0.0;0.0;0.0;0.0;0.0;0.0;0.0;0.0
1249;1249;287;2016-11-21 00:00:00;2016-11-21 23:00:00;2;5;0;21;326;11;2016;23;1;0;0;0;0;0;0;0;0;0;0;0;0;0;0;0;0;1;0;0;1;0;1;0.0;0.0;0.0;0.0;0.0;0.0;0.0;0.0;0.0;0.0;0.0
1250;1250;288;2016-11-22 00:00:00;2016-11-22 00:00:00;2;5;1;22;327;11;2016;0;0;1;0;0;0;0;0;0;0;0;0;0;0;0;0;0;0;1;0;0;1;0;1;0.0;0.0;0.0;0.0;0.0;0.0;0.0;0.0;0.0;0.0;0.0
1251;1251;289;2016-11-22 00:00:00;2016-11-22 01:00:00;2;5;1;22;327;11;2016;1;0;1;0;0;0;0;0;0;0;0;0;0;0;0;0;0;0;1;0;0;1;0;1;0.0;0.0;0.0;0.0;0.0;0.0;0.0;0.0;0.0;0.0;0.0
1252;1252;290;2016-11-22 00:00:00;2016-11-22 02:00:00;2;5;1;22;327;11;2016;2;0;1;0;0;0;0;0;0;0;0;0;0;0;0;0;0;0;1;0;0;1;0;1;0.0;0.0;0.0;0.0;0.0;0.0;0.0;0.0;0.0;0.0;0.0
1253;1253;291;2016-11-22 00:00:00;2016-11-22 03:00:00;2;5;1;22;327;11;2016;3;0;1;0;0;0;0;0;0;0;0;0;0;0;0;0;0;0;1;0;0;1;0;1;0.0;0.0;0.0;0.0;0.0;0.0;0.0;0.0;0.0;0.0;0.0
1254;1254;292;2016-11-22 00:00:00;2016-11-22 04:00:00;2;5;1;22;327;11;2016;4;0;1;0;0;0;0;0;0;0;0;0;0;0;0;0;0;0;1;0;0;1;0;1;0.0;0.0;0.0;0.0;0.0;0.0;0.0;0.0;0.0;0.0;0.0
1255;1255;293;2016-11-22 00:00:00;2016-11-22 05:00:00;2;5;1;22;327;11;2016;5;0;1;0;0;0;0;0;0;0;0;0;0;0;0;0;0;0;1;0;0;1;0;1;0.0;0.0;0.0;0.0;0.0;0.0;0.0;0.0;0.0;0.0;0.0
1256;1256;294;2016-11-22 00:00:00;2016-11-22 06:00:00;2;5;1;22;327;11;2016;6;0;1;0;0;0;0;0;0;0;0;0;0;0;0;0;0;0;1;0;0;1;0;1;0.0;0.0;0.0;0.0;0.0;0.0;0.0;0.0;0.0;0.0;0.983333333333
1257;1257;295;2016-11-22 00:00:00;2016-11-22 07:00:00;2;5;1;22;327;11;2016;7;0;1;0;0;0;0;0;0;0;0;0;0;0;0;0;0;0;1;0;0;1;0;1;0.0;0.0;0.0;0.0;0.0;0.0;0.0;0.0;0.0;0.0;0.0766666666667
1258;1258;296;2016-11-22 00:00:00;2016-11-22 08:00:00;2;5;1;22;327;11;2016;8;0;1;0;0;0;0;0;0;0;0;0;0;0;0;0;0;0;1;0;0;1;0;1;0.0;0.0;0.0;0.0;0.0;0.0;0.0;0.0;0.0;0.0;0.0633333333333
1259;1259;297;2016-11-22 00:00:00;2016-11-22 09:00:00;2;5;1;22;327;11;2016;9;0;1;0;0;0;0;0;0;0;0;0;0;0;0;0;0;0;1;0;0;1;0;1;0.0;0.0;0.0;0.0;0.0;0.0;0.0;0.0;0.0;0.0;0.386666666667
1260;1260;298;2016-11-22 00:00:00;2016-11-22 10:00:00;2;5;1;22;327;11;2016;10;0;1;0;0;0;0;0;0;0;0;0;0;0;0;0;0;0;1;0;0;1;0;1;0.0;0.0;0.0;0.0;0.0;0.0;0.0;0.0;0.0;0.0;1.77
1261;1261;299;2016-11-22 00:00:00;2016-11-22 11:00:00;2;5;1;22;327;11;2016;11;0;1;0;0;0;0;0;0;0;0;0;0;0;0;0;0;0;1;0;0;1;0;1;0.0;0.0;0.0;0.0;0.0;0.0;0.0;0.0;0.0;0.0;5.95333333333
1262;1262;300;2016-11-22 00:00:00;2016-11-22 12:00:00;2;5;1;22;327;11;2016;12;0;1;0;0;0;0;0;0;0;0;0;0;0;0;0;0;0;1;0;0;1;0;1;0.0;0.0;0.0;0.0;0.0;0.0;0.0;0.0;0.0;0.0;7.61666666667
1263;1263;301;2016-11-22 00:00:00;2016-11-22 13:00:00;2;5;1;22;327;11;2016;13;0;1;0;0;0;0;0;0;0;0;0;0;0;0;0;0;0;1;0;0;1;0;1;0.0;0.0;0.0;0.0;0.0;0.0;0.0;0.0;0.0;0.0;7.03
1264;1264;302;2016-11-22 00:00:00;2016-11-22 14:00:00;2;5;1;22;327;11;2016;14;0;1;0;0;0;0;0;0;0;0;0;0;0;0;0;0;0;1;0;0;1;0;1;0.0;0.0;0.0;0.0;0.0;0.0;0.0;0.0;0.0;0.0;7.12666666667
1265;1265;303;2016-11-22 00:00:00;2016-11-22 15:00:00;2;5;1;22;327;11;2016;15;0;1;0;0;0;0;0;0;0;0;0;0;0;0;0;0;0;1;0;0;1;0;1;0.0;0.0;0.0;0.0;0.0;0.0;0.0;0.0;0.0;0.0;7.37666666667
1266;1266;304;2016-11-22 00:00:00;2016-11-22 16:00:00;2;5;1;22;327;11;2016;16;0;1;0;0;0;0;0;0;0;0;0;0;0;0;0;0;0;1;0;0;1;0;1;0.0;0.0;0.0;0.0;0.0;0.0;0.0;0.0;0.0;0.0;8.20333333333
1267;1267;305;2016-11-22 00:00:00;2016-11-22 17:00:00;2;5;1;22;327;11;2016;17;0;1;0;0;0;0;0;0;0;0;0;0;0;0;0;0;0;1;0;0;1;0;1;0.0;0.0;0.0;0.0;0.0;0.0;0.0;0.0;0.0;0.0;7.67666666667
1268;1268;306;2016-11-22 00:00:00;2016-11-22 18:00:00;2;5;1;22;327;11;2016;18;0;1;0;0;0;0;0;0;0;0;0;0;0;0;0;0;0;1;0;0;1;0;1;0.0;0.0;0.0;0.0;0.0;0.0;0.0;0.0;0.0;0.0;7.52
1269;1269;307;2016-11-22 00:00:00;2016-11-22 19:00:00;2;5;1;22;327;11;2016;19;0;1;0;0;0;0;0;0;0;0;0;0;0;0;0;0;0;1;0;0;1;0;1;0.0;0.0;0.0;0.0;0.0;0.0;0.0;0.0;0.0;0.0;4.95333333333
1270;1270;308;2016-11-22 00:00:00;2016-11-22 20:00:00;2;5;1;22;327;11;2016;20;0;1;0;0;0;0;0;0;0;0;0;0;0;0;0;0;0;1;0;0;1;0;1;0.0;0.0;0.0;0.0;0.0;0.0;0.0;0.0;0.0;0.0;1.41333333333
1271;1271;309;2016-11-22 00:00:00;2016-11-22 21:00:00;2;5;1;22;327;11;2016;21;0;1;0;0;0;0;0;0;0;0;0;0;0;0;0;0;0;1;0;0;1;0;1;0.0;0.0;0.0;0.0;0.0;0.0;0.0;0.0;0.0;0.0;0.0
1272;1272;310;2016-11-22 00:00:00;2016-11-22 22:00:00;2;5;1;22;327;11;2016;22;0;1;0;0;0;0;0;0;0;0;0;0;0;0;0;0;0;1;0;0;1;0;1;0.0;0.0;0.0;0.0;0.0;0.0;0.0;0.0;0.0;0.0;0.0
1273;1273;311;2016-11-22 00:00:00;2016-11-22 23:00:00;2;5;1;22;327;11;2016;23;0;1;0;0;0;0;0;0;0;0;0;0;0;0;0;0;0;1;0;0;1;0;1;0.0;0.0;0.0;0.0;0.0;0.0;0.0;0.0;0.0;0.0;0.0
1274;1274;312;2016-11-23 00:00:00;2016-11-23 00:00:00;2;5;2;23;328;11;2016;0;0;0;1;0;0;0;0;0;0;0;0;0;0;0;0;0;0;1;0;0;1;0;1;0.0;0.0;0.0;0.0;0.0;0.0;0.0;0.0;0.0;0.0;0.0
1275;1275;313;2016-11-23 00:00:00;2016-11-23 01:00:00;2;5;2;23;328;11;2016;1;0;0;1;0;0;0;0;0;0;0;0;0;0;0;0;0;0;1;0;0;1;0;1;0.0;0.0;0.0;0.0;0.0;0.0;0.0;0.0;0.0;0.0;0.0
1276;1276;314;2016-11-23 00:00:00;2016-11-23 02:00:00;2;5;2;23;328;11;2016;2;0;0;1;0;0;0;0;0;0;0;0;0;0;0;0;0;0;1;0;0;1;0;1;0.0;0.0;0.0;0.0;0.0;0.0;0.0;0.0;0.0;0.0;0.0
1277;1277;315;2016-11-23 00:00:00;2016-11-23 03:00:00;2;5;2;23;328;11;2016;3;0;0;1;0;0;0;0;0;0;0;0;0;0;0;0;0;0;1;0;0;1;0;1;0.0;0.0;0.0;0.0;0.0;0.0;0.0;0.0;0.0;0.0;0.0
1278;1278;316;2016-11-23 00:00:00;2016-11-23 04:00:00;2;5;2;23;328;11;2016;4;0;0;1;0;0;0;0;0;0;0;0;0;0;0;0;0;0;1;0;0;1;0;1;0.0;0.0;0.0;0.0;0.0;0.0;0.0;0.0;0.0;0.0;0.0
1279;1279;317;2016-11-23 00:00:00;2016-11-23 05:00:00;2;5;2;23;328;11;2016;5;0;0;1;0;0;0;0;0;0;0;0;0;0;0;0;0;0;1;0;0;1;0;1;0.0;0.0;0.0;0.0;0.0;0.0;0.0;0.0;0.0;0.0;0.0
1280;1280;318;2016-11-23 00:00:00;2016-11-23 06:00:00;2;5;2;23;328;11;2016;6;0;0;1;0;0;0;0;0;0;0;0;0;0;0;0;0;0;1;0;0;1;0;1;0.0;0.0;0.0;0.0;0.0;0.0;0.0;0.0;0.0;0.0;0.6
1281;1281;319;2016-11-23 00:00:00;2016-11-23 07:00:00;2;5;2;23;328;11;2016;7;0;0;1;0;0;0;0;0;0;0;0;0;0;0;0;0;0;1;0;0;1;0;1;0.0;0.0;0.0;0.0;0.0;0.0;0.0;0.0;0.0;0.0;0.733333333333
1282;1282;320;2016-11-23 00:00:00;2016-11-23 08:00:00;2;5;2;23;328;11;2016;8;0;0;1;0;0;0;0;0;0;0;0;0;0;0;0;0;0;1;0;0;1;0;1;0.0;0.0;0.0;0.0;0.0;0.0;0.0;0.0;0.0;0.0;0.543333333333
1283;1283;321;2016-11-23 00:00:00;2016-11-23 09:00:00;2;5;2;23;328;11;2016;9;0;0;1;0;0;0;0;0;0;0;0;0;0;0;0;0;0;1;0;0;1;0;1;0.0;0.0;0.0;0.0;0.0;0.0;0.0;0.0;0.0;0.0;0.42
1284;1284;322;2016-11-23 00:00:00;2016-11-23 10:00:00;2;5;2;23;328;11;2016;10;0;0;1;0;0;0;0;0;0;0;0;0;0;0;0;0;0;1;0;0;1;0;1;0.0;0.0;0.0;0.0;0.0;0.0;0.0;0.0;0.0;0.0;1.49333333333
1285;1285;323;2016-11-23 00:00:00;2016-11-23 11:00:00;2;5;2;23;328;11;2016;11;0;0;1;0;0;0;0;0;0;0;0;0;0;0;0;0;0;1;0;0;1;0;1;0.0;0.0;0.0;0.0;0.0;0.0;0.0;0.0;0.0;0.0;6.57666666667
1286;1286;324;2016-11-23 00:00:00;2016-11-23 12:00:00;2;5;2;23;328;11;2016;12;0;0;1;0;0;0;0;0;0;0;0;0;0;0;0;0;0;1;0;0;1;0;1;0.0;0.0;0.0;0.0;0.0;0.0;0.0;0.0;0.0;0.0;9.03
1287;1287;325;2016-11-23 00:00:00;2016-11-23 13:00:00;2;5;2;23;328;11;2016;13;0;0;1;0;0;0;0;0;0;0;0;0;0;0;0;0;0;1;0;0;1;0;1;0.0;0.0;0.0;0.0;0.0;0.0;0.0;0.0;0.0;0.0;7.57333333333
1288;1288;326;2016-11-23 00:00:00;2016-11-23 14:00:00;2;5;2;23;328;11;2016;14;0;0;1;0;0;0;0;0;0;0;0;0;0;0;0;0;0;1;0;0;1;0;1;0.0;0.0;0.0;0.0;0.0;0.0;0.0;0.0;0.0;0.0;7.39666666667
1289;1289;327;2016-11-23 00:00:00;2016-11-23 15:00:00;2;5;2;23;328;11;2016;15;0;0;1;0;0;0;0;0;0;0;0;0;0;0;0;0;0;1;0;0;1;0;1;0.0;0.0;0.0;0.0;0.0;0.0;0.0;0.0;0.0;0.0;7.59333333333
1290;1290;328;2016-11-23 00:00:00;2016-11-23 16:00:00;2;5;2;23;328;11;2016;16;0;0;1;0;0;0;0;0;0;0;0;0;0;0;0;0;0;1;0;0;1;0;1;0.0;0.0;0.0;0.0;0.0;0.0;0.0;0.0;0.0;0.0;7.6
1291;1291;329;2016-11-23 00:00:00;2016-11-23 17:00:00;2;5;2;23;328;11;2016;17;0;0;1;0;0;0;0;0;0;0;0;0;0;0;0;0;0;1;0;0;1;0;1;0.0;0.0;0.0;0.0;0.0;0.0;0.0;0.0;0.0;0.0;8.11333333333
1292;1292;330;2016-11-23 00:00:00;2016-11-23 18:00:00;2;5;2;23;328;11;2016;18;0;0;1;0;0;0;0;0;0;0;0;0;0;0;0;0;0;1;0;0;1;0;1;0.0;0.0;0.0;0.0;0.0;0.0;0.0;0.0;0.0;0.0;7.84333333333
1293;1293;331;2016-11-23 00:00:00;2016-11-23 19:00:00;2;5;2;23;328;11;2016;19;0;0;1;0;0;0;0;0;0;0;0;0;0;0;0;0;0;1;0;0;1;0;1;0.0;0.0;0.0;0.0;0.0;0.0;0.0;0.0;0.0;0.0;4.96
1294;1294;332;2016-11-23 00:00:00;2016-11-23 20:00:00;2;5;2;23;328;11;2016;20;0;0;1;0;0;0;0;0;0;0;0;0;0;0;0;0;0;1;0;0;1;0;1;0.0;0.0;0.0;0.0;0.0;0.0;0.0;0.0;0.0;0.0;1.82
1295;1295;333;2016-11-23 00:00:00;2016-11-23 21:00:00;2;5;2;23;328;11;2016;21;0;0;1;0;0;0;0;0;0;0;0;0;0;0;0;0;0;1;0;0;1;0;1;0.0;0.0;0.0;0.0;0.0;0.0;0.0;0.0;0.0;0.0;0.0
1296;1296;334;2016-11-23 00:00:00;2016-11-23 22:00:00;2;5;2;23;328;11;2016;22;0;0;1;0;0;0;0;0;0;0;0;0;0;0;0;0;0;1;0;0;1;0;1;0.0;0.0;0.0;0.0;0.0;0.0;0.0;0.0;0.0;0.0;0.0
1297;1297;335;2016-11-23 00:00:00;2016-11-23 23:00:00;2;5;2;23;328;11;2016;23;0;0;1;0;0;0;0;0;0;0;0;0;0;0;0;0;0;1;0;0;1;0;1;0.0;0.0;0.0;0.0;0.0;0.0;0.0;0.0;0.0;0.0;0.0
1298;1298;336;2016-11-24 00:00:00;2016-11-24 00:00:00;2;5;3;24;329;11;2016;0;0;0;0;1;0;0;0;0;0;0;0;0;0;0;0;0;0;1;0;0;1;0;1;0.0;0.0;0.0;0.0;0.0;0.0;0.0;0.0;0.0;0.0;0.0
1299;1299;337;2016-11-24 00:00:00;2016-11-24 01:00:00;2;5;3;24;329;11;2016;1;0;0;0;1;0;0;0;0;0;0;0;0;0;0;0;0;0;1;0;0;1;0;1;0.0;0.0;0.0;0.0;0.0;0.0;0.0;0.0;0.0;0.0;0.0
1300;1300;338;2016-11-24 00:00:00;2016-11-24 02:00:00;2;5;3;24;329;11;2016;2;0;0;0;1;0;0;0;0;0;0;0;0;0;0;0;0;0;1;0;0;1;0;1;0.0;0.0;0.0;0.0;0.0;0.0;0.0;0.0;0.0;0.0;0.0
1301;1301;339;2016-11-24 00:00:00;2016-11-24 03:00:00;2;5;3;24;329;11;2016;3;0;0;0;1;0;0;0;0;0;0;0;0;0;0;0;0;0;1;0;0;1;0;1;0.0;0.0;0.0;0.0;0.0;0.0;0.0;0.0;0.0;0.0;0.0
1302;1302;340;2016-11-24 00:00:00;2016-11-24 04:00:00;2;5;3;24;329;11;2016;4;0;0;0;1;0;0;0;0;0;0;0;0;0;0;0;0;0;1;0;0;1;0;1;0.0;0.0;0.0;0.0;0.0;0.0;0.0;0.0;0.0;0.0;0.0
1303;1303;341;2016-11-24 00:00:00;2016-11-24 05:00:00;2;5;3;24;329;11;2016;5;0;0;0;1;0;0;0;0;0;0;0;0;0;0;0;0;0;1;0;0;1;0;1;0.0;0.0;0.0;0.0;0.0;0.0;0.0;0.0;0.0;0.0;0.0
1304;1304;342;2016-11-24 00:00:00;2016-11-24 06:00:00;2;5;3;24;329;11;2016;6;0;0;0;1;0;0;0;0;0;0;0;0;0;0;0;0;0;1;0;0;1;0;1;0.0;0.0;0.0;0.0;0.0;0.0;0.0;0.0;0.0;0.0;0.58
1305;1305;343;2016-11-24 00:00:00;2016-11-24 07:00:00;2;5;3;24;329;11;2016;7;0;0;0;1;0;0;0;0;0;0;0;0;0;0;0;0;0;1;0;0;1;0;1;0.0;0.0;0.0;0.0;0.0;0.0;0.0;0.0;0.0;0.0;0.403333333333
1306;1306;344;2016-11-24 00:00:00;2016-11-24 08:00:00;2;5;3;24;329;11;2016;8;0;0;0;1;0;0;0;0;0;0;0;0;0;0;0;0;0;1;0;0;1;0;1;0.0;0.0;0.0;0.0;0.0;0.0;0.0;0.0;0.0;0.0;0.403333333333
1307;1307;345;2016-11-24 00:00:00;2016-11-24 09:00:00;2;5;3;24;329;11;2016;9;0;0;0;1;0;0;0;0;0;0;0;0;0;0;0;0;0;1;0;0;1;0;1;0.0;0.0;0.0;0.0;0.0;0.0;0.0;0.0;0.0;0.0;0.52
1308;1308;346;2016-11-24 00:00:00;2016-11-24 10:00:00;2;5;3;24;329;11;2016;10;0;0;0;1;0;0;0;0;0;0;0;0;0;0;0;0;0;1;0;0;1;0;1;0.0;0.0;0.0;0.0;0.0;0.0;0.0;0.0;0.0;0.0;2.3
1309;1309;347;2016-11-24 00:00:00;2016-11-24 11:00:00;2;5;3;24;329;11;2016;11;0;0;0;1;0;0;0;0;0;0;0;0;0;0;0;0;0;1;0;0;1;0;1;0.0;0.0;0.0;0.0;0.0;0.0;0.0;0.0;0.0;0.0;6.65666666667
1310;1310;348;2016-11-24 00:00:00;2016-11-24 12:00:00;2;5;3;24;329;11;2016;12;0;0;0;1;0;0;0;0;0;0;0;0;0;0;0;0;0;1;0;0;1;0;1;0.0;0.0;0.0;0.0;0.0;0.0;0.0;0.0;0.0;0.0;8.94333333333
1311;1311;349;2016-11-24 00:00:00;2016-11-24 13:00:00;2;5;3;24;329;11;2016;13;0;0;0;1;0;0;0;0;0;0;0;0;0;0;0;0;0;1;0;0;1;0;1;0.0;0.0;0.0;0.0;0.0;0.0;0.0;0.0;0.0;0.0;7.5
1312;1312;350;2016-11-24 00:00:00;2016-11-24 14:00:00;2;5;3;24;329;11;2016;14;0;0;0;1;0;0;0;0;0;0;0;0;0;0;0;0;0;1;0;0;1;0;1;0.0;0.0;0.0;0.0;0.0;0.0;0.0;0.0;0.0;0.0;7.93333333333
1313;1313;351;2016-11-24 00:00:00;2016-11-24 15:00:00;2;5;3;24;329;11;2016;15;0;0;0;1;0;0;0;0;0;0;0;0;0;0;0;0;0;1;0;0;1;0;1;0.0;0.0;0.0;0.0;0.0;0.0;0.0;0.0;0.0;0.0;8.19666666667
1314;1314;352;2016-11-24 00:00:00;2016-11-24 16:00:00;2;5;3;24;329;11;2016;16;0;0;0;1;0;0;0;0;0;0;0;0;0;0;0;0;0;1;0;0;1;0;1;0.0;0.0;0.0;0.0;0.0;0.0;0.0;0.0;0.0;0.0;8.20666666667
1315;1315;353;2016-11-24 00:00:00;2016-11-24 17:00:00;2;5;3;24;329;11;2016;17;0;0;0;1;0;0;0;0;0;0;0;0;0;0;0;0;0;1;0;0;1;0;1;0.0;0.0;0.0;0.0;0.0;0.0;0.0;0.0;0.0;0.0;8.09333333333
1316;1316;354;2016-11-24 00:00:00;2016-11-24 18:00:00;2;5;3;24;329;11;2016;18;0;0;0;1;0;0;0;0;0;0;0;0;0;0;0;0;0;1;0;0;1;0;1;0.0;0.0;0.0;0.0;0.0;0.0;0.0;0.0;0.0;0.0;8.39
1317;1317;355;2016-11-24 00:00:00;2016-11-24 19:00:00;2;5;3;24;329;11;2016;19;0;0;0;1;0;0;0;0;0;0;0;0;0;0;0;0;0;1;0;0;1;0;1;0.0;0.0;0.0;0.0;0.0;0.0;0.0;0.0;0.0;0.0;5.45
1318;1318;356;2016-11-24 00:00:00;2016-11-24 20:00:00;2;5;3;24;329;11;2016;20;0;0;0;1;0;0;0;0;0;0;0;0;0;0;0;0;0;1;0;0;1;0;1;0.0;0.0;0.0;0.0;0.0;0.0;0.0;0.0;0.0;0.0;1.69666666667
1319;1319;357;2016-11-24 00:00:00;2016-11-24 21:00:00;2;5;3;24;329;11;2016;21;0;0;0;1;0;0;0;0;0;0;0;0;0;0;0;0;0;1;0;0;1;0;1;0.0;0.0;0.0;0.0;0.0;0.0;0.0;0.0;0.0;0.0;0.0
1320;1320;358;2016-11-24 00:00:00;2016-11-24 22:00:00;2;5;3;24;329;11;2016;22;0;0;0;1;0;0;0;0;0;0;0;0;0;0;0;0;0;1;0;0;1;0;1;0.0;0.0;0.0;0.0;0.0;0.0;0.0;0.0;0.0;0.0;0.0
1321;1321;359;2016-11-24 00:00:00;2016-11-24 23:00:00;2;5;3;24;329;11;2016;23;0;0;0;1;0;0;0;0;0;0;0;0;0;0;0;0;0;1;0;0;1;0;1;0.0;0.0;0.0;0.0;0.0;0.0;0.0;0.0;0.0;0.0;0.0
1322;1322;360;2016-11-25 00:00:00;2016-11-25 00:00:00;2;5;4;25;330;11;2016;0;0;0;0;0;1;0;0;0;0;0;0;0;0;0;0;0;0;1;0;0;1;0;1;0.0;0.0;0.0;0.0;0.0;0.0;0.0;0.0;0.0;0.0;0.0
1323;1323;361;2016-11-25 00:00:00;2016-11-25 01:00:00;2;5;4;25;330;11;2016;1;0;0;0;0;1;0;0;0;0;0;0;0;0;0;0;0;0;1;0;0;1;0;1;0.0;0.0;0.0;0.0;0.0;0.0;0.0;0.0;0.0;0.0;0.0
1324;1324;362;2016-11-25 00:00:00;2016-11-25 02:00:00;2;5;4;25;330;11;2016;2;0;0;0;0;1;0;0;0;0;0;0;0;0;0;0;0;0;1;0;0;1;0;1;0.0;0.0;0.0;0.0;0.0;0.0;0.0;0.0;0.0;0.0;0.0
1325;1325;363;2016-11-25 00:00:00;2016-11-25 03:00:00;2;5;4;25;330;11;2016;3;0;0;0;0;1;0;0;0;0;0;0;0;0;0;0;0;0;1;0;0;1;0;1;0.0;0.0;0.0;0.0;0.0;0.0;0.0;0.0;0.0;0.0;0.0
1326;1326;364;2016-11-25 00:00:00;2016-11-25 04:00:00;2;5;4;25;330;11;2016;4;0;0;0;0;1;0;0;0;0;0;0;0;0;0;0;0;0;1;0;0;1;0;1;0.0;0.0;0.0;0.0;0.0;0.0;0.0;0.0;0.0;0.0;0.0
1327;1327;365;2016-11-25 00:00:00;2016-11-25 05:00:00;2;5;4;25;330;11;2016;5;0;0;0;0;1;0;0;0;0;0;0;0;0;0;0;0;0;1;0;0;1;0;1;0.0;0.0;0.0;0.0;0.0;0.0;0.0;0.0;0.0;0.0;0.0
1328;1328;366;2016-11-25 00:00:00;2016-11-25 06:00:00;2;5;4;25;330;11;2016;6;0;0;0;0;1;0;0;0;0;0;0;0;0;0;0;0;0;1;0;0;1;0;1;0.0;0.0;0.0;0.0;0.0;0.0;0.0;0.0;0.0;0.0;0.616666666667
1329;1329;367;2016-11-25 00:00:00;2016-11-25 07:00:00;2;5;4;25;330;11;2016;7;0;0;0;0;1;0;0;0;0;0;0;0;0;0;0;0;0;1;0;0;1;0;1;0.0;0.0;0.0;0.0;0.0;0.0;0.0;0.0;0.0;0.0;0.29
1330;1330;368;2016-11-25 00:00:00;2016-11-25 08:00:00;2;5;4;25;330;11;2016;8;0;0;0;0;1;0;0;0;0;0;0;0;0;0;0;0;0;1;0;0;1;0;1;0.0;0.0;0.0;0.0;0.0;0.0;0.0;0.0;0.0;0.0;0.293333333333
1331;1331;369;2016-11-25 00:00:00;2016-11-25 09:00:00;2;5;4;25;330;11;2016;9;0;0;0;0;1;0;0;0;0;0;0;0;0;0;0;0;0;1;0;0;1;0;1;0.0;0.0;0.0;0.0;0.0;0.0;0.0;0.0;0.0;0.0;0.27
1332;1332;370;2016-11-25 00:00:00;2016-11-25 10:00:00;2;5;4;25;330;11;2016;10;0;0;0;0;1;0;0;0;0;0;0;0;0;0;0;0;0;1;0;0;1;0;1;0.0;0.0;0.0;0.0;0.0;0.0;0.0;0.0;0.0;0.0;2.14
1333;1333;371;2016-11-25 00:00:00;2016-11-25 11:00:00;2;5;4;25;330;11;2016;11;0;0;0;0;1;0;0;0;0;0;0;0;0;0;0;0;0;1;0;0;1;0;1;0.0;0.0;0.0;0.0;0.0;0.0;0.0;0.0;0.0;0.0;7.19333333333
1334;1334;372;2016-11-25 00:00:00;2016-11-25 12:00:00;2;5;4;25;330;11;2016;12;0;0;0;0;1;0;0;0;0;0;0;0;0;0;0;0;0;1;0;0;1;0;1;0.0;0.0;0.0;0.0;0.0;0.0;0.0;0.0;0.0;0.0;8.95
1335;1335;373;2016-11-25 00:00:00;2016-11-25 13:00:00;2;5;4;25;330;11;2016;13;0;0;0;0;1;0;0;0;0;0;0;0;0;0;0;0;0;1;0;0;1;0;1;0.0;0.0;0.0;0.0;0.0;0.0;0.0;0.0;0.0;0.0;8.53666666667
1336;1336;374;2016-11-25 00:00:00;2016-11-25 14:00:00;2;5;4;25;330;11;2016;14;0;0;0;0;1;0;0;0;0;0;0;0;0;0;0;0;0;1;0;0;1;0;1;0.0;0.0;0.0;0.0;0.0;0.0;0.0;0.0;0.0;0.0;8.35333333333
1337;1337;375;2016-11-25 00:00:00;2016-11-25 15:00:00;2;5;4;25;330;11;2016;15;0;0;0;0;1;0;0;0;0;0;0;0;0;0;0;0;0;1;0;0;1;0;1;0.0;0.0;0.0;0.0;0.0;0.0;0.0;0.0;0.0;0.0;8.43
1338;1338;376;2016-11-25 00:00:00;2016-11-25 16:00:00;2;5;4;25;330;11;2016;16;0;0;0;0;1;0;0;0;0;0;0;0;0;0;0;0;0;1;0;0;1;0;1;0.0;0.0;0.0;0.0;0.0;0.0;0.0;0.0;0.0;0.0;9.80666666667
1339;1339;377;2016-11-25 00:00:00;2016-11-25 17:00:00;2;5;4;25;330;11;2016;17;0;0;0;0;1;0;0;0;0;0;0;0;0;0;0;0;0;1;0;0;1;0;1;0.0;0.0;0.0;0.0;0.0;0.0;0.0;0.0;0.0;0.0;9.67333333333
1340;1340;378;2016-11-25 00:00:00;2016-11-25 18:00:00;2;5;4;25;330;11;2016;18;0;0;0;0;1;0;0;0;0;0;0;0;0;0;0;0;0;1;0;0;1;0;1;0.0;0.0;0.0;0.0;0.0;0.0;0.0;0.0;0.0;0.0;9.97
1341;1341;379;2016-11-25 00:00:00;2016-11-25 19:00:00;2;5;4;25;330;11;2016;19;0;0;0;0;1;0;0;0;0;0;0;0;0;0;0;0;0;1;0;0;1;0;1;0.0;0.0;0.0;0.0;0.0;0.0;0.0;0.0;0.0;0.0;8.77666666667
1342;1342;380;2016-11-25 00:00:00;2016-11-25 20:00:00;2;5;4;25;330;11;2016;20;0;0;0;0;1;0;0;0;0;0;0;0;0;0;0;0;0;1;0;0;1;0;1;0.0;0.0;0.0;0.0;0.0;0.0;0.0;0.0;0.0;0.0;1.99333333333
1343;1343;381;2016-11-25 00:00:00;2016-11-25 21:00:00;2;5;4;25;330;11;2016;21;0;0;0;0;1;0;0;0;0;0;0;0;0;0;0;0;0;1;0;0;1;0;1;0.0;0.0;0.0;0.0;0.0;0.0;0.0;0.0;0.0;0.0;0.0
1344;1344;382;2016-11-25 00:00:00;2016-11-25 22:00:00;2;5;4;25;330;11;2016;22;0;0;0;0;1;0;0;0;0;0;0;0;0;0;0;0;0;1;0;0;1;0;1;0.0;0.0;0.0;0.0;0.0;0.0;0.0;0.0;0.0;0.0;0.0
1345;1345;383;2016-11-25 00:00:00;2016-11-25 23:00:00;2;5;4;25;330;11;2016;23;0;0;0;0;1;0;0;0;0;0;0;0;0;0;0;0;0;1;0;0;1;0;1;0.0;0.0;0.0;0.0;0.0;0.0;0.0;0.0;0.0;0.0;0.0
1346;1346;384;2016-11-26 00:00:00;2016-11-26 00:00:00;2;5;5;26;331;11;2016;0;0;0;0;0;0;1;0;0;0;0;0;0;0;0;0;0;0;1;0;0;1;0;1;0.0;0.0;0.0;0.0;0.0;0.0;0.0;0.0;0.0;0.0;0.0
1347;1347;385;2016-11-26 00:00:00;2016-11-26 01:00:00;2;5;5;26;331;11;2016;1;0;0;0;0;0;1;0;0;0;0;0;0;0;0;0;0;0;1;0;0;1;0;1;0.0;0.0;0.0;0.0;0.0;0.0;0.0;0.0;0.0;0.0;0.0
1348;1348;386;2016-11-26 00:00:00;2016-11-26 02:00:00;2;5;5;26;331;11;2016;2;0;0;0;0;0;1;0;0;0;0;0;0;0;0;0;0;0;1;0;0;1;0;1;0.0;0.0;0.0;0.0;0.0;0.0;0.0;0.0;0.0;0.0;0.0
1349;1349;387;2016-11-26 00:00:00;2016-11-26 03:00:00;2;5;5;26;331;11;2016;3;0;0;0;0;0;1;0;0;0;0;0;0;0;0;0;0;0;1;0;0;1;0;1;0.0;0.0;0.0;0.0;0.0;0.0;0.0;0.0;0.0;0.0;0.0
1350;1350;388;2016-11-26 00:00:00;2016-11-26 04:00:00;2;5;5;26;331;11;2016;4;0;0;0;0;0;1;0;0;0;0;0;0;0;0;0;0;0;1;0;0;1;0;1;0.0;0.0;0.0;0.0;0.0;0.0;0.0;0.0;0.0;0.0;0.0
1351;1351;389;2016-11-26 00:00:00;2016-11-26 05:00:00;2;5;5;26;331;11;2016;5;0;0;0;0;0;1;0;0;0;0;0;0;0;0;0;0;0;1;0;0;1;0;1;0.0;0.0;0.0;0.0;0.0;0.0;0.0;0.0;0.0;0.0;0.0366666666667
1352;1352;390;2016-11-26 00:00:00;2016-11-26 06:00:00;2;5;5;26;331;11;2016;6;0;0;0;0;0;1;0;0;0;0;0;0;0;0;0;0;0;1;0;0;1;0;1;0.0;0.0;0.0;0.0;0.0;0.0;0.0;0.0;0.0;0.0;0.00333333333333
1353;1353;391;2016-11-26 00:00:00;2016-11-26 07:00:00;2;5;5;26;331;11;2016;7;0;0;0;0;0;1;0;0;0;0;0;0;0;0;0;0;0;1;0;0;1;0;1;0.0;0.0;0.0;0.0;0.0;0.0;0.0;0.0;0.0;0.0;0.0466666666667
1354;1354;392;2016-11-26 00:00:00;2016-11-26 08:00:00;2;5;5;26;331;11;2016;8;0;0;0;0;0;1;0;0;0;0;0;0;0;0;0;0;0;1;0;0;1;0;1;0.0;0.0;0.0;0.0;0.0;0.0;0.0;0.0;0.0;0.0;0.04
1355;1355;393;2016-11-26 00:00:00;2016-11-26 09:00:00;2;5;5;26;331;11;2016;9;0;0;0;0;0;1;0;0;0;0;0;0;0;0;0;0;0;1;0;0;1;0;1;0.0;0.0;0.0;0.0;0.0;0.0;0.0;0.0;0.0;0.0;0.463333333333
1356;1356;394;2016-11-26 00:00:00;2016-11-26 10:00:00;2;5;5;26;331;11;2016;10;0;0;0;0;0;1;0;0;0;0;0;0;0;0;0;0;0;1;0;0;1;0;1;0.0;0.0;0.0;0.0;0.0;0.0;0.0;0.0;0.0;0.0;2.62666666667
1357;1357;395;2016-11-26 00:00:00;2016-11-26 11:00:00;2;5;5;26;331;11;2016;11;0;0;0;0;0;1;0;0;0;0;0;0;0;0;0;0;0;1;0;0;1;0;1;0.0;0.0;0.0;0.0;0.0;0.0;0.0;0.0;0.0;0.0;7.87333333333
1358;1358;396;2016-11-26 00:00:00;2016-11-26 12:00:00;2;5;5;26;331;11;2016;12;0;0;0;0;0;1;0;0;0;0;0;0;0;0;0;0;0;1;0;0;1;0;1;0.0;0.0;0.0;0.0;0.0;0.0;0.0;0.0;0.0;0.0;13.65
1359;1359;397;2016-11-26 00:00:00;2016-11-26 13:00:00;2;5;5;26;331;11;2016;13;0;0;0;0;0;1;0;0;0;0;0;0;0;0;0;0;0;1;0;0;1;0;1;0.0;0.0;0.0;0.0;0.0;0.0;0.0;0.0;0.0;0.0;18.59
1360;1360;398;2016-11-26 00:00:00;2016-11-26 14:00:00;2;5;5;26;331;11;2016;14;0;0;0;0;0;1;0;0;0;0;0;0;0;0;0;0;0;1;0;0;1;0;1;0.0;0.0;0.0;0.0;0.0;0.0;0.0;0.0;0.0;0.0;19.0433333333
1361;1361;399;2016-11-26 00:00:00;2016-11-26 15:00:00;2;5;5;26;331;11;2016;15;0;0;0;0;0;1;0;0;0;0;0;0;0;0;0;0;0;1;0;0;1;0;1;0.0;0.0;0.0;0.0;0.0;0.0;0.0;0.0;0.0;0.0;22.8366666667
1362;1362;400;2016-11-26 00:00:00;2016-11-26 16:00:00;2;5;5;26;331;11;2016;16;0;0;0;0;0;1;0;0;0;0;0;0;0;0;0;0;0;1;0;0;1;0;1;0.0;0.0;0.0;0.0;0.0;0.0;0.0;0.0;0.0;0.0;25.59
1363;1363;401;2016-11-26 00:00:00;2016-11-26 17:00:00;2;5;5;26;331;11;2016;17;0;0;0;0;0;1;0;0;0;0;0;0;0;0;0;0;0;1;0;0;1;0;1;0.0;0.0;0.0;0.0;0.0;0.0;0.0;0.0;0.0;0.0;22.1233333333
1364;1364;402;2016-11-26 00:00:00;2016-11-26 18:00:00;2;5;5;26;331;11;2016;18;0;0;0;0;0;1;0;0;0;0;0;0;0;0;0;0;0;1;0;0;1;0;1;0.0;0.0;0.0;0.0;0.0;0.0;0.0;0.0;0.0;0.0;19.8466666667
1365;1365;403;2016-11-26 00:00:00;2016-11-26 19:00:00;2;5;5;26;331;11;2016;19;0;0;0;0;0;1;0;0;0;0;0;0;0;0;0;0;0;1;0;0;1;0;1;0.0;0.0;0.0;0.0;0.0;0.0;0.0;0.0;0.0;0.0;13.1066666667
1366;1366;404;2016-11-26 00:00:00;2016-11-26 20:00:00;2;5;5;26;331;11;2016;20;0;0;0;0;0;1;0;0;0;0;0;0;0;0;0;0;0;1;0;0;1;0;1;0.0;0.0;0.0;0.0;0.0;0.0;0.0;0.0;0.0;0.0;2.67666666667
1367;1367;405;2016-11-26 00:00:00;2016-11-26 21:00:00;2;5;5;26;331;11;2016;21;0;0;0;0;0;1;0;0;0;0;0;0;0;0;0;0;0;1;0;0;1;0;1;0.0;0.0;0.0;0.0;0.0;0.0;0.0;0.0;0.0;0.0;0.0
1368;1368;406;2016-11-26 00:00:00;2016-11-26 22:00:00;2;5;5;26;331;11;2016;22;0;0;0;0;0;1;0;0;0;0;0;0;0;0;0;0;0;1;0;0;1;0;1;0.0;0.0;0.0;0.0;0.0;0.0;0.0;0.0;0.0;0.0;0.0
1369;1369;407;2016-11-26 00:00:00;2016-11-26 23:00:00;2;5;5;26;331;11;2016;23;0;0;0;0;0;1;0;0;0;0;0;0;0;0;0;0;0;1;0;0;1;0;1;0.0;0.0;0.0;0.0;0.0;0.0;0.0;0.0;0.0;0.0;0.0
1370;1370;408;2016-11-27 00:00:00;2016-11-27 00:00:00;2;5;6;27;332;11;2016;0;0;0;0;0;0;0;1;0;0;0;0;0;0;0;0;0;0;1;0;0;1;0;1;0.0;0.0;0.0;0.0;0.0;0.0;0.0;0.0;0.0;0.0;0.0
1371;1371;409;2016-11-27 00:00:00;2016-11-27 01:00:00;2;5;6;27;332;11;2016;1;0;0;0;0;0;0;1;0;0;0;0;0;0;0;0;0;0;1;0;0;1;0;1;0.0;0.0;0.0;0.0;0.0;0.0;0.0;0.0;0.0;0.0;0.0
1372;1372;410;2016-11-27 00:00:00;2016-11-27 02:00:00;2;5;6;27;332;11;2016;2;0;0;0;0;0;0;1;0;0;0;0;0;0;0;0;0;0;1;0;0;1;0;1;0.0;0.0;0.0;0.0;0.0;0.0;0.0;0.0;0.0;0.0;0.0
1373;1373;411;2016-11-27 00:00:00;2016-11-27 03:00:00;2;5;6;27;332;11;2016;3;0;0;0;0;0;0;1;0;0;0;0;0;0;0;0;0;0;1;0;0;1;0;1;0.0;0.0;0.0;0.0;0.0;0.0;0.0;0.0;0.0;0.0;0.0
1374;1374;412;2016-11-27 00:00:00;2016-11-27 04:00:00;2;5;6;27;332;11;2016;4;0;0;0;0;0;0;1;0;0;0;0;0;0;0;0;0;0;1;0;0;1;0;1;0.0;0.0;0.0;0.0;0.0;0.0;0.0;0.0;0.0;0.0;0.0
1375;1375;413;2016-11-27 00:00:00;2016-11-27 05:00:00;2;5;6;27;332;11;2016;5;0;0;0;0;0;0;1;0;0;0;0;0;0;0;0;0;0;1;0;0;1;0;1;0.0;0.0;0.0;0.0;0.0;0.0;0.0;0.0;0.0;0.0;0.0
1376;1376;414;2016-11-27 00:00:00;2016-11-27 06:00:00;2;5;6;27;332;11;2016;6;0;0;0;0;0;0;1;0;0;0;0;0;0;0;0;0;0;1;0;0;1;0;1;0.0;0.0;0.0;0.0;0.0;0.0;0.0;0.0;0.0;0.0;0.00333333333333
1377;1377;415;2016-11-27 00:00:00;2016-11-27 07:00:00;2;5;6;27;332;11;2016;7;0;0;0;0;0;0;1;0;0;0;0;0;0;0;0;0;0;1;0;0;1;0;1;0.0;0.0;0.0;0.0;0.0;0.0;0.0;0.0;0.0;0.0;0.04
1378;1378;416;2016-11-27 00:00:00;2016-11-27 08:00:00;2;5;6;27;332;11;2016;8;0;0;0;0;0;0;1;0;0;0;0;0;0;0;0;0;0;1;0;0;1;0;1;0.0;0.0;0.0;0.0;0.0;0.0;0.0;0.0;0.0;0.0;0.04
1379;1379;417;2016-11-27 00:00:00;2016-11-27 09:00:00;2;5;6;27;332;11;2016;9;0;0;0;0;0;0;1;0;0;0;0;0;0;0;0;0;0;1;0;0;1;0;1;0.0;0.0;0.0;0.0;0.0;0.0;0.0;0.0;0.0;0.0;0.0
1380;1380;418;2016-11-27 00:00:00;2016-11-27 10:00:00;2;5;6;27;332;11;2016;10;0;0;0;0;0;0;1;0;0;0;0;0;0;0;0;0;0;1;0;0;1;0;1;0.0;0.0;0.0;0.0;0.0;0.0;0.0;0.0;0.0;0.0;0.0
1381;1381;419;2016-11-27 00:00:00;2016-11-27 11:00:00;2;5;6;27;332;11;2016;11;0;0;0;0;0;0;1;0;0;0;0;0;0;0;0;0;0;1;0;0;1;0;1;0.0;0.0;0.0;0.0;0.0;0.0;0.0;0.0;0.0;0.0;1.20333333333
1382;1382;420;2016-11-27 00:00:00;2016-11-27 12:00:00;2;5;6;27;332;11;2016;12;0;0;0;0;0;0;1;0;0;0;0;0;0;0;0;0;0;1;0;0;1;0;1;0.0;0.0;0.0;0.0;0.0;0.0;0.0;0.0;0.0;0.0;1.20333333333
1383;1383;421;2016-11-27 00:00:00;2016-11-27 13:00:00;2;5;6;27;332;11;2016;13;0;0;0;0;0;0;1;0;0;0;0;0;0;0;0;0;0;1;0;0;1;0;1;0.0;0.0;0.0;0.0;0.0;0.0;0.0;0.0;0.0;0.0;1.27666666667
1384;1384;422;2016-11-27 00:00:00;2016-11-27 14:00:00;2;5;6;27;332;11;2016;14;0;0;0;0;0;0;1;0;0;0;0;0;0;0;0;0;0;1;0;0;1;0;1;0.0;0.0;0.0;0.0;0.0;0.0;0.0;0.0;0.0;0.0;1.98
1385;1385;423;2016-11-27 00:00:00;2016-11-27 15:00:00;2;5;6;27;332;11;2016;15;0;0;0;0;0;0;1;0;0;0;0;0;0;0;0;0;0;1;0;0;1;0;1;0.0;0.0;0.0;0.0;0.0;0.0;0.0;0.0;0.0;0.0;1.94333333333
1386;1386;424;2016-11-27 00:00:00;2016-11-27 16:00:00;2;5;6;27;332;11;2016;16;0;0;0;0;0;0;1;0;0;0;0;0;0;0;0;0;0;1;0;0;1;0;1;0.0;0.0;0.0;0.0;0.0;0.0;0.0;0.0;0.0;0.0;2.29666666667
1387;1387;425;2016-11-27 00:00:00;2016-11-27 17:00:00;2;5;6;27;332;11;2016;17;0;0;0;0;0;0;1;0;0;0;0;0;0;0;0;0;0;1;0;0;1;0;1;0.0;0.0;0.0;0.0;0.0;0.0;0.0;0.0;0.0;0.0;2.59666666667
1388;1388;426;2016-11-27 00:00:00;2016-11-27 18:00:00;2;5;6;27;332;11;2016;18;0;0;0;0;0;0;1;0;0;0;0;0;0;0;0;0;0;1;0;0;1;0;1;0.0;0.0;0.0;0.0;0.0;0.0;0.0;0.0;0.0;0.0;2.64666666667
1389;1389;427;2016-11-27 00:00:00;2016-11-27 19:00:00;2;5;6;27;332;11;2016;19;0;0;0;0;0;0;1;0;0;0;0;0;0;0;0;0;0;1;0;0;1;0;1;0.0;0.0;0.0;0.0;0.0;0.0;0.0;0.0;0.0;0.0;2.64666666667
1390;1390;428;2016-11-27 00:00:00;2016-11-27 20:00:00;2;5;6;27;332;11;2016;20;0;0;0;0;0;0;1;0;0;0;0;0;0;0;0;0;0;1;0;0;1;0;1;0.0;0.0;0.0;0.0;0.0;0.0;0.0;0.0;0.0;0.0;0.0
1391;1391;429;2016-11-27 00:00:00;2016-11-27 21:00:00;2;5;6;27;332;11;2016;21;0;0;0;0;0;0;1;0;0;0;0;0;0;0;0;0;0;1;0;0;1;0;1;0.0;0.0;0.0;0.0;0.0;0.0;0.0;0.0;0.0;0.0;0.0
1392;1392;430;2016-11-27 00:00:00;2016-11-27 22:00:00;2;5;6;27;332;11;2016;22;0;0;0;0;0;0;1;0;0;0;0;0;0;0;0;0;0;1;0;0;1;0;1;0.0;0.0;0.0;0.0;0.0;0.0;0.0;0.0;0.0;0.0;0.0
1393;1393;431;2016-11-27 00:00:00;2016-11-27 23:00:00;2;5;6;27;332;11;2016;23;0;0;0;0;0;0;1;0;0;0;0;0;0;0;0;0;0;1;0;0;1;0;1;0.0;0.0;0.0;0.0;0.0;0.0;0.0;0.0;0.0;0.0;0.0
1394;1394;432;2016-11-28 00:00:00;2016-11-28 00:00:00;2;5;0;28;333;11;2016;0;1;0;0;0;0;0;0;0;0;0;0;0;0;0;0;0;0;1;0;0;1;0;1;0.0;0.0;0.0;0.0;0.0;0.0;0.0;0.0;0.0;0.0;0.0
1395;1395;433;2016-11-28 00:00:00;2016-11-28 01:00:00;2;5;0;28;333;11;2016;1;1;0;0;0;0;0;0;0;0;0;0;0;0;0;0;0;0;1;0;0;1;0;1;0.0;0.0;0.0;0.0;0.0;0.0;0.0;0.0;0.0;0.0;0.0
1396;1396;434;2016-11-28 00:00:00;2016-11-28 02:00:00;2;5;0;28;333;11;2016;2;1;0;0;0;0;0;0;0;0;0;0;0;0;0;0;0;0;1;0;0;1;0;1;0.0;0.0;0.0;0.0;0.0;0.0;0.0;0.0;0.0;0.0;0.0
1397;1397;435;2016-11-28 00:00:00;2016-11-28 03:00:00;2;5;0;28;333;11;2016;3;1;0;0;0;0;0;0;0;0;0;0;0;0;0;0;0;0;1;0;0;1;0;1;0.0;0.0;0.0;0.0;0.0;0.0;0.0;0.0;0.0;0.0;0.0
1398;1398;436;2016-11-28 00:00:00;2016-11-28 04:00:00;2;5;0;28;333;11;2016;4;1;0;0;0;0;0;0;0;0;0;0;0;0;0;0;0;0;1;0;0;1;0;1;0.0;0.0;0.0;0.0;0.0;0.0;0.0;0.0;0.0;0.0;0.0
1399;1399;437;2016-11-28 00:00:00;2016-11-28 05:00:00;2;5;0;28;333;11;2016;5;1;0;0;0;0;0;0;0;0;0;0;0;0;0;0;0;0;1;0;0;1;0;1;0.0;0.0;0.0;0.0;0.0;0.0;0.0;0.0;0.0;0.0;0.0
1400;1400;438;2016-11-28 00:00:00;2016-11-28 06:00:00;2;5;0;28;333;11;2016;6;1;0;0;0;0;0;0;0;0;0;0;0;0;0;0;0;0;1;0;0;1;0;1;0.0;0.0;0.0;0.0;0.0;0.0;0.0;0.0;0.0;0.0;0.863333333333
1401;1401;439;2016-11-28 00:00:00;2016-11-28 07:00:00;2;5;0;28;333;11;2016;7;1;0;0;0;0;0;0;0;0;0;0;0;0;0;0;0;0;1;0;0;1;0;1;0.0;0.0;0.0;0.0;0.0;0.0;0.0;0.0;0.0;0.0;0.07
1402;1402;440;2016-11-28 00:00:00;2016-11-28 08:00:00;2;5;0;28;333;11;2016;8;1;0;0;0;0;0;0;0;0;0;0;0;0;0;0;0;0;1;0;0;1;0;1;0.0;0.0;0.0;0.0;0.0;0.0;0.0;0.0;0.0;0.0;0.0633333333333
1403;1403;441;2016-11-28 00:00:00;2016-11-28 09:00:00;2;5;0;28;333;11;2016;9;1;0;0;0;0;0;0;0;0;0;0;0;0;0;0;0;0;1;0;0;1;0;1;0.0;0.0;0.0;0.0;0.0;0.0;0.0;0.0;0.0;0.0;0.506666666667
1404;1404;442;2016-11-28 00:00:00;2016-11-28 10:00:00;2;5;0;28;333;11;2016;10;1;0;0;0;0;0;0;0;0;0;0;0;0;0;0;0;0;1;0;0;1;0;1;0.0;0.0;0.0;0.0;0.0;0.0;0.0;0.0;0.0;0.0;3.34333333333
1405;1405;443;2016-11-28 00:00:00;2016-11-28 11:00:00;2;5;0;28;333;11;2016;11;1;0;0;0;0;0;0;0;0;0;0;0;0;0;0;0;0;1;0;0;1;0;1;0.0;0.0;0.0;0.0;0.0;0.0;0.0;0.0;0.0;0.0;7.25
1406;1406;444;2016-11-28 00:00:00;2016-11-28 12:00:00;2;5;0;28;333;11;2016;12;1;0;0;0;0;0;0;0;0;0;0;0;0;0;0;0;0;1;0;0;1;0;1;0.0;0.0;0.0;0.0;0.0;0.0;0.0;0.0;0.0;0.0;8.18666666667
1407;1407;445;2016-11-28 00:00:00;2016-11-28 13:00:00;2;5;0;28;333;11;2016;13;1;0;0;0;0;0;0;0;0;0;0;0;0;0;0;0;0;1;0;0;1;0;1;0.0;0.0;0.0;0.0;0.0;0.0;0.0;0.0;0.0;0.0;7.63333333333
1408;1408;446;2016-11-28 00:00:00;2016-11-28 14:00:00;2;5;0;28;333;11;2016;14;1;0;0;0;0;0;0;0;0;0;0;0;0;0;0;0;0;1;0;0;1;0;1;0.0;0.0;0.0;0.0;0.0;0.0;0.0;0.0;0.0;0.0;6.92
1409;1409;447;2016-11-28 00:00:00;2016-11-28 15:00:00;2;5;0;28;333;11;2016;15;1;0;0;0;0;0;0;0;0;0;0;0;0;0;0;0;0;1;0;0;1;0;1;0.0;0.0;0.0;0.0;0.0;0.0;0.0;0.0;0.0;0.0;7.73
1410;1410;448;2016-11-28 00:00:00;2016-11-28 16:00:00;2;5;0;28;333;11;2016;16;1;0;0;0;0;0;0;0;0;0;0;0;0;0;0;0;0;1;0;0;1;0;1;0.0;0.0;0.0;0.0;0.0;0.0;0.0;0.0;0.0;0.0;8.47
1411;1411;449;2016-11-28 00:00:00;2016-11-28 17:00:00;2;5;0;28;333;11;2016;17;1;0;0;0;0;0;0;0;0;0;0;0;0;0;0;0;0;1;0;0;1;0;1;0.0;0.0;0.0;0.0;0.0;0.0;0.0;0.0;0.0;0.0;8.19
1412;1412;450;2016-11-28 00:00:00;2016-11-28 18:00:00;2;5;0;28;333;11;2016;18;1;0;0;0;0;0;0;0;0;0;0;0;0;0;0;0;0;1;0;0;1;0;1;0.0;0.0;0.0;0.0;0.0;0.0;0.0;0.0;0.0;0.0;7.39333333333
1413;1413;451;2016-11-28 00:00:00;2016-11-28 19:00:00;2;5;0;28;333;11;2016;19;1;0;0;0;0;0;0;0;0;0;0;0;0;0;0;0;0;1;0;0;1;0;1;0.0;0.0;0.0;0.0;0.0;0.0;0.0;0.0;0.0;0.0;5.49666666667
1414;1414;452;2016-11-28 00:00:00;2016-11-28 20:00:00;2;5;0;28;333;11;2016;20;1;0;0;0;0;0;0;0;0;0;0;0;0;0;0;0;0;1;0;0;1;0;1;0.0;0.0;0.0;0.0;0.0;0.0;0.0;0.0;0.0;0.0;2.09
1415;1415;453;2016-11-28 00:00:00;2016-11-28 21:00:00;2;5;0;28;333;11;2016;21;1;0;0;0;0;0;0;0;0;0;0;0;0;0;0;0;0;1;0;0;1;0;1;0.0;0.0;0.0;0.0;0.0;0.0;0.0;0.0;0.0;0.0;0.0
1416;1416;454;2016-11-28 00:00:00;2016-11-28 22:00:00;2;5;0;28;333;11;2016;22;1;0;0;0;0;0;0;0;0;0;0;0;0;0;0;0;0;1;0;0;1;0;1;0.0;0.0;0.0;0.0;0.0;0.0;0.0;0.0;0.0;0.0;0.0
1417;1417;455;2016-11-28 00:00:00;2016-11-28 23:00:00;2;5;0;28;333;11;2016;23;1;0;0;0;0;0;0;0;0;0;0;0;0;0;0;0;0;1;0;0;1;0;1;0.0;0.0;0.0;0.0;0.0;0.0;0.0;0.0;0.0;0.0;0.0
1418;1418;456;2016-11-29 00:00:00;2016-11-29 00:00:00;2;5;1;29;334;11;2016;0;0;1;0;0;0;0;0;0;0;0;0;0;0;0;0;0;0;1;0;0;1;0;1;0.0;0.0;0.0;0.0;0.0;0.0;0.0;0.0;0.0;0.0;0.0
1419;1419;457;2016-11-29 00:00:00;2016-11-29 01:00:00;2;5;1;29;334;11;2016;1;0;1;0;0;0;0;0;0;0;0;0;0;0;0;0;0;0;1;0;0;1;0;1;0.0;0.0;0.0;0.0;0.0;0.0;0.0;0.0;0.0;0.0;0.0
1420;1420;458;2016-11-29 00:00:00;2016-11-29 02:00:00;2;5;1;29;334;11;2016;2;0;1;0;0;0;0;0;0;0;0;0;0;0;0;0;0;0;1;0;0;1;0;1;0.0;0.0;0.0;0.0;0.0;0.0;0.0;0.0;0.0;0.0;0.0
1421;1421;459;2016-11-29 00:00:00;2016-11-29 03:00:00;2;5;1;29;334;11;2016;3;0;1;0;0;0;0;0;0;0;0;0;0;0;0;0;0;0;1;0;0;1;0;1;0.0;0.0;0.0;0.0;0.0;0.0;0.0;0.0;0.0;0.0;0.0
1422;1422;460;2016-11-29 00:00:00;2016-11-29 04:00:00;2;5;1;29;334;11;2016;4;0;1;0;0;0;0;0;0;0;0;0;0;0;0;0;0;0;1;0;0;1;0;1;0.0;0.0;0.0;0.0;0.0;0.0;0.0;0.0;0.0;0.0;0.0
1423;1423;461;2016-11-29 00:00:00;2016-11-29 05:00:00;2;5;1;29;334;11;2016;5;0;1;0;0;0;0;0;0;0;0;0;0;0;0;0;0;0;1;0;0;1;0;1;0.0;0.0;0.0;0.0;0.0;0.0;0.0;0.0;0.0;0.0;0.0
1424;1424;462;2016-11-29 00:00:00;2016-11-29 06:00:00;2;5;1;29;334;11;2016;6;0;1;0;0;0;0;0;0;0;0;0;0;0;0;0;0;0;1;0;0;1;0;1;0.0;0.0;0.0;0.0;0.0;0.0;0.0;0.0;0.0;0.0;0.863333333333
1425;1425;463;2016-11-29 00:00:00;2016-11-29 07:00:00;2;5;1;29;334;11;2016;7;0;1;0;0;0;0;0;0;0;0;0;0;0;0;0;0;0;1;0;0;1;0;1;0.0;0.0;0.0;0.0;0.0;0.0;0.0;0.0;0.0;0.0;0.0666666666667
1426;1426;464;2016-11-29 00:00:00;2016-11-29 08:00:00;2;5;1;29;334;11;2016;8;0;1;0;0;0;0;0;0;0;0;0;0;0;0;0;0;0;1;0;0;1;0;1;0.0;0.0;0.0;0.0;0.0;0.0;0.0;0.0;0.0;0.0;0.0566666666667
1427;1427;465;2016-11-29 00:00:00;2016-11-29 09:00:00;2;5;1;29;334;11;2016;9;0;1;0;0;0;0;0;0;0;0;0;0;0;0;0;0;0;1;0;0;1;0;1;0.0;0.0;0.0;0.0;0.0;0.0;0.0;0.0;0.0;0.0;0.443333333333
1428;1428;466;2016-11-29 00:00:00;2016-11-29 10:00:00;2;5;1;29;334;11;2016;10;0;1;0;0;0;0;0;0;0;0;0;0;0;0;0;0;0;1;0;0;1;0;1;0.0;0.0;0.0;0.0;0.0;0.0;0.0;0.0;0.0;0.0;3.34
1429;1429;467;2016-11-29 00:00:00;2016-11-29 11:00:00;2;5;1;29;334;11;2016;11;0;1;0;0;0;0;0;0;0;0;0;0;0;0;0;0;0;1;0;0;1;0;1;0.0;0.0;0.0;0.0;0.0;0.0;0.0;0.0;0.0;0.0;7.57333333333
1430;1430;468;2016-11-29 00:00:00;2016-11-29 12:00:00;2;5;1;29;334;11;2016;12;0;1;0;0;0;0;0;0;0;0;0;0;0;0;0;0;0;1;0;0;1;0;1;0.0;0.0;0.0;0.0;0.0;0.0;0.0;0.0;0.0;0.0;8.30333333333
1431;1431;469;2016-11-29 00:00:00;2016-11-29 13:00:00;2;5;1;29;334;11;2016;13;0;1;0;0;0;0;0;0;0;0;0;0;0;0;0;0;0;1;0;0;1;0;1;0.0;0.0;0.0;0.0;0.0;0.0;0.0;0.0;0.0;0.0;7.83
1432;1432;470;2016-11-29 00:00:00;2016-11-29 14:00:00;2;5;1;29;334;11;2016;14;0;1;0;0;0;0;0;0;0;0;0;0;0;0;0;0;0;1;0;0;1;0;1;0.0;0.0;0.0;0.0;0.0;0.0;0.0;0.0;0.0;0.0;7.78333333333
1433;1433;471;2016-11-29 00:00:00;2016-11-29 15:00:00;2;5;1;29;334;11;2016;15;0;1;0;0;0;0;0;0;0;0;0;0;0;0;0;0;0;1;0;0;1;0;1;0.0;0.0;0.0;0.0;0.0;0.0;0.0;0.0;0.0;0.0;7.91666666667
1434;1434;472;2016-11-29 00:00:00;2016-11-29 16:00:00;2;5;1;29;334;11;2016;16;0;1;0;0;0;0;0;0;0;0;0;0;0;0;0;0;0;1;0;0;1;0;1;0.0;0.0;0.0;0.0;0.0;0.0;0.0;0.0;0.0;0.0;8.65
1435;1435;473;2016-11-29 00:00:00;2016-11-29 17:00:00;2;5;1;29;334;11;2016;17;0;1;0;0;0;0;0;0;0;0;0;0;0;0;0;0;0;1;0;0;1;0;1;0.0;0.0;0.0;0.0;0.0;0.0;0.0;0.0;0.0;0.0;8.07333333333
1436;1436;474;2016-11-29 00:00:00;2016-11-29 18:00:00;2;5;1;29;334;11;2016;18;0;1;0;0;0;0;0;0;0;0;0;0;0;0;0;0;0;1;0;0;1;0;1;0.0;0.0;0.0;0.0;0.0;0.0;0.0;0.0;0.0;0.0;7.88
1437;1437;475;2016-11-29 00:00:00;2016-11-29 19:00:00;2;5;1;29;334;11;2016;19;0;1;0;0;0;0;0;0;0;0;0;0;0;0;0;0;0;1;0;0;1;0;1;0.0;0.0;0.0;0.0;0.0;0.0;0.0;0.0;0.0;0.0;6.50666666667
1438;1438;476;2016-11-29 00:00:00;2016-11-29 20:00:00;2;5;1;29;334;11;2016;20;0;1;0;0;0;0;0;0;0;0;0;0;0;0;0;0;0;1;0;0;1;0;1;0.0;0.0;0.0;0.0;0.0;0.0;0.0;0.0;0.0;0.0;2.12333333333
1439;1439;477;2016-11-29 00:00:00;2016-11-29 21:00:00;2;5;1;29;334;11;2016;21;0;1;0;0;0;0;0;0;0;0;0;0;0;0;0;0;0;1;0;0;1;0;1;0.0;0.0;0.0;0.0;0.0;0.0;0.0;0.0;0.0;0.0;0.0
1440;1440;478;2016-11-29 00:00:00;2016-11-29 22:00:00;2;5;1;29;334;11;2016;22;0;1;0;0;0;0;0;0;0;0;0;0;0;0;0;0;0;1;0;0;1;0;1;0.0;0.0;0.0;0.0;0.0;0.0;0.0;0.0;0.0;0.0;0.0
1441;1441;479;2016-11-29 00:00:00;2016-11-29 23:00:00;2;5;1;29;334;11;2016;23;0;1;0;0;0;0;0;0;0;0;0;0;0;0;0;0;0;1;0;0;1;0;1;0.0;0.0;0.0;0.0;0.0;0.0;0.0;0.0;0.0;0.0;0.0
1442;1442;480;2016-11-30 00:00:00;2016-11-30 00:00:00;2;5;2;30;335;11;2016;0;0;0;1;0;0;0;0;0;0;0;0;0;0;0;0;0;0;1;0;0;1;0;1;0.0;0.0;0.0;0.0;0.0;0.0;0.0;0.0;0.0;0.0;0.0
