,date,idbldsite,region_id,is_school_holiday,is_public_holiday,day_of_week,day_of_month,day_of_year,month,year,day_0,day_1,day_2,day_3,day_4,day_5,day_6,month_1,month_2,month_3,month_4,month_5,month_6,month_7,month_8,month_9,month_10,month_11,month_12,public_holiday,not_public_holiday,school_holiday,not_school_holiday
0,2016-11-04,1,5,0,0,4,4,309,11,2016,0,0,0,0,1,0,0,0,0,0,0,0,0,0,0,0,0,1,0,0,1,0,1
1,2016-11-05,1,5,0,0,5,5,310,11,2016,0,0,0,0,0,1,0,0,0,0,0,0,0,0,0,0,0,1,0,0,1,0,1
2,2016-11-06,1,5,0,0,6,6,311,11,2016,0,0,0,0,0,0,1,0,0,0,0,0,0,0,0,0,0,1,0,0,1,0,1
3,2016-11-07,1,5,0,0,0,7,312,11,2016,1,0,0,0,0,0,0,0,0,0,0,0,0,0,0,0,0,1,0,0,1,0,1
4,2016-11-08,1,5,0,0,1,8,313,11,2016,0,1,0,0,0,0,0,0,0,0,0,0,0,0,0,0,0,1,0,0,1,0,1
5,2016-11-09,1,5,0,0,2,9,314,11,2016,0,0,1,0,0,0,0,0,0,0,0,0,0,0,0,0,0,1,0,0,1,0,1
6,2016-11-10,1,5,0,0,3,10,315,11,2016,0,0,0,1,0,0,0,0,0,0,0,0,0,0,0,0,0,1,0,0,1,0,1
7,2016-11-11,1,5,0,0,4,11,316,11,2016,0,0,0,0,1,0,0,0,0,0,0,0,0,0,0,0,0,1,0,0,1,0,1
8,2016-11-12,1,5,0,0,5,12,317,11,2016,0,0,0,0,0,1,0,0,0,0,0,0,0,0,0,0,0,1,0,0,1,0,1
9,2016-11-13,1,5,0,0,6,13,318,11,2016,0,0,0,0,0,0,1,0,0,0,0,0,0,0,0,0,0,1,0,0,1,0,1
10,2016-11-14,1,5,0,0,0,14,319,11,2016,1,0,0,0,0,0,0,0,0,0,0,0,0,0,0,0,0,1,0,0,1,0,1
11,2016-11-15,1,5,0,0,1,15,320,11,2016,0,1,0,0,0,0,0,0,0,0,0,0,0,0,0,0,0,1,0,0,1,0,1
12,2016-11-16,1,5,0,0,2,16,321,11,2016,0,0,1,0,0,0,0,0,0,0,0,0,0,0,0,0,0,1,0,0,1,0,1
13,2016-11-17,1,5,0,0,3,17,322,11,2016,0,0,0,1,0,0,0,0,0,0,0,0,0,0,0,0,0,1,0,0,1,0,1
14,2016-11-18,1,5,0,0,4,18,323,11,2016,0,0,0,0,1,0,0,0,0,0,0,0,0,0,0,0,0,1,0,0,1,0,1
15,2016-11-19,1,5,0,0,5,19,324,11,2016,0,0,0,0,0,1,0,0,0,0,0,0,0,0,0,0,0,1,0,0,1,0,1
16,2016-11-20,1,5,0,0,6,20,325,11,2016,0,0,0,0,0,0,1,0,0,0,0,0,0,0,0,0,0,1,0,0,1,0,1
17,2016-11-21,1,5,0,0,0,21,326,11,2016,1,0,0,0,0,0,0,0,0,0,0,0,0,0,0,0,0,1,0,0,1,0,1
18,2016-11-22,1,5,0,0,1,22,327,11,2016,0,1,0,0,0,0,0,0,0,0,0,0,0,0,0,0,0,1,0,0,1,0,1
19,2016-11-23,1,5,0,0,2,23,328,11,2016,0,0,1,0,0,0,0,0,0,0,0,0,0,0,0,0,0,1,0,0,1,0,1
20,2016-11-24,1,5,0,0,3,24,329,11,2016,0,0,0,1,0,0,0,0,0,0,0,0,0,0,0,0,0,1,0,0,1,0,1
21,2016-11-25,1,5,0,0,4,25,330,11,2016,0,0,0,0,1,0,0,0,0,0,0,0,0,0,0,0,0,1,0,0,1,0,1
22,2016-11-26,1,5,0,0,5,26,331,11,2016,0,0,0,0,0,1,0,0,0,0,0,0,0,0,0,0,0,1,0,0,1,0,1
23,2016-11-27,1,5,0,0,6,27,332,11,2016,0,0,0,0,0,0,1,0,0,0,0,0,0,0,0,0,0,1,0,0,1,0,1
24,2016-11-28,1,5,0,0,0,28,333,11,2016,1,0,0,0,0,0,0,0,0,0,0,0,0,0,0,0,0,1,0,0,1,0,1
25,2016-11-29,1,5,0,0,1,29,334,11,2016,0,1,0,0,0,0,0,0,0,0,0,0,0,0,0,0,0,1,0,0,1,0,1
26,2016-11-30,1,5,0,0,2,30,335,11,2016,0,0,1,0,0,0,0,0,0,0,0,0,0,0,0,0,0,1,0,0,1,0,1
27,2016-12-01,1,5,0,0,3,1,336,12,2016,0,0,0,1,0,0,0,0,0,0,0,0,0,0,0,0,0,0,1,0,1,0,1
28,2016-12-02,1,5,0,0,4,2,337,12,2016,0,0,0,0,1,0,0,0,0,0,0,0,0,0,0,0,0,0,1,0,1,0,1
29,2016-12-03,1,5,0,0,5,3,338,12,2016,0,0,0,0,0,1,0,0,0,0,0,0,0,0,0,0,0,0,1,0,1,0,1
30,2016-12-04,1,5,0,0,6,4,339,12,2016,0,0,0,0,0,0,1,0,0,0,0,0,0,0,0,0,0,0,1,0,1,0,1
0,2016-11-04,2,5,0,0,4,4,309,11,2016,0,0,0,0,1,0,0,0,0,0,0,0,0,0,0,0,0,1,0,0,1,0,1
1,2016-11-05,2,5,0,0,5,5,310,11,2016,0,0,0,0,0,1,0,0,0,0,0,0,0,0,0,0,0,1,0,0,1,0,1
2,2016-11-06,2,5,0,0,6,6,311,11,2016,0,0,0,0,0,0,1,0,0,0,0,0,0,0,0,0,0,1,0,0,1,0,1
3,2016-11-07,2,5,0,0,0,7,312,11,2016,1,0,0,0,0,0,0,0,0,0,0,0,0,0,0,0,0,1,0,0,1,0,1
4,2016-11-08,2,5,0,0,1,8,313,11,2016,0,1,0,0,0,0,0,0,0,0,0,0,0,0,0,0,0,1,0,0,1,0,1
5,2016-11-09,2,5,0,0,2,9,314,11,2016,0,0,1,0,0,0,0,0,0,0,0,0,0,0,0,0,0,1,0,0,1,0,1
6,2016-11-10,2,5,0,0,3,10,315,11,2016,0,0,0,1,0,0,0,0,0,0,0,0,0,0,0,0,0,1,0,0,1,0,1
7,2016-11-11,2,5,0,0,4,11,316,11,2016,0,0,0,0,1,0,0,0,0,0,0,0,0,0,0,0,0,1,0,0,1,0,1
8,2016-11-12,2,5,0,0,5,12,317,11,2016,0,0,0,0,0,1,0,0,0,0,0,0,0,0,0,0,0,1,0,0,1,0,1
9,2016-11-13,2,5,0,0,6,13,318,11,2016,0,0,0,0,0,0,1,0,0,0,0,0,0,0,0,0,0,1,0,0,1,0,1
10,2016-11-14,2,5,0,0,0,14,319,11,2016,1,0,0,0,0,0,0,0,0,0,0,0,0,0,0,0,0,1,0,0,1,0,1
11,2016-11-15,2,5,0,0,1,15,320,11,2016,0,1,0,0,0,0,0,0,0,0,0,0,0,0,0,0,0,1,0,0,1,0,1
12,2016-11-16,2,5,0,0,2,16,321,11,2016,0,0,1,0,0,0,0,0,0,0,0,0,0,0,0,0,0,1,0,0,1,0,1
13,2016-11-17,2,5,0,0,3,17,322,11,2016,0,0,0,1,0,0,0,0,0,0,0,0,0,0,0,0,0,1,0,0,1,0,1
14,2016-11-18,2,5,0,0,4,18,323,11,2016,0,0,0,0,1,0,0,0,0,0,0,0,0,0,0,0,0,1,0,0,1,0,1
15,2016-11-19,2,5,0,0,5,19,324,11,2016,0,0,0,0,0,1,0,0,0,0,0,0,0,0,0,0,0,1,0,0,1,0,1
16,2016-11-20,2,5,0,0,6,20,325,11,2016,0,0,0,0,0,0,1,0,0,0,0,0,0,0,0,0,0,1,0,0,1,0,1
17,2016-11-21,2,5,0,0,0,21,326,11,2016,1,0,0,0,0,0,0,0,0,0,0,0,0,0,0,0,0,1,0,0,1,0,1
18,2016-11-22,2,5,0,0,1,22,327,11,2016,0,1,0,0,0,0,0,0,0,0,0,0,0,0,0,0,0,1,0,0,1,0,1
19,2016-11-23,2,5,0,0,2,23,328,11,2016,0,0,1,0,0,0,0,0,0,0,0,0,0,0,0,0,0,1,0,0,1,0,1
20,2016-11-24,2,5,0,0,3,24,329,11,2016,0,0,0,1,0,0,0,0,0,0,0,0,0,0,0,0,0,1,0,0,1,0,1
21,2016-11-25,2,5,0,0,4,25,330,11,2016,0,0,0,0,1,0,0,0,0,0,0,0,0,0,0,0,0,1,0,0,1,0,1
22,2016-11-26,2,5,0,0,5,26,331,11,2016,0,0,0,0,0,1,0,0,0,0,0,0,0,0,0,0,0,1,0,0,1,0,1
23,2016-11-27,2,5,0,0,6,27,332,11,2016,0,0,0,0,0,0,1,0,0,0,0,0,0,0,0,0,0,1,0,0,1,0,1
24,2016-11-28,2,5,0,0,0,28,333,11,2016,1,0,0,0,0,0,0,0,0,0,0,0,0,0,0,0,0,1,0,0,1,0,1
25,2016-11-29,2,5,0,0,1,29,334,11,2016,0,1,0,0,0,0,0,0,0,0,0,0,0,0,0,0,0,1,0,0,1,0,1
26,2016-11-30,2,5,0,0,2,30,335,11,2016,0,0,1,0,0,0,0,0,0,0,0,0,0,0,0,0,0,1,0,0,1,0,1
27,2016-12-01,2,5,0,0,3,1,336,12,2016,0,0,0,1,0,0,0,0,0,0,0,0,0,0,0,0,0,0,1,0,1,0,1
28,2016-12-02,2,5,0,0,4,2,337,12,2016,0,0,0,0,1,0,0,0,0,0,0,0,0,0,0,0,0,0,1,0,1,0,1
29,2016-12-03,2,5,0,0,5,3,338,12,2016,0,0,0,0,0,1,0,0,0,0,0,0,0,0,0,0,0,0,1,0,1,0,1
30,2016-12-04,2,5,0,0,6,4,339,12,2016,0,0,0,0,0,0,1,0,0,0,0,0,0,0,0,0,0,0,1,0,1,0,1
0,2016-11-04,3,1,1,0,4,4,309,11,2016,0,0,0,0,1,0,0,0,0,0,0,0,0,0,0,0,0,1,0,0,1,1,0
1,2016-11-05,3,1,1,0,5,5,310,11,2016,0,0,0,0,0,1,0,0,0,0,0,0,0,0,0,0,0,1,0,0,1,1,0
2,2016-11-06,3,1,1,0,6,6,311,11,2016,0,0,0,0,0,0,1,0,0,0,0,0,0,0,0,0,0,1,0,0,1,1,0
3,2016-11-07,3,1,1,0,0,7,312,11,2016,1,0,0,0,0,0,0,0,0,0,0,0,0,0,0,0,0,1,0,0,1,1,0
4,2016-11-08,3,1,1,0,1,8,313,11,2016,0,1,0,0,0,0,0,0,0,0,0,0,0,0,0,0,0,1,0,0,1,1,0
5,2016-11-09,3,1,1,0,2,9,314,11,2016,0,0,1,0,0,0,0,0,0,0,0,0,0,0,0,0,0,1,0,0,1,1,0
6,2016-11-10,3,1,1,0,3,10,315,11,2016,0,0,0,1,0,0,0,0,0,0,0,0,0,0,0,0,0,1,0,0,1,1,0
7,2016-11-11,3,1,1,0,4,11,316,11,2016,0,0,0,0,1,0,0,0,0,0,0,0,0,0,0,0,0,1,0,0,1,1,0
8,2016-11-12,3,1,1,0,5,12,317,11,2016,0,0,0,0,0,1,0,0,0,0,0,0,0,0,0,0,0,1,0,0,1,1,0
9,2016-11-13,3,1,1,0,6,13,318,11,2016,0,0,0,0,0,0,1,0,0,0,0,0,0,0,0,0,0,1,0,0,1,1,0
10,2016-11-14,3,1,1,0,0,14,319,11,2016,1,0,0,0,0,0,0,0,0,0,0,0,0,0,0,0,0,1,0,0,1,1,0
11,2016-11-15,3,1,1,0,1,15,320,11,2016,0,1,0,0,0,0,0,0,0,0,0,0,0,0,0,0,0,1,0,0,1,1,0
12,2016-11-16,3,1,1,0,2,16,321,11,2016,0,0,1,0,0,0,0,0,0,0,0,0,0,0,0,0,0,1,0,0,1,1,0
13,2016-11-17,3,1,0,0,3,17,322,11,2016,0,0,0,1,0,0,0,0,0,0,0,0,0,0,0,0,0,1,0,0,1,0,1
14,2016-11-18,3,1,0,0,4,18,323,11,2016,0,0,0,0,1,0,0,0,0,0,0,0,0,0,0,0,0,1,0,0,1,0,1
15,2016-11-19,3,1,0,0,5,19,324,11,2016,0,0,0,0,0,1,0,0,0,0,0,0,0,0,0,0,0,1,0,0,1,0,1
16,2016-11-20,3,1,0,0,6,20,325,11,2016,0,0,0,0,0,0,1,0,0,0,0,0,0,0,0,0,0,1,0,0,1,0,1
17,2016-11-21,3,1,0,0,0,21,326,11,2016,1,0,0,0,0,0,0,0,0,0,0,0,0,0,0,0,0,1,0,0,1,0,1
18,2016-11-22,3,1,0,0,1,22,327,11,2016,0,1,0,0,0,0,0,0,0,0,0,0,0,0,0,0,0,1,0,0,1,0,1
19,2016-11-23,3,1,0,0,2,23,328,11,2016,0,0,1,0,0,0,0,0,0,0,0,0,0,0,0,0,0,1,0,0,1,0,1
20,2016-11-24,3,1,0,0,3,24,329,11,2016,0,0,0,1,0,0,0,0,0,0,0,0,0,0,0,0,0,1,0,0,1,0,1
21,2016-11-25,3,1,0,0,4,25,330,11,2016,0,0,0,0,1,0,0,0,0,0,0,0,0,0,0,0,0,1,0,0,1,0,1
22,2016-11-26,3,1,0,0,5,26,331,11,2016,0,0,0,0,0,1,0,0,0,0,0,0,0,0,0,0,0,1,0,0,1,0,1
23,2016-11-27,3,1,0,0,6,27,332,11,2016,0,0,0,0,0,0,1,0,0,0,0,0,0,0,0,0,0,1,0,0,1,0,1
24,2016-11-28,3,1,0,0,0,28,333,11,2016,1,0,0,0,0,0,0,0,0,0,0,0,0,0,0,0,0,1,0,0,1,0,1
25,2016-11-29,3,1,0,0,1,29,334,11,2016,0,1,0,0,0,0,0,0,0,0,0,0,0,0,0,0,0,1,0,0,1,0,1
26,2016-11-30,3,1,0,0,2,30,335,11,2016,0,0,1,0,0,0,0,0,0,0,0,0,0,0,0,0,0,1,0,0,1,0,1
27,2016-12-01,3,1,0,0,3,1,336,12,2016,0,0,0,1,0,0,0,0,0,0,0,0,0,0,0,0,0,0,1,0,1,0,1
28,2016-12-02,3,1,0,0,4,2,337,12,2016,0,0,0,0,1,0,0,0,0,0,0,0,0,0,0,0,0,0,1,0,1,0,1
29,2016-12-03,3,1,0,0,5,3,338,12,2016,0,0,0,0,0,1,0,0,0,0,0,0,0,0,0,0,0,0,1,0,1,0,1
30,2016-12-04,3,1,0,0,6,4,339,12,2016,0,0,0,0,0,0,1,0,0,0,0,0,0,0,0,0,0,0,1,0,1,0,1
0,2016-11-04,4,1,1,0,4,4,309,11,2016,0,0,0,0,1,0,0,0,0,0,0,0,0,0,0,0,0,1,0,0,1,1,0
1,2016-11-05,4,1,1,0,5,5,310,11,2016,0,0,0,0,0,1,0,0,0,0,0,0,0,0,0,0,0,1,0,0,1,1,0
2,2016-11-06,4,1,1,0,6,6,311,11,2016,0,0,0,0,0,0,1,0,0,0,0,0,0,0,0,0,0,1,0,0,1,1,0
3,2016-11-07,4,1,1,0,0,7,312,11,2016,1,0,0,0,0,0,0,0,0,0,0,0,0,0,0,0,0,1,0,0,1,1,0
4,2016-11-08,4,1,1,0,1,8,313,11,2016,0,1,0,0,0,0,0,0,0,0,0,0,0,0,0,0,0,1,0,0,1,1,0
5,2016-11-09,4,1,1,0,2,9,314,11,2016,0,0,1,0,0,0,0,0,0,0,0,0,0,0,0,0,0,1,0,0,1,1,0
6,2016-11-10,4,1,1,0,3,10,315,11,2016,0,0,0,1,0,0,0,0,0,0,0,0,0,0,0,0,0,1,0,0,1,1,0
7,2016-11-11,4,1,1,0,4,11,316,11,2016,0,0,0,0,1,0,0,0,0,0,0,0,0,0,0,0,0,1,0,0,1,1,0
8,2016-11-12,4,1,1,0,5,12,317,11,2016,0,0,0,0,0,1,0,0,0,0,0,0,0,0,0,0,0,1,0,0,1,1,0
9,2016-11-13,4,1,1,0,6,13,318,11,2016,0,0,0,0,0,0,1,0,0,0,0,0,0,0,0,0,0,1,0,0,1,1,0
10,2016-11-14,4,1,1,0,0,14,319,11,2016,1,0,0,0,0,0,0,0,0,0,0,0,0,0,0,0,0,1,0,0,1,1,0
11,2016-11-15,4,1,1,0,1,15,320,11,2016,0,1,0,0,0,0,0,0,0,0,0,0,0,0,0,0,0,1,0,0,1,1,0
12,2016-11-16,4,1,1,0,2,16,321,11,2016,0,0,1,0,0,0,0,0,0,0,0,0,0,0,0,0,0,1,0,0,1,1,0
13,2016-11-17,4,1,0,0,3,17,322,11,2016,0,0,0,1,0,0,0,0,0,0,0,0,0,0,0,0,0,1,0,0,1,0,1
14,2016-11-18,4,1,0,0,4,18,323,11,2016,0,0,0,0,1,0,0,0,0,0,0,0,0,0,0,0,0,1,0,0,1,0,1
15,2016-11-19,4,1,0,0,5,19,324,11,2016,0,0,0,0,0,1,0,0,0,0,0,0,0,0,0,0,0,1,0,0,1,0,1
16,2016-11-20,4,1,0,0,6,20,325,11,2016,0,0,0,0,0,0,1,0,0,0,0,0,0,0,0,0,0,1,0,0,1,0,1
17,2016-11-21,4,1,0,0,0,21,326,11,2016,1,0,0,0,0,0,0,0,0,0,0,0,0,0,0,0,0,1,0,0,1,0,1
18,2016-11-22,4,1,0,0,1,22,327,11,2016,0,1,0,0,0,0,0,0,0,0,0,0,0,0,0,0,0,1,0,0,1,0,1
19,2016-11-23,4,1,0,0,2,23,328,11,2016,0,0,1,0,0,0,0,0,0,0,0,0,0,0,0,0,0,1,0,0,1,0,1
20,2016-11-24,4,1,0,0,3,24,329,11,2016,0,0,0,1,0,0,0,0,0,0,0,0,0,0,0,0,0,1,0,0,1,0,1
21,2016-11-25,4,1,0,0,4,25,330,11,2016,0,0,0,0,1,0,0,0,0,0,0,0,0,0,0,0,0,1,0,0,1,0,1
22,2016-11-26,4,1,0,0,5,26,331,11,2016,0,0,0,0,0,1,0,0,0,0,0,0,0,0,0,0,0,1,0,0,1,0,1
23,2016-11-27,4,1,0,0,6,27,332,11,2016,0,0,0,0,0,0,1,0,0,0,0,0,0,0,0,0,0,1,0,0,1,0,1
24,2016-11-28,4,1,0,0,0,28,333,11,2016,1,0,0,0,0,0,0,0,0,0,0,0,0,0,0,0,0,1,0,0,1,0,1
25,2016-11-29,4,1,0,0,1,29,334,11,2016,0,1,0,0,0,0,0,0,0,0,0,0,0,0,0,0,0,1,0,0,1,0,1
26,2016-11-30,4,1,0,0,2,30,335,11,2016,0,0,1,0,0,0,0,0,0,0,0,0,0,0,0,0,0,1,0,0,1,0,1
27,2016-12-01,4,1,0,0,3,1,336,12,2016,0,0,0,1,0,0,0,0,0,0,0,0,0,0,0,0,0,0,1,0,1,0,1
28,2016-12-02,4,1,0,0,4,2,337,12,2016,0,0,0,0,1,0,0,0,0,0,0,0,0,0,0,0,0,0,1,0,1,0,1
29,2016-12-03,4,1,0,0,5,3,338,12,2016,0,0,0,0,0,1,0,0,0,0,0,0,0,0,0,0,0,0,1,0,1,0,1
30,2016-12-04,4,1,0,0,6,4,339,12,2016,0,0,0,0,0,0,1,0,0,0,0,0,0,0,0,0,0,0,1,0,1,0,1
0,2016-11-04,5,9,0,0,4,4,309,11,2016,0,0,0,0,1,0,0,0,0,0,0,0,0,0,0,0,0,1,0,0,1,0,1
1,2016-11-05,5,9,0,0,5,5,310,11,2016,0,0,0,0,0,1,0,0,0,0,0,0,0,0,0,0,0,1,0,0,1,0,1
2,2016-11-06,5,9,0,0,6,6,311,11,2016,0,0,0,0,0,0,1,0,0,0,0,0,0,0,0,0,0,1,0,0,1,0,1
3,2016-11-07,5,9,0,0,0,7,312,11,2016,1,0,0,0,0,0,0,0,0,0,0,0,0,0,0,0,0,1,0,0,1,0,1
4,2016-11-08,5,9,0,0,1,8,313,11,2016,0,1,0,0,0,0,0,0,0,0,0,0,0,0,0,0,0,1,0,0,1,0,1
5,2016-11-09,5,9,0,0,2,9,314,11,2016,0,0,1,0,0,0,0,0,0,0,0,0,0,0,0,0,0,1,0,0,1,0,1
6,2016-11-10,5,9,0,0,3,10,315,11,2016,0,0,0,1,0,0,0,0,0,0,0,0,0,0,0,0,0,1,0,0,1,0,1
7,2016-11-11,5,9,0,0,4,11,316,11,2016,0,0,0,0,1,0,0,0,0,0,0,0,0,0,0,0,0,1,0,0,1,0,1
8,2016-11-12,5,9,0,0,5,12,317,11,2016,0,0,0,0,0,1,0,0,0,0,0,0,0,0,0,0,0,1,0,0,1,0,1
9,2016-11-13,5,9,0,0,6,13,318,11,2016,0,0,0,0,0,0,1,0,0,0,0,0,0,0,0,0,0,1,0,0,1,0,1
10,2016-11-14,5,9,0,0,0,14,319,11,2016,1,0,0,0,0,0,0,0,0,0,0,0,0,0,0,0,0,1,0,0,1,0,1
11,2016-11-15,5,9,0,0,1,15,320,11,2016,0,1,0,0,0,0,0,0,0,0,0,0,0,0,0,0,0,1,0,0,1,0,1
12,2016-11-16,5,9,0,0,2,16,321,11,2016,0,0,1,0,0,0,0,0,0,0,0,0,0,0,0,0,0,1,0,0,1,0,1
13,2016-11-17,5,9,0,0,3,17,322,11,2016,0,0,0,1,0,0,0,0,0,0,0,0,0,0,0,0,0,1,0,0,1,0,1
14,2016-11-18,5,9,0,0,4,18,323,11,2016,0,0,0,0,1,0,0,0,0,0,0,0,0,0,0,0,0,1,0,0,1,0,1
15,2016-11-19,5,9,0,0,5,19,324,11,2016,0,0,0,0,0,1,0,0,0,0,0,0,0,0,0,0,0,1,0,0,1,0,1
16,2016-11-20,5,9,0,0,6,20,325,11,2016,0,0,0,0,0,0,1,0,0,0,0,0,0,0,0,0,0,1,0,0,1,0,1
17,2016-11-21,5,9,0,0,0,21,326,11,2016,1,0,0,0,0,0,0,0,0,0,0,0,0,0,0,0,0,1,0,0,1,0,1
18,2016-11-22,5,9,0,0,1,22,327,11,2016,0,1,0,0,0,0,0,0,0,0,0,0,0,0,0,0,0,1,0,0,1,0,1
19,2016-11-23,5,9,0,0,2,23,328,11,2016,0,0,1,0,0,0,0,0,0,0,0,0,0,0,0,0,0,1,0,0,1,0,1
20,2016-11-24,5,9,0,0,3,24,329,11,2016,0,0,0,1,0,0,0,0,0,0,0,0,0,0,0,0,0,1,0,0,1,0,1
21,2016-11-25,5,9,0,0,4,25,330,11,2016,0,0,0,0,1,0,0,0,0,0,0,0,0,0,0,0,0,1,0,0,1,0,1
22,2016-11-26,5,9,0,0,5,26,331,11,2016,0,0,0,0,0,1,0,0,0,0,0,0,0,0,0,0,0,1,0,0,1,0,1
23,2016-11-27,5,9,0,0,6,27,332,11,2016,0,0,0,0,0,0,1,0,0,0,0,0,0,0,0,0,0,1,0,0,1,0,1
24,2016-11-28,5,9,0,0,0,28,333,11,2016,1,0,0,0,0,0,0,0,0,0,0,0,0,0,0,0,0,1,0,0,1,0,1
25,2016-11-29,5,9,0,0,1,29,334,11,2016,0,1,0,0,0,0,0,0,0,0,0,0,0,0,0,0,0,1,0,0,1,0,1
26,2016-11-30,5,9,0,0,2,30,335,11,2016,0,0,1,0,0,0,0,0,0,0,0,0,0,0,0,0,0,1,0,0,1,0,1
27,2016-12-01,5,9,0,0,3,1,336,12,2016,0,0,0,1,0,0,0,0,0,0,0,0,0,0,0,0,0,0,1,0,1,0,1
28,2016-12-02,5,9,0,0,4,2,337,12,2016,0,0,0,0,1,0,0,0,0,0,0,0,0,0,0,0,0,0,1,0,1,0,1
29,2016-12-03,5,9,0,0,5,3,338,12,2016,0,0,0,0,0,1,0,0,0,0,0,0,0,0,0,0,0,0,1,0,1,0,1
30,2016-12-04,5,9,0,0,6,4,339,12,2016,0,0,0,0,0,0,1,0,0,0,0,0,0,0,0,0,0,0,1,0,1,0,1
0,2016-11-04,6,9,0,0,4,4,309,11,2016,0,0,0,0,1,0,0,0,0,0,0,0,0,0,0,0,0,1,0,0,1,0,1
1,2016-11-05,6,9,0,0,5,5,310,11,2016,0,0,0,0,0,1,0,0,0,0,0,0,0,0,0,0,0,1,0,0,1,0,1
2,2016-11-06,6,9,0,0,6,6,311,11,2016,0,0,0,0,0,0,1,0,0,0,0,0,0,0,0,0,0,1,0,0,1,0,1
3,2016-11-07,6,9,0,0,0,7,312,11,2016,1,0,0,0,0,0,0,0,0,0,0,0,0,0,0,0,0,1,0,0,1,0,1
4,2016-11-08,6,9,0,0,1,8,313,11,2016,0,1,0,0,0,0,0,0,0,0,0,0,0,0,0,0,0,1,0,0,1,0,1
5,2016-11-09,6,9,0,0,2,9,314,11,2016,0,0,1,0,0,0,0,0,0,0,0,0,0,0,0,0,0,1,0,0,1,0,1
6,2016-11-10,6,9,0,0,3,10,315,11,2016,0,0,0,1,0,0,0,0,0,0,0,0,0,0,0,0,0,1,0,0,1,0,1
7,2016-11-11,6,9,0,0,4,11,316,11,2016,0,0,0,0,1,0,0,0,0,0,0,0,0,0,0,0,0,1,0,0,1,0,1
8,2016-11-12,6,9,0,0,5,12,317,11,2016,0,0,0,0,0,1,0,0,0,0,0,0,0,0,0,0,0,1,0,0,1,0,1
9,2016-11-13,6,9,0,0,6,13,318,11,2016,0,0,0,0,0,0,1,0,0,0,0,0,0,0,0,0,0,1,0,0,1,0,1
10,2016-11-14,6,9,0,0,0,14,319,11,2016,1,0,0,0,0,0,0,0,0,0,0,0,0,0,0,0,0,1,0,0,1,0,1
11,2016-11-15,6,9,0,0,1,15,320,11,2016,0,1,0,0,0,0,0,0,0,0,0,0,0,0,0,0,0,1,0,0,1,0,1
12,2016-11-16,6,9,0,0,2,16,321,11,2016,0,0,1,0,0,0,0,0,0,0,0,0,0,0,0,0,0,1,0,0,1,0,1
13,2016-11-17,6,9,0,0,3,17,322,11,2016,0,0,0,1,0,0,0,0,0,0,0,0,0,0,0,0,0,1,0,0,1,0,1
14,2016-11-18,6,9,0,0,4,18,323,11,2016,0,0,0,0,1,0,0,0,0,0,0,0,0,0,0,0,0,1,0,0,1,0,1
15,2016-11-19,6,9,0,0,5,19,324,11,2016,0,0,0,0,0,1,0,0,0,0,0,0,0,0,0,0,0,1,0,0,1,0,1
16,2016-11-20,6,9,0,0,6,20,325,11,2016,0,0,0,0,0,0,1,0,0,0,0,0,0,0,0,0,0,1,0,0,1,0,1
17,2016-11-21,6,9,0,0,0,21,326,11,2016,1,0,0,0,0,0,0,0,0,0,0,0,0,0,0,0,0,1,0,0,1,0,1
18,2016-11-22,6,9,0,0,1,22,327,11,2016,0,1,0,0,0,0,0,0,0,0,0,0,0,0,0,0,0,1,0,0,1,0,1
19,2016-11-23,6,9,0,0,2,23,328,11,2016,0,0,1,0,0,0,0,0,0,0,0,0,0,0,0,0,0,1,0,0,1,0,1
20,2016-11-24,6,9,0,0,3,24,329,11,2016,0,0,0,1,0,0,0,0,0,0,0,0,0,0,0,0,0,1,0,0,1,0,1
21,2016-11-25,6,9,0,0,4,25,330,11,2016,0,0,0,0,1,0,0,0,0,0,0,0,0,0,0,0,0,1,0,0,1,0,1
22,2016-11-26,6,9,0,0,5,26,331,11,2016,0,0,0,0,0,1,0,0,0,0,0,0,0,0,0,0,0,1,0,0,1,0,1
23,2016-11-27,6,9,0,0,6,27,332,11,2016,0,0,0,0,0,0,1,0,0,0,0,0,0,0,0,0,0,1,0,0,1,0,1
24,2016-11-28,6,9,0,0,0,28,333,11,2016,1,0,0,0,0,0,0,0,0,0,0,0,0,0,0,0,0,1,0,0,1,0,1
25,2016-11-29,6,9,0,0,1,29,334,11,2016,0,1,0,0,0,0,0,0,0,0,0,0,0,0,0,0,0,1,0,0,1,0,1
26,2016-11-30,6,9,0,0,2,30,335,11,2016,0,0,1,0,0,0,0,0,0,0,0,0,0,0,0,0,0,1,0,0,1,0,1
27,2016-12-01,6,9,0,0,3,1,336,12,2016,0,0,0,1,0,0,0,0,0,0,0,0,0,0,0,0,0,0,1,0,1,0,1
28,2016-12-02,6,9,0,0,4,2,337,12,2016,0,0,0,0,1,0,0,0,0,0,0,0,0,0,0,0,0,0,1,0,1,0,1
29,2016-12-03,6,9,0,0,5,3,338,12,2016,0,0,0,0,0,1,0,0,0,0,0,0,0,0,0,0,0,0,1,0,1,0,1
30,2016-12-04,6,9,0,0,6,4,339,12,2016,0,0,0,0,0,0,1,0,0,0,0,0,0,0,0,0,0,0,1,0,1,0,1
0,2016-11-04,7,6,0,0,4,4,309,11,2016,0,0,0,0,1,0,0,0,0,0,0,0,0,0,0,0,0,1,0,0,1,0,1
1,2016-11-05,7,6,0,0,5,5,310,11,2016,0,0,0,0,0,1,0,0,0,0,0,0,0,0,0,0,0,1,0,0,1,0,1
2,2016-11-06,7,6,0,0,6,6,311,11,2016,0,0,0,0,0,0,1,0,0,0,0,0,0,0,0,0,0,1,0,0,1,0,1
3,2016-11-07,7,6,0,0,0,7,312,11,2016,1,0,0,0,0,0,0,0,0,0,0,0,0,0,0,0,0,1,0,0,1,0,1
4,2016-11-08,7,6,0,0,1,8,313,11,2016,0,1,0,0,0,0,0,0,0,0,0,0,0,0,0,0,0,1,0,0,1,0,1
5,2016-11-09,7,6,0,0,2,9,314,11,2016,0,0,1,0,0,0,0,0,0,0,0,0,0,0,0,0,0,1,0,0,1,0,1
6,2016-11-10,7,6,0,0,3,10,315,11,2016,0,0,0,1,0,0,0,0,0,0,0,0,0,0,0,0,0,1,0,0,1,0,1
7,2016-11-11,7,6,0,0,4,11,316,11,2016,0,0,0,0,1,0,0,0,0,0,0,0,0,0,0,0,0,1,0,0,1,0,1
8,2016-11-12,7,6,0,0,5,12,317,11,2016,0,0,0,0,0,1,0,0,0,0,0,0,0,0,0,0,0,1,0,0,1,0,1
9,2016-11-13,7,6,0,0,6,13,318,11,2016,0,0,0,0,0,0,1,0,0,0,0,0,0,0,0,0,0,1,0,0,1,0,1
10,2016-11-14,7,6,0,0,0,14,319,11,2016,1,0,0,0,0,0,0,0,0,0,0,0,0,0,0,0,0,1,0,0,1,0,1
11,2016-11-15,7,6,0,0,1,15,320,11,2016,0,1,0,0,0,0,0,0,0,0,0,0,0,0,0,0,0,1,0,0,1,0,1
12,2016-11-16,7,6,0,0,2,16,321,11,2016,0,0,1,0,0,0,0,0,0,0,0,0,0,0,0,0,0,1,0,0,1,0,1
13,2016-11-17,7,6,0,0,3,17,322,11,2016,0,0,0,1,0,0,0,0,0,0,0,0,0,0,0,0,0,1,0,0,1,0,1
14,2016-11-18,7,6,0,0,4,18,323,11,2016,0,0,0,0,1,0,0,0,0,0,0,0,0,0,0,0,0,1,0,0,1,0,1
15,2016-11-19,7,6,0,0,5,19,324,11,2016,0,0,0,0,0,1,0,0,0,0,0,0,0,0,0,0,0,1,0,0,1,0,1
16,2016-11-20,7,6,0,0,6,20,325,11,2016,0,0,0,0,0,0,1,0,0,0,0,0,0,0,0,0,0,1,0,0,1,0,1
17,2016-11-21,7,6,0,0,0,21,326,11,2016,1,0,0,0,0,0,0,0,0,0,0,0,0,0,0,0,0,1,0,0,1,0,1
18,2016-11-22,7,6,0,0,1,22,327,11,2016,0,1,0,0,0,0,0,0,0,0,0,0,0,0,0,0,0,1,0,0,1,0,1
19,2016-11-23,7,6,0,0,2,23,328,11,2016,0,0,1,0,0,0,0,0,0,0,0,0,0,0,0,0,0,1,0,0,1,0,1
20,2016-11-24,7,6,0,0,3,24,329,11,2016,0,0,0,1,0,0,0,0,0,0,0,0,0,0,0,0,0,1,0,0,1,0,1
21,2016-11-25,7,6,0,0,4,25,330,11,2016,0,0,0,0,1,0,0,0,0,0,0,0,0,0,0,0,0,1,0,0,1,0,1
22,2016-11-26,7,6,0,0,5,26,331,11,2016,0,0,0,0,0,1,0,0,0,0,0,0,0,0,0,0,0,1,0,0,1,0,1
23,2016-11-27,7,6,0,0,6,27,332,11,2016,0,0,0,0,0,0,1,0,0,0,0,0,0,0,0,0,0,1,0,0,1,0,1
24,2016-11-28,7,6,0,0,0,28,333,11,2016,1,0,0,0,0,0,0,0,0,0,0,0,0,0,0,0,0,1,0,0,1,0,1
25,2016-11-29,7,6,0,0,1,29,334,11,2016,0,1,0,0,0,0,0,0,0,0,0,0,0,0,0,0,0,1,0,0,1,0,1
26,2016-11-30,7,6,0,0,2,30,335,11,2016,0,0,1,0,0,0,0,0,0,0,0,0,0,0,0,0,0,1,0,0,1,0,1
27,2016-12-01,7,6,0,0,3,1,336,12,2016,0,0,0,1,0,0,0,0,0,0,0,0,0,0,0,0,0,0,1,0,1,0,1
28,2016-12-02,7,6,0,0,4,2,337,12,2016,0,0,0,0,1,0,0,0,0,0,0,0,0,0,0,0,0,0,1,0,1,0,1
29,2016-12-03,7,6,0,0,5,3,338,12,2016,0,0,0,0,0,1,0,0,0,0,0,0,0,0,0,0,0,0,1,0,1,0,1
30,2016-12-04,7,6,0,0,6,4,339,12,2016,0,0,0,0,0,0,1,0,0,0,0,0,0,0,0,0,0,0,1,0,1,0,1
0,2016-11-04,8,2,0,0,4,4,309,11,2016,0,0,0,0,1,0,0,0,0,0,0,0,0,0,0,0,0,1,0,0,1,0,1
1,2016-11-05,8,2,0,0,5,5,310,11,2016,0,0,0,0,0,1,0,0,0,0,0,0,0,0,0,0,0,1,0,0,1,0,1
2,2016-11-06,8,2,0,0,6,6,311,11,2016,0,0,0,0,0,0,1,0,0,0,0,0,0,0,0,0,0,1,0,0,1,0,1
3,2016-11-07,8,2,0,0,0,7,312,11,2016,1,0,0,0,0,0,0,0,0,0,0,0,0,0,0,0,0,1,0,0,1,0,1
4,2016-11-08,8,2,0,0,1,8,313,11,2016,0,1,0,0,0,0,0,0,0,0,0,0,0,0,0,0,0,1,0,0,1,0,1
5,2016-11-09,8,2,0,0,2,9,314,11,2016,0,0,1,0,0,0,0,0,0,0,0,0,0,0,0,0,0,1,0,0,1,0,1
6,2016-11-10,8,2,0,0,3,10,315,11,2016,0,0,0,1,0,0,0,0,0,0,0,0,0,0,0,0,0,1,0,0,1,0,1
7,2016-11-11,8,2,0,0,4,11,316,11,2016,0,0,0,0,1,0,0,0,0,0,0,0,0,0,0,0,0,1,0,0,1,0,1
8,2016-11-12,8,2,0,0,5,12,317,11,2016,0,0,0,0,0,1,0,0,0,0,0,0,0,0,0,0,0,1,0,0,1,0,1
9,2016-11-13,8,2,0,0,6,13,318,11,2016,0,0,0,0,0,0,1,0,0,0,0,0,0,0,0,0,0,1,0,0,1,0,1
10,2016-11-14,8,2,0,0,0,14,319,11,2016,1,0,0,0,0,0,0,0,0,0,0,0,0,0,0,0,0,1,0,0,1,0,1
11,2016-11-15,8,2,0,0,1,15,320,11,2016,0,1,0,0,0,0,0,0,0,0,0,0,0,0,0,0,0,1,0,0,1,0,1
12,2016-11-16,8,2,0,0,2,16,321,11,2016,0,0,1,0,0,0,0,0,0,0,0,0,0,0,0,0,0,1,0,0,1,0,1
13,2016-11-17,8,2,0,0,3,17,322,11,2016,0,0,0,1,0,0,0,0,0,0,0,0,0,0,0,0,0,1,0,0,1,0,1
14,2016-11-18,8,2,0,0,4,18,323,11,2016,0,0,0,0,1,0,0,0,0,0,0,0,0,0,0,0,0,1,0,0,1,0,1
15,2016-11-19,8,2,0,0,5,19,324,11,2016,0,0,0,0,0,1,0,0,0,0,0,0,0,0,0,0,0,1,0,0,1,0,1
16,2016-11-20,8,2,0,0,6,20,325,11,2016,0,0,0,0,0,0,1,0,0,0,0,0,0,0,0,0,0,1,0,0,1,0,1
17,2016-11-21,8,2,0,0,0,21,326,11,2016,1,0,0,0,0,0,0,0,0,0,0,0,0,0,0,0,0,1,0,0,1,0,1
18,2016-11-22,8,2,0,0,1,22,327,11,2016,0,1,0,0,0,0,0,0,0,0,0,0,0,0,0,0,0,1,0,0,1,0,1
19,2016-11-23,8,2,0,0,2,23,328,11,2016,0,0,1,0,0,0,0,0,0,0,0,0,0,0,0,0,0,1,0,0,1,0,1
20,2016-11-24,8,2,0,0,3,24,329,11,2016,0,0,0,1,0,0,0,0,0,0,0,0,0,0,0,0,0,1,0,0,1,0,1
21,2016-11-25,8,2,0,0,4,25,330,11,2016,0,0,0,0,1,0,0,0,0,0,0,0,0,0,0,0,0,1,0,0,1,0,1
22,2016-11-26,8,2,0,0,5,26,331,11,2016,0,0,0,0,0,1,0,0,0,0,0,0,0,0,0,0,0,1,0,0,1,0,1
23,2016-11-27,8,2,0,0,6,27,332,11,2016,0,0,0,0,0,0,1,0,0,0,0,0,0,0,0,0,0,1,0,0,1,0,1
24,2016-11-28,8,2,0,0,0,28,333,11,2016,1,0,0,0,0,0,0,0,0,0,0,0,0,0,0,0,0,1,0,0,1,0,1
25,2016-11-29,8,2,0,0,1,29,334,11,2016,0,1,0,0,0,0,0,0,0,0,0,0,0,0,0,0,0,1,0,0,1,0,1
26,2016-11-30,8,2,0,0,2,30,335,11,2016,0,0,1,0,0,0,0,0,0,0,0,0,0,0,0,0,0,1,0,0,1,0,1
27,2016-12-01,8,2,0,0,3,1,336,12,2016,0,0,0,1,0,0,0,0,0,0,0,0,0,0,0,0,0,0,1,0,1,0,1
28,2016-12-02,8,2,0,0,4,2,337,12,2016,0,0,0,0,1,0,0,0,0,0,0,0,0,0,0,0,0,0,1,0,1,0,1
29,2016-12-03,8,2,0,0,5,3,338,12,2016,0,0,0,0,0,1,0,0,0,0,0,0,0,0,0,0,0,0,1,0,1,0,1
30,2016-12-04,8,2,0,0,6,4,339,12,2016,0,0,0,0,0,0,1,0,0,0,0,0,0,0,0,0,0,0,1,0,1,0,1
0,2016-11-04,9,8,0,0,4,4,309,11,2016,0,0,0,0,1,0,0,0,0,0,0,0,0,0,0,0,0,1,0,0,1,0,1
1,2016-11-05,9,8,0,0,5,5,310,11,2016,0,0,0,0,0,1,0,0,0,0,0,0,0,0,0,0,0,1,0,0,1,0,1
2,2016-11-06,9,8,0,0,6,6,311,11,2016,0,0,0,0,0,0,1,0,0,0,0,0,0,0,0,0,0,1,0,0,1,0,1
3,2016-11-07,9,8,0,0,0,7,312,11,2016,1,0,0,0,0,0,0,0,0,0,0,0,0,0,0,0,0,1,0,0,1,0,1
4,2016-11-08,9,8,0,0,1,8,313,11,2016,0,1,0,0,0,0,0,0,0,0,0,0,0,0,0,0,0,1,0,0,1,0,1
5,2016-11-09,9,8,0,0,2,9,314,11,2016,0,0,1,0,0,0,0,0,0,0,0,0,0,0,0,0,0,1,0,0,1,0,1
6,2016-11-10,9,8,0,0,3,10,315,11,2016,0,0,0,1,0,0,0,0,0,0,0,0,0,0,0,0,0,1,0,0,1,0,1
7,2016-11-11,9,8,0,0,4,11,316,11,2016,0,0,0,0,1,0,0,0,0,0,0,0,0,0,0,0,0,1,0,0,1,0,1
8,2016-11-12,9,8,0,0,5,12,317,11,2016,0,0,0,0,0,1,0,0,0,0,0,0,0,0,0,0,0,1,0,0,1,0,1
9,2016-11-13,9,8,0,0,6,13,318,11,2016,0,0,0,0,0,0,1,0,0,0,0,0,0,0,0,0,0,1,0,0,1,0,1
10,2016-11-14,9,8,0,0,0,14,319,11,2016,1,0,0,0,0,0,0,0,0,0,0,0,0,0,0,0,0,1,0,0,1,0,1
11,2016-11-15,9,8,0,0,1,15,320,11,2016,0,1,0,0,0,0,0,0,0,0,0,0,0,0,0,0,0,1,0,0,1,0,1
12,2016-11-16,9,8,0,0,2,16,321,11,2016,0,0,1,0,0,0,0,0,0,0,0,0,0,0,0,0,0,1,0,0,1,0,1
13,2016-11-17,9,8,0,0,3,17,322,11,2016,0,0,0,1,0,0,0,0,0,0,0,0,0,0,0,0,0,1,0,0,1,0,1
14,2016-11-18,9,8,0,0,4,18,323,11,2016,0,0,0,0,1,0,0,0,0,0,0,0,0,0,0,0,0,1,0,0,1,0,1
15,2016-11-19,9,8,0,0,5,19,324,11,2016,0,0,0,0,0,1,0,0,0,0,0,0,0,0,0,0,0,1,0,0,1,0,1
16,2016-11-20,9,8,0,0,6,20,325,11,2016,0,0,0,0,0,0,1,0,0,0,0,0,0,0,0,0,0,1,0,0,1,0,1
17,2016-11-21,9,8,0,0,0,21,326,11,2016,1,0,0,0,0,0,0,0,0,0,0,0,0,0,0,0,0,1,0,0,1,0,1
18,2016-11-22,9,8,0,0,1,22,327,11,2016,0,1,0,0,0,0,0,0,0,0,0,0,0,0,0,0,0,1,0,0,1,0,1
19,2016-11-23,9,8,0,0,2,23,328,11,2016,0,0,1,0,0,0,0,0,0,0,0,0,0,0,0,0,0,1,0,0,1,0,1
20,2016-11-24,9,8,0,0,3,24,329,11,2016,0,0,0,1,0,0,0,0,0,0,0,0,0,0,0,0,0,1,0,0,1,0,1
21,2016-11-25,9,8,0,0,4,25,330,11,2016,0,0,0,0,1,0,0,0,0,0,0,0,0,0,0,0,0,1,0,0,1,0,1
22,2016-11-26,9,8,0,0,5,26,331,11,2016,0,0,0,0,0,1,0,0,0,0,0,0,0,0,0,0,0,1,0,0,1,0,1
23,2016-11-27,9,8,0,0,6,27,332,11,2016,0,0,0,0,0,0,1,0,0,0,0,0,0,0,0,0,0,1,0,0,1,0,1
24,2016-11-28,9,8,0,0,0,28,333,11,2016,1,0,0,0,0,0,0,0,0,0,0,0,0,0,0,0,0,1,0,0,1,0,1
25,2016-11-29,9,8,0,0,1,29,334,11,2016,0,1,0,0,0,0,0,0,0,0,0,0,0,0,0,0,0,1,0,0,1,0,1
26,2016-11-30,9,8,0,0,2,30,335,11,2016,0,0,1,0,0,0,0,0,0,0,0,0,0,0,0,0,0,1,0,0,1,0,1
27,2016-12-01,9,8,0,0,3,1,336,12,2016,0,0,0,1,0,0,0,0,0,0,0,0,0,0,0,0,0,0,1,0,1,0,1
28,2016-12-02,9,8,0,0,4,2,337,12,2016,0,0,0,0,1,0,0,0,0,0,0,0,0,0,0,0,0,0,1,0,1,0,1
29,2016-12-03,9,8,0,0,5,3,338,12,2016,0,0,0,0,0,1,0,0,0,0,0,0,0,0,0,0,0,0,1,0,1,0,1
30,2016-12-04,9,8,0,0,6,4,339,12,2016,0,0,0,0,0,0,1,0,0,0,0,0,0,0,0,0,0,0,1,0,1,0,1
0,2016-11-04,10,1,1,0,4,4,309,11,2016,0,0,0,0,1,0,0,0,0,0,0,0,0,0,0,0,0,1,0,0,1,1,0
1,2016-11-05,10,1,1,0,5,5,310,11,2016,0,0,0,0,0,1,0,0,0,0,0,0,0,0,0,0,0,1,0,0,1,1,0
2,2016-11-06,10,1,1,0,6,6,311,11,2016,0,0,0,0,0,0,1,0,0,0,0,0,0,0,0,0,0,1,0,0,1,1,0
3,2016-11-07,10,1,1,0,0,7,312,11,2016,1,0,0,0,0,0,0,0,0,0,0,0,0,0,0,0,0,1,0,0,1,1,0
4,2016-11-08,10,1,1,0,1,8,313,11,2016,0,1,0,0,0,0,0,0,0,0,0,0,0,0,0,0,0,1,0,0,1,1,0
5,2016-11-09,10,1,1,0,2,9,314,11,2016,0,0,1,0,0,0,0,0,0,0,0,0,0,0,0,0,0,1,0,0,1,1,0
6,2016-11-10,10,1,1,0,3,10,315,11,2016,0,0,0,1,0,0,0,0,0,0,0,0,0,0,0,0,0,1,0,0,1,1,0
7,2016-11-11,10,1,1,0,4,11,316,11,2016,0,0,0,0,1,0,0,0,0,0,0,0,0,0,0,0,0,1,0,0,1,1,0
8,2016-11-12,10,1,1,0,5,12,317,11,2016,0,0,0,0,0,1,0,0,0,0,0,0,0,0,0,0,0,1,0,0,1,1,0
9,2016-11-13,10,1,1,0,6,13,318,11,2016,0,0,0,0,0,0,1,0,0,0,0,0,0,0,0,0,0,1,0,0,1,1,0
10,2016-11-14,10,1,1,0,0,14,319,11,2016,1,0,0,0,0,0,0,0,0,0,0,0,0,0,0,0,0,1,0,0,1,1,0
11,2016-11-15,10,1,1,0,1,15,320,11,2016,0,1,0,0,0,0,0,0,0,0,0,0,0,0,0,0,0,1,0,0,1,1,0
12,2016-11-16,10,1,1,0,2,16,321,11,2016,0,0,1,0,0,0,0,0,0,0,0,0,0,0,0,0,0,1,0,0,1,1,0
13,2016-11-17,10,1,0,0,3,17,322,11,2016,0,0,0,1,0,0,0,0,0,0,0,0,0,0,0,0,0,1,0,0,1,0,1
14,2016-11-18,10,1,0,0,4,18,323,11,2016,0,0,0,0,1,0,0,0,0,0,0,0,0,0,0,0,0,1,0,0,1,0,1
15,2016-11-19,10,1,0,0,5,19,324,11,2016,0,0,0,0,0,1,0,0,0,0,0,0,0,0,0,0,0,1,0,0,1,0,1
16,2016-11-20,10,1,0,0,6,20,325,11,2016,0,0,0,0,0,0,1,0,0,0,0,0,0,0,0,0,0,1,0,0,1,0,1
17,2016-11-21,10,1,0,0,0,21,326,11,2016,1,0,0,0,0,0,0,0,0,0,0,0,0,0,0,0,0,1,0,0,1,0,1
18,2016-11-22,10,1,0,0,1,22,327,11,2016,0,1,0,0,0,0,0,0,0,0,0,0,0,0,0,0,0,1,0,0,1,0,1
19,2016-11-23,10,1,0,0,2,23,328,11,2016,0,0,1,0,0,0,0,0,0,0,0,0,0,0,0,0,0,1,0,0,1,0,1
20,2016-11-24,10,1,0,0,3,24,329,11,2016,0,0,0,1,0,0,0,0,0,0,0,0,0,0,0,0,0,1,0,0,1,0,1
21,2016-11-25,10,1,0,0,4,25,330,11,2016,0,0,0,0,1,0,0,0,0,0,0,0,0,0,0,0,0,1,0,0,1,0,1
22,2016-11-26,10,1,0,0,5,26,331,11,2016,0,0,0,0,0,1,0,0,0,0,0,0,0,0,0,0,0,1,0,0,1,0,1
23,2016-11-27,10,1,0,0,6,27,332,11,2016,0,0,0,0,0,0,1,0,0,0,0,0,0,0,0,0,0,1,0,0,1,0,1
24,2016-11-28,10,1,0,0,0,28,333,11,2016,1,0,0,0,0,0,0,0,0,0,0,0,0,0,0,0,0,1,0,0,1,0,1
25,2016-11-29,10,1,0,0,1,29,334,11,2016,0,1,0,0,0,0,0,0,0,0,0,0,0,0,0,0,0,1,0,0,1,0,1
26,2016-11-30,10,1,0,0,2,30,335,11,2016,0,0,1,0,0,0,0,0,0,0,0,0,0,0,0,0,0,1,0,0,1,0,1
27,2016-12-01,10,1,0,0,3,1,336,12,2016,0,0,0,1,0,0,0,0,0,0,0,0,0,0,0,0,0,0,1,0,1,0,1
28,2016-12-02,10,1,0,0,4,2,337,12,2016,0,0,0,0,1,0,0,0,0,0,0,0,0,0,0,0,0,0,1,0,1,0,1
29,2016-12-03,10,1,0,0,5,3,338,12,2016,0,0,0,0,0,1,0,0,0,0,0,0,0,0,0,0,0,0,1,0,1,0,1
30,2016-12-04,10,1,0,0,6,4,339,12,2016,0,0,0,0,0,0,1,0,0,0,0,0,0,0,0,0,0,0,1,0,1,0,1
0,2016-11-04,11,6,0,0,4,4,309,11,2016,0,0,0,0,1,0,0,0,0,0,0,0,0,0,0,0,0,1,0,0,1,0,1
1,2016-11-05,11,6,0,0,5,5,310,11,2016,0,0,0,0,0,1,0,0,0,0,0,0,0,0,0,0,0,1,0,0,1,0,1
2,2016-11-06,11,6,0,0,6,6,311,11,2016,0,0,0,0,0,0,1,0,0,0,0,0,0,0,0,0,0,1,0,0,1,0,1
3,2016-11-07,11,6,0,0,0,7,312,11,2016,1,0,0,0,0,0,0,0,0,0,0,0,0,0,0,0,0,1,0,0,1,0,1
4,2016-11-08,11,6,0,0,1,8,313,11,2016,0,1,0,0,0,0,0,0,0,0,0,0,0,0,0,0,0,1,0,0,1,0,1
5,2016-11-09,11,6,0,0,2,9,314,11,2016,0,0,1,0,0,0,0,0,0,0,0,0,0,0,0,0,0,1,0,0,1,0,1
6,2016-11-10,11,6,0,0,3,10,315,11,2016,0,0,0,1,0,0,0,0,0,0,0,0,0,0,0,0,0,1,0,0,1,0,1
7,2016-11-11,11,6,0,0,4,11,316,11,2016,0,0,0,0,1,0,0,0,0,0,0,0,0,0,0,0,0,1,0,0,1,0,1
8,2016-11-12,11,6,0,0,5,12,317,11,2016,0,0,0,0,0,1,0,0,0,0,0,0,0,0,0,0,0,1,0,0,1,0,1
9,2016-11-13,11,6,0,0,6,13,318,11,2016,0,0,0,0,0,0,1,0,0,0,0,0,0,0,0,0,0,1,0,0,1,0,1
10,2016-11-14,11,6,0,0,0,14,319,11,2016,1,0,0,0,0,0,0,0,0,0,0,0,0,0,0,0,0,1,0,0,1,0,1
11,2016-11-15,11,6,0,0,1,15,320,11,2016,0,1,0,0,0,0,0,0,0,0,0,0,0,0,0,0,0,1,0,0,1,0,1
12,2016-11-16,11,6,0,0,2,16,321,11,2016,0,0,1,0,0,0,0,0,0,0,0,0,0,0,0,0,0,1,0,0,1,0,1
13,2016-11-17,11,6,0,0,3,17,322,11,2016,0,0,0,1,0,0,0,0,0,0,0,0,0,0,0,0,0,1,0,0,1,0,1
14,2016-11-18,11,6,0,0,4,18,323,11,2016,0,0,0,0,1,0,0,0,0,0,0,0,0,0,0,0,0,1,0,0,1,0,1
15,2016-11-19,11,6,0,0,5,19,324,11,2016,0,0,0,0,0,1,0,0,0,0,0,0,0,0,0,0,0,1,0,0,1,0,1
16,2016-11-20,11,6,0,0,6,20,325,11,2016,0,0,0,0,0,0,1,0,0,0,0,0,0,0,0,0,0,1,0,0,1,0,1
17,2016-11-21,11,6,0,0,0,21,326,11,2016,1,0,0,0,0,0,0,0,0,0,0,0,0,0,0,0,0,1,0,0,1,0,1
18,2016-11-22,11,6,0,0,1,22,327,11,2016,0,1,0,0,0,0,0,0,0,0,0,0,0,0,0,0,0,1,0,0,1,0,1
19,2016-11-23,11,6,0,0,2,23,328,11,2016,0,0,1,0,0,0,0,0,0,0,0,0,0,0,0,0,0,1,0,0,1,0,1
20,2016-11-24,11,6,0,0,3,24,329,11,2016,0,0,0,1,0,0,0,0,0,0,0,0,0,0,0,0,0,1,0,0,1,0,1
21,2016-11-25,11,6,0,0,4,25,330,11,2016,0,0,0,0,1,0,0,0,0,0,0,0,0,0,0,0,0,1,0,0,1,0,1
22,2016-11-26,11,6,0,0,5,26,331,11,2016,0,0,0,0,0,1,0,0,0,0,0,0,0,0,0,0,0,1,0,0,1,0,1
23,2016-11-27,11,6,0,0,6,27,332,11,2016,0,0,0,0,0,0,1,0,0,0,0,0,0,0,0,0,0,1,0,0,1,0,1
24,2016-11-28,11,6,0,0,0,28,333,11,2016,1,0,0,0,0,0,0,0,0,0,0,0,0,0,0,0,0,1,0,0,1,0,1
25,2016-11-29,11,6,0,0,1,29,334,11,2016,0,1,0,0,0,0,0,0,0,0,0,0,0,0,0,0,0,1,0,0,1,0,1
26,2016-11-30,11,6,0,0,2,30,335,11,2016,0,0,1,0,0,0,0,0,0,0,0,0,0,0,0,0,0,1,0,0,1,0,1
27,2016-12-01,11,6,0,0,3,1,336,12,2016,0,0,0,1,0,0,0,0,0,0,0,0,0,0,0,0,0,0,1,0,1,0,1
28,2016-12-02,11,6,0,0,4,2,337,12,2016,0,0,0,0,1,0,0,0,0,0,0,0,0,0,0,0,0,0,1,0,1,0,1
29,2016-12-03,11,6,0,0,5,3,338,12,2016,0,0,0,0,0,1,0,0,0,0,0,0,0,0,0,0,0,0,1,0,1,0,1
30,2016-12-04,11,6,0,0,6,4,339,12,2016,0,0,0,0,0,0,1,0,0,0,0,0,0,0,0,0,0,0,1,0,1,0,1
0,2016-11-04,12,0,1,0,4,4,309,11,2016,0,0,0,0,1,0,0,0,0,0,0,0,0,0,0,0,0,1,0,0,1,1,0
1,2016-11-05,12,0,0,0,5,5,310,11,2016,0,0,0,0,0,1,0,0,0,0,0,0,0,0,0,0,0,1,0,0,1,0,1
2,2016-11-06,12,0,0,0,6,6,311,11,2016,0,0,0,0,0,0,1,0,0,0,0,0,0,0,0,0,0,1,0,0,1,0,1
3,2016-11-07,12,0,0,0,0,7,312,11,2016,1,0,0,0,0,0,0,0,0,0,0,0,0,0,0,0,0,1,0,0,1,0,1
4,2016-11-08,12,0,0,0,1,8,313,11,2016,0,1,0,0,0,0,0,0,0,0,0,0,0,0,0,0,0,1,0,0,1,0,1
5,2016-11-09,12,0,0,0,2,9,314,11,2016,0,0,1,0,0,0,0,0,0,0,0,0,0,0,0,0,0,1,0,0,1,0,1
6,2016-11-10,12,0,0,0,3,10,315,11,2016,0,0,0,1,0,0,0,0,0,0,0,0,0,0,0,0,0,1,0,0,1,0,1
7,2016-11-11,12,0,0,0,4,11,316,11,2016,0,0,0,0,1,0,0,0,0,0,0,0,0,0,0,0,0,1,0,0,1,0,1
8,2016-11-12,12,0,0,0,5,12,317,11,2016,0,0,0,0,0,1,0,0,0,0,0,0,0,0,0,0,0,1,0,0,1,0,1
9,2016-11-13,12,0,0,0,6,13,318,11,2016,0,0,0,0,0,0,1,0,0,0,0,0,0,0,0,0,0,1,0,0,1,0,1
10,2016-11-14,12,0,0,0,0,14,319,11,2016,1,0,0,0,0,0,0,0,0,0,0,0,0,0,0,0,0,1,0,0,1,0,1
11,2016-11-15,12,0,0,0,1,15,320,11,2016,0,1,0,0,0,0,0,0,0,0,0,0,0,0,0,0,0,1,0,0,1,0,1
12,2016-11-16,12,0,0,0,2,16,321,11,2016,0,0,1,0,0,0,0,0,0,0,0,0,0,0,0,0,0,1,0,0,1,0,1
13,2016-11-17,12,0,0,0,3,17,322,11,2016,0,0,0,1,0,0,0,0,0,0,0,0,0,0,0,0,0,1,0,0,1,0,1
14,2016-11-18,12,0,0,0,4,18,323,11,2016,0,0,0,0,1,0,0,0,0,0,0,0,0,0,0,0,0,1,0,0,1,0,1
15,2016-11-19,12,0,0,0,5,19,324,11,2016,0,0,0,0,0,1,0,0,0,0,0,0,0,0,0,0,0,1,0,0,1,0,1
16,2016-11-20,12,0,0,0,6,20,325,11,2016,0,0,0,0,0,0,1,0,0,0,0,0,0,0,0,0,0,1,0,0,1,0,1
17,2016-11-21,12,0,0,0,0,21,326,11,2016,1,0,0,0,0,0,0,0,0,0,0,0,0,0,0,0,0,1,0,0,1,0,1
18,2016-11-22,12,0,0,0,1,22,327,11,2016,0,1,0,0,0,0,0,0,0,0,0,0,0,0,0,0,0,1,0,0,1,0,1
19,2016-11-23,12,0,0,0,2,23,328,11,2016,0,0,1,0,0,0,0,0,0,0,0,0,0,0,0,0,0,1,0,0,1,0,1
20,2016-11-24,12,0,0,0,3,24,329,11,2016,0,0,0,1,0,0,0,0,0,0,0,0,0,0,0,0,0,1,0,0,1,0,1
21,2016-11-25,12,0,0,0,4,25,330,11,2016,0,0,0,0,1,0,0,0,0,0,0,0,0,0,0,0,0,1,0,0,1,0,1
22,2016-11-26,12,0,0,0,5,26,331,11,2016,0,0,0,0,0,1,0,0,0,0,0,0,0,0,0,0,0,1,0,0,1,0,1
23,2016-11-27,12,0,0,0,6,27,332,11,2016,0,0,0,0,0,0,1,0,0,0,0,0,0,0,0,0,0,1,0,0,1,0,1
24,2016-11-28,12,0,0,0,0,28,333,11,2016,1,0,0,0,0,0,0,0,0,0,0,0,0,0,0,0,0,1,0,0,1,0,1
25,2016-11-29,12,0,0,0,1,29,334,11,2016,0,1,0,0,0,0,0,0,0,0,0,0,0,0,0,0,0,1,0,0,1,0,1
26,2016-11-30,12,0,0,0,2,30,335,11,2016,0,0,1,0,0,0,0,0,0,0,0,0,0,0,0,0,0,1,0,0,1,0,1
27,2016-12-01,12,0,0,0,3,1,336,12,2016,0,0,0,1,0,0,0,0,0,0,0,0,0,0,0,0,0,0,1,0,1,0,1
28,2016-12-02,12,0,0,0,4,2,337,12,2016,0,0,0,0,1,0,0,0,0,0,0,0,0,0,0,0,0,0,1,0,1,0,1
29,2016-12-03,12,0,0,0,5,3,338,12,2016,0,0,0,0,0,1,0,0,0,0,0,0,0,0,0,0,0,0,1,0,1,0,1
30,2016-12-04,12,0,0,0,6,4,339,12,2016,0,0,0,0,0,0,1,0,0,0,0,0,0,0,0,0,0,0,1,0,1,0,1
