,index,date,idbldsite,region_id,is_school_holiday,is_public_holiday,day_of_week,day_of_month,day_of_year,month,year,day_0,day_1,day_2,day_3,day_4,day_5,day_6,month_1,month_2,month_3,month_4,month_5,month_6,month_7,month_8,month_9,month_10,month_11,month_12,public_holiday,not_public_holiday,school_holiday,not_school_holiday,cloudamount,mintemperature,maxtemperature,weathersituation,cloudamount_reg,mintemperature_reg,maxtemperature_reg,weathersituation_reg
0,0,2016-11-06,13.0,0.0,0.0,0,6,6,311,11,2016,0,0,0,0,0,0,1,0,0,0,0,0,0,0,0,0,0,1,0,0,1,1,0,0.0,11.0,14.7,1.0,-1.01415525675,-0.531302497651,-0.929670329939,-0.678316126456
1,1,2016-11-07,13.0,0.0,0.0,0,0,7,312,11,2016,1,0,0,0,0,0,0,0,0,0,0,0,0,0,0,0,0,1,0,0,1,1,0,0.0,4.0,12.5,0.0,-1.01415525675,-1.45507733212,-1.22339659457,-0.708182105958
2,2,2016-11-08,13.0,0.0,0.0,0,1,8,313,11,2016,0,1,0,0,0,0,0,0,0,0,0,0,0,0,0,0,0,1,0,0,1,1,0,0.0,8.5,18.9,0.0,-1.01415525675,-0.861222081388,-0.368920188374,-0.708182105958
3,3,2016-11-09,13.0,0.0,0.0,0,2,9,314,11,2016,0,0,1,0,0,0,0,0,0,0,0,0,0,0,0,0,0,1,0,0,1,1,0,2.0,9.6,12.4,3.0,-0.31085757523,-0.716057464544,-1.23674778841,-0.618584167451
4,4,2016-11-10,13.0,0.0,0.0,0,3,10,315,11,2016,0,0,0,1,0,0,0,0,0,0,0,0,0,0,0,0,0,1,0,0,1,1,0,2.0,6.3,13.8,6.0,-0.31085757523,-1.15155131508,-1.04983107456,-0.528986228944
5,5,2016-11-11,13.0,0.0,0.0,0,4,11,316,11,2016,0,0,0,0,1,0,0,0,0,0,0,0,0,0,0,0,0,1,0,0,1,1,0,0.0,9.2,14.9,0.0,-1.01415525675,-0.768844597942,-0.902967942245,-0.708182105958
6,6,2016-11-12,13.0,0.0,0.0,0,5,12,317,11,2016,0,0,0,0,0,1,0,0,0,0,0,0,0,0,0,0,0,1,0,0,1,1,0,0.0,4.1,9.8,1.0,-1.01415525675,-1.44188054877,-1.58387882843,-0.678316126456
7,7,2016-11-13,13.0,0.0,0.0,0,6,13,318,11,2016,0,0,0,0,0,0,1,0,0,0,0,0,0,0,0,0,0,1,0,0,1,1,0,1.0,4.1,9.5,2.0,-0.662506415989,-1.44188054877,-1.62393240997,-0.648450146953
8,8,2016-11-14,13.0,0.0,0.0,0,0,14,319,11,2016,1,0,0,0,0,0,0,0,0,0,0,0,0,0,0,0,0,1,0,0,1,1,0,0.0,0.0,0.0,0.0,0.0,0.0,0.0,0.0
9,9,2016-11-15,13.0,0.0,0.0,0,1,15,320,11,2016,0,1,0,0,0,0,0,0,0,0,0,0,0,0,0,0,0,1,0,0,1,1,0,0.0,0.0,0.0,0.0,0.0,0.0,0.0,0.0
10,10,2016-11-16,13.0,0.0,0.0,0,2,16,321,11,2016,0,0,1,0,0,0,0,0,0,0,0,0,0,0,0,0,0,1,0,0,1,1,0,0.0,0.0,0.0,0.0,0.0,0.0,0.0,0.0
11,11,2016-11-17,13.0,0.0,0.0,0,3,17,322,11,2016,0,0,0,1,0,0,0,0,0,0,0,0,0,0,0,0,0,1,0,0,1,1,0,0.0,0.0,0.0,0.0,0.0,0.0,0.0,0.0
12,12,2016-11-18,13.0,0.0,0.0,0,4,18,323,11,2016,0,0,0,0,1,0,0,0,0,0,0,0,0,0,0,0,0,1,0,0,1,1,0,0.0,0.0,0.0,0.0,0.0,0.0,0.0,0.0
13,13,2016-11-19,13.0,0.0,0.0,0,5,19,324,11,2016,0,0,0,0,0,1,0,0,0,0,0,0,0,0,0,0,0,1,0,0,1,1,0,0.0,0.0,0.0,0.0,0.0,0.0,0.0,0.0
14,14,2016-11-20,13.0,0.0,0.0,0,6,20,325,11,2016,0,0,0,0,0,0,1,0,0,0,0,0,0,0,0,0,0,1,0,0,1,1,0,0.0,0.0,0.0,0.0,0.0,0.0,0.0,0.0
15,15,2016-11-21,13.0,0.0,0.0,0,0,21,326,11,2016,1,0,0,0,0,0,0,0,0,0,0,0,0,0,0,0,0,1,0,0,1,1,0,0.0,0.0,0.0,0.0,0.0,0.0,0.0,0.0
16,16,2016-11-22,13.0,0.0,0.0,0,1,22,327,11,2016,0,1,0,0,0,0,0,0,0,0,0,0,0,0,0,0,0,1,0,0,1,1,0,0.0,0.0,0.0,0.0,0.0,0.0,0.0,0.0
17,17,2016-11-23,13.0,0.0,0.0,0,2,23,328,11,2016,0,0,1,0,0,0,0,0,0,0,0,0,0,0,0,0,0,1,0,0,1,1,0,0.0,0.0,0.0,0.0,0.0,0.0,0.0,0.0
18,18,2016-11-24,13.0,0.0,0.0,0,3,24,329,11,2016,0,0,0,1,0,0,0,0,0,0,0,0,0,0,0,0,0,1,0,0,1,1,0,0.0,0.0,0.0,0.0,0.0,0.0,0.0,0.0
19,19,2016-11-25,13.0,0.0,0.0,0,4,25,330,11,2016,0,0,0,0,1,0,0,0,0,0,0,0,0,0,0,0,0,1,0,0,1,1,0,0.0,0.0,0.0,0.0,0.0,0.0,0.0,0.0
20,20,2016-11-26,13.0,0.0,0.0,0,5,26,331,11,2016,0,0,0,0,0,1,0,0,0,0,0,0,0,0,0,0,0,1,0,0,1,1,0,0.0,0.0,0.0,0.0,0.0,0.0,0.0,0.0
21,21,2016-11-27,13.0,0.0,0.0,0,6,27,332,11,2016,0,0,0,0,0,0,1,0,0,0,0,0,0,0,0,0,0,1,0,0,1,1,0,0.0,0.0,0.0,0.0,0.0,0.0,0.0,0.0
22,22,2016-11-28,13.0,0.0,0.0,0,0,28,333,11,2016,1,0,0,0,0,0,0,0,0,0,0,0,0,0,0,0,0,1,0,0,1,1,0,0.0,0.0,0.0,0.0,0.0,0.0,0.0,0.0
23,23,2016-11-29,13.0,0.0,0.0,0,1,29,334,11,2016,0,1,0,0,0,0,0,0,0,0,0,0,0,0,0,0,0,1,0,0,1,1,0,0.0,0.0,0.0,0.0,0.0,0.0,0.0,0.0
24,24,2016-11-30,13.0,0.0,0.0,0,2,30,335,11,2016,0,0,1,0,0,0,0,0,0,0,0,0,0,0,0,0,0,1,0,0,1,1,0,0.0,0.0,0.0,0.0,0.0,0.0,0.0,0.0
25,25,2016-12-01,13.0,0.0,0.0,0,3,1,336,12,2016,0,0,0,1,0,0,0,0,0,0,0,0,0,0,0,0,0,0,1,0,1,1,0,0.0,0.0,0.0,0.0,0.0,0.0,0.0,0.0
26,26,2016-12-02,13.0,0.0,0.0,0,4,2,337,12,2016,0,0,0,0,1,0,0,0,0,0,0,0,0,0,0,0,0,0,1,0,1,1,0,0.0,0.0,0.0,0.0,0.0,0.0,0.0,0.0
27,27,2016-12-03,13.0,0.0,0.0,0,5,3,338,12,2016,0,0,0,0,0,1,0,0,0,0,0,0,0,0,0,0,0,0,1,0,1,1,0,0.0,0.0,0.0,0.0,0.0,0.0,0.0,0.0
28,28,2016-12-04,13.0,0.0,0.0,0,6,4,339,12,2016,0,0,0,0,0,0,1,0,0,0,0,0,0,0,0,0,0,0,1,0,1,1,0,0.0,0.0,0.0,0.0,0.0,0.0,0.0,0.0
29,29,2016-12-05,13.0,0.0,0.0,0,0,5,340,12,2016,1,0,0,0,0,0,0,0,0,0,0,0,0,0,0,0,0,0,1,0,1,1,0,0.0,0.0,0.0,0.0,0.0,0.0,0.0,0.0
30,30,2016-12-06,13.0,0.0,0.0,0,1,6,341,12,2016,0,1,0,0,0,0,0,0,0,0,0,0,0,0,0,0,0,0,1,0,1,1,0,0.0,0.0,0.0,0.0,0.0,0.0,0.0,0.0
31,0,2016-11-06,3.0,0.0,0.0,0,6,6,311,11,2016,0,0,0,0,0,0,1,0,0,0,0,0,0,0,0,0,0,1,0,0,1,1,0,3.0,4.4,8.1,4.0,-0.836111484157,-1.02678490648,-1.33661573032,-0.851916172327
32,1,2016-11-07,3.0,0.0,0.0,0,0,7,312,11,2016,1,0,0,0,0,0,0,0,0,0,0,0,0,0,0,0,0,1,0,0,1,1,0,3.0,3.0,8.5,5.0,-0.836111484157,-1.2917927425,-1.25608347949,-0.81843368735
33,2,2016-11-08,3.0,0.0,0.0,0,1,8,313,11,2016,0,1,0,0,0,0,0,0,0,0,0,0,0,0,0,0,0,1,0,0,1,1,0,5.0,1.8,7.7,5.0,0.0727053464484,-1.51894231623,-1.41714798115,-0.81843368735
34,3,2016-11-09,3.0,0.0,0.0,0,2,9,314,11,2016,0,0,1,0,0,0,0,0,0,0,0,0,0,0,0,0,0,1,0,0,1,1,0,7.0,6.1,10.6,63.0,0.981522177053,-0.704989677023,-0.833289162651,1.12355044137
35,4,2016-11-10,3.0,0.0,0.0,0,3,10,315,11,2016,0,0,0,1,0,0,0,0,0,0,0,0,0,0,0,0,0,1,0,0,1,1,0,6.0,8.6,11.1,80.0,0.527113761751,-0.231761398412,-0.732623849117,1.69275268599
36,5,2016-11-11,3.0,0.0,0.0,0,4,11,316,11,2016,0,0,0,0,1,0,0,0,0,0,0,0,0,0,0,0,0,1,0,0,1,1,0,7.0,8.7,11.9,63.0,0.981522177053,-0.212832267268,-0.571559347463,1.12355044137
37,6,2016-11-12,3.0,0.0,0.0,0,5,12,317,11,2016,0,0,0,0,0,1,0,0,0,0,0,0,0,0,0,0,0,1,0,0,1,1,0,6.0,9.3,10.9,80.0,0.527113761751,-0.099257480401,-0.772889974531,1.69275268599
38,7,2016-11-13,3.0,0.0,0.0,0,6,13,318,11,2016,0,0,0,0,0,0,1,0,0,0,0,0,0,0,0,0,0,1,0,0,1,1,0,7.0,8.2,11.4,80.0,0.981522177053,-0.30747792299,-0.672224660997,1.69275268599
39,8,2016-11-14,3.0,0.0,0.0,0,0,14,319,11,2016,1,0,0,0,0,0,0,0,0,0,0,0,0,0,0,0,0,1,0,0,1,1,0,0.0,0.0,0.0,0.0,0.0,0.0,0.0,0.0
40,9,2016-11-15,3.0,0.0,0.0,0,1,15,320,11,2016,0,1,0,0,0,0,0,0,0,0,0,0,0,0,0,0,0,1,0,0,1,1,0,0.0,0.0,0.0,0.0,0.0,0.0,0.0,0.0
41,10,2016-11-16,3.0,0.0,0.0,0,2,16,321,11,2016,0,0,1,0,0,0,0,0,0,0,0,0,0,0,0,0,0,1,0,0,1,1,0,0.0,0.0,0.0,0.0,0.0,0.0,0.0,0.0
42,11,2016-11-17,3.0,0.0,0.0,0,3,17,322,11,2016,0,0,0,1,0,0,0,0,0,0,0,0,0,0,0,0,0,1,0,0,1,1,0,0.0,0.0,0.0,0.0,0.0,0.0,0.0,0.0
43,12,2016-11-18,3.0,0.0,0.0,0,4,18,323,11,2016,0,0,0,0,1,0,0,0,0,0,0,0,0,0,0,0,0,1,0,0,1,1,0,0.0,0.0,0.0,0.0,0.0,0.0,0.0,0.0
44,13,2016-11-19,3.0,0.0,0.0,0,5,19,324,11,2016,0,0,0,0,0,1,0,0,0,0,0,0,0,0,0,0,0,1,0,0,1,1,0,0.0,0.0,0.0,0.0,0.0,0.0,0.0,0.0
45,14,2016-11-20,3.0,0.0,0.0,0,6,20,325,11,2016,0,0,0,0,0,0,1,0,0,0,0,0,0,0,0,0,0,1,0,0,1,1,0,0.0,0.0,0.0,0.0,0.0,0.0,0.0,0.0
46,15,2016-11-21,3.0,0.0,0.0,0,0,21,326,11,2016,1,0,0,0,0,0,0,0,0,0,0,0,0,0,0,0,0,1,0,0,1,1,0,0.0,0.0,0.0,0.0,0.0,0.0,0.0,0.0
47,16,2016-11-22,3.0,0.0,0.0,0,1,22,327,11,2016,0,1,0,0,0,0,0,0,0,0,0,0,0,0,0,0,0,1,0,0,1,1,0,0.0,0.0,0.0,0.0,0.0,0.0,0.0,0.0
48,17,2016-11-23,3.0,0.0,0.0,0,2,23,328,11,2016,0,0,1,0,0,0,0,0,0,0,0,0,0,0,0,0,0,1,0,0,1,1,0,0.0,0.0,0.0,0.0,0.0,0.0,0.0,0.0
49,18,2016-11-24,3.0,0.0,0.0,0,3,24,329,11,2016,0,0,0,1,0,0,0,0,0,0,0,0,0,0,0,0,0,1,0,0,1,1,0,0.0,0.0,0.0,0.0,0.0,0.0,0.0,0.0
50,19,2016-11-25,3.0,0.0,0.0,0,4,25,330,11,2016,0,0,0,0,1,0,0,0,0,0,0,0,0,0,0,0,0,1,0,0,1,1,0,0.0,0.0,0.0,0.0,0.0,0.0,0.0,0.0
51,20,2016-11-26,3.0,0.0,0.0,0,5,26,331,11,2016,0,0,0,0,0,1,0,0,0,0,0,0,0,0,0,0,0,1,0,0,1,1,0,0.0,0.0,0.0,0.0,0.0,0.0,0.0,0.0
52,21,2016-11-27,3.0,0.0,0.0,0,6,27,332,11,2016,0,0,0,0,0,0,1,0,0,0,0,0,0,0,0,0,0,1,0,0,1,1,0,0.0,0.0,0.0,0.0,0.0,0.0,0.0,0.0
53,22,2016-11-28,3.0,0.0,0.0,0,0,28,333,11,2016,1,0,0,0,0,0,0,0,0,0,0,0,0,0,0,0,0,1,0,0,1,1,0,0.0,0.0,0.0,0.0,0.0,0.0,0.0,0.0
54,23,2016-11-29,3.0,0.0,0.0,0,1,29,334,11,2016,0,1,0,0,0,0,0,0,0,0,0,0,0,0,0,0,0,1,0,0,1,1,0,0.0,0.0,0.0,0.0,0.0,0.0,0.0,0.0
55,24,2016-11-30,3.0,0.0,0.0,0,2,30,335,11,2016,0,0,1,0,0,0,0,0,0,0,0,0,0,0,0,0,0,1,0,0,1,1,0,0.0,0.0,0.0,0.0,0.0,0.0,0.0,0.0
56,25,2016-12-01,3.0,0.0,0.0,0,3,1,336,12,2016,0,0,0,1,0,0,0,0,0,0,0,0,0,0,0,0,0,0,1,0,1,1,0,0.0,0.0,0.0,0.0,0.0,0.0,0.0,0.0
57,26,2016-12-02,3.0,0.0,0.0,0,4,2,337,12,2016,0,0,0,0,1,0,0,0,0,0,0,0,0,0,0,0,0,0,1,0,1,1,0,0.0,0.0,0.0,0.0,0.0,0.0,0.0,0.0
58,27,2016-12-03,3.0,0.0,0.0,0,5,3,338,12,2016,0,0,0,0,0,1,0,0,0,0,0,0,0,0,0,0,0,0,1,0,1,1,0,0.0,0.0,0.0,0.0,0.0,0.0,0.0,0.0
59,28,2016-12-04,3.0,0.0,0.0,0,6,4,339,12,2016,0,0,0,0,0,0,1,0,0,0,0,0,0,0,0,0,0,0,1,0,1,1,0,0.0,0.0,0.0,0.0,0.0,0.0,0.0,0.0
60,29,2016-12-05,3.0,0.0,0.0,0,0,5,340,12,2016,1,0,0,0,0,0,0,0,0,0,0,0,0,0,0,0,0,0,1,0,1,1,0,0.0,0.0,0.0,0.0,0.0,0.0,0.0,0.0
61,30,2016-12-06,3.0,0.0,0.0,0,1,6,341,12,2016,0,1,0,0,0,0,0,0,0,0,0,0,0,0,0,0,0,0,1,0,1,1,0,0.0,0.0,0.0,0.0,0.0,0.0,0.0,0.0
62,0,2016-11-06,4.0,0.0,0.0,0,6,6,311,11,2016,0,0,0,0,0,0,1,0,0,0,0,0,0,0,0,0,0,1,0,0,1,1,0,3.0,0.3,7.7,3.0,-0.574080275592,-1.4216755611,-1.1996015203,-0.871635920653
63,1,2016-11-07,4.0,0.0,0.0,0,0,7,312,11,2016,1,0,0,0,0,0,0,0,0,0,0,0,0,0,0,0,0,1,0,0,1,1,0,3.0,1.2,8.4,25.0,-0.574080275592,-1.2610726445,-1.0746417051,-0.181251133789
64,2,2016-11-08,4.0,0.0,0.0,0,1,8,313,11,2016,0,1,0,0,0,0,0,0,0,0,0,0,0,0,0,0,0,1,0,0,1,1,0,3.0,-0.1,6.1,4.0,-0.574080275592,-1.49305463515,-1.48522395505,-0.840254793977
65,3,2016-11-09,4.0,0.0,0.0,0,2,9,314,11,2016,0,0,1,0,0,0,0,0,0,0,0,0,0,0,0,0,0,1,0,0,1,1,0,6.0,4.3,8.6,63.0,0.987047699647,-0.707884820638,-1.03893890076,1.01123167989
66,4,2016-11-10,4.0,0.0,0.0,0,3,10,315,11,2016,0,0,0,1,0,0,0,0,0,0,0,0,0,0,0,0,0,1,0,0,1,1,0,6.0,6.0,9.8,80.0,0.987047699647,-0.40452375594,-0.824722074701,1.54471083337
67,5,2016-11-11,4.0,0.0,0.0,0,4,11,316,11,2016,0,0,0,0,1,0,0,0,0,0,0,0,0,0,0,0,0,1,0,0,1,1,0,6.0,6.6,11.5,80.0,0.987047699647,-0.29745514487,-0.521248237784,1.54471083337
68,6,2016-11-12,4.0,0.0,0.0,0,5,12,317,11,2016,0,0,0,0,0,1,0,0,0,0,0,0,0,0,0,0,0,1,0,0,1,1,0,6.0,8.0,9.6,80.0,0.987047699647,-0.0476283857072,-0.860424879044,1.54471083337
69,7,2016-11-13,4.0,0.0,0.0,0,6,13,318,11,2016,0,0,0,0,0,0,1,0,0,0,0,0,0,0,0,0,0,1,0,0,1,1,0,6.0,5.8,11.2,80.0,0.987047699647,-0.440213292963,-0.574802444299,1.54471083337
70,8,2016-11-14,4.0,0.0,0.0,0,0,14,319,11,2016,1,0,0,0,0,0,0,0,0,0,0,0,0,0,0,0,0,1,0,0,1,1,0,0.0,0.0,0.0,0.0,0.0,0.0,0.0,0.0
71,9,2016-11-15,4.0,0.0,0.0,0,1,15,320,11,2016,0,1,0,0,0,0,0,0,0,0,0,0,0,0,0,0,0,1,0,0,1,1,0,0.0,0.0,0.0,0.0,0.0,0.0,0.0,0.0
72,10,2016-11-16,4.0,0.0,0.0,0,2,16,321,11,2016,0,0,1,0,0,0,0,0,0,0,0,0,0,0,0,0,0,1,0,0,1,1,0,0.0,0.0,0.0,0.0,0.0,0.0,0.0,0.0
73,11,2016-11-17,4.0,0.0,0.0,0,3,17,322,11,2016,0,0,0,1,0,0,0,0,0,0,0,0,0,0,0,0,0,1,0,0,1,1,0,0.0,0.0,0.0,0.0,0.0,0.0,0.0,0.0
74,12,2016-11-18,4.0,0.0,0.0,0,4,18,323,11,2016,0,0,0,0,1,0,0,0,0,0,0,0,0,0,0,0,0,1,0,0,1,1,0,0.0,0.0,0.0,0.0,0.0,0.0,0.0,0.0
75,13,2016-11-19,4.0,0.0,0.0,0,5,19,324,11,2016,0,0,0,0,0,1,0,0,0,0,0,0,0,0,0,0,0,1,0,0,1,1,0,0.0,0.0,0.0,0.0,0.0,0.0,0.0,0.0
76,14,2016-11-20,4.0,0.0,0.0,0,6,20,325,11,2016,0,0,0,0,0,0,1,0,0,0,0,0,0,0,0,0,0,1,0,0,1,1,0,0.0,0.0,0.0,0.0,0.0,0.0,0.0,0.0
77,15,2016-11-21,4.0,0.0,0.0,0,0,21,326,11,2016,1,0,0,0,0,0,0,0,0,0,0,0,0,0,0,0,0,1,0,0,1,1,0,0.0,0.0,0.0,0.0,0.0,0.0,0.0,0.0
78,16,2016-11-22,4.0,0.0,0.0,0,1,22,327,11,2016,0,1,0,0,0,0,0,0,0,0,0,0,0,0,0,0,0,1,0,0,1,1,0,0.0,0.0,0.0,0.0,0.0,0.0,0.0,0.0
79,17,2016-11-23,4.0,0.0,0.0,0,2,23,328,11,2016,0,0,1,0,0,0,0,0,0,0,0,0,0,0,0,0,0,1,0,0,1,1,0,0.0,0.0,0.0,0.0,0.0,0.0,0.0,0.0
80,18,2016-11-24,4.0,0.0,0.0,0,3,24,329,11,2016,0,0,0,1,0,0,0,0,0,0,0,0,0,0,0,0,0,1,0,0,1,1,0,0.0,0.0,0.0,0.0,0.0,0.0,0.0,0.0
81,19,2016-11-25,4.0,0.0,0.0,0,4,25,330,11,2016,0,0,0,0,1,0,0,0,0,0,0,0,0,0,0,0,0,1,0,0,1,1,0,0.0,0.0,0.0,0.0,0.0,0.0,0.0,0.0
82,20,2016-11-26,4.0,0.0,0.0,0,5,26,331,11,2016,0,0,0,0,0,1,0,0,0,0,0,0,0,0,0,0,0,1,0,0,1,1,0,0.0,0.0,0.0,0.0,0.0,0.0,0.0,0.0
83,21,2016-11-27,4.0,0.0,0.0,0,6,27,332,11,2016,0,0,0,0,0,0,1,0,0,0,0,0,0,0,0,0,0,1,0,0,1,1,0,0.0,0.0,0.0,0.0,0.0,0.0,0.0,0.0
84,22,2016-11-28,4.0,0.0,0.0,0,0,28,333,11,2016,1,0,0,0,0,0,0,0,0,0,0,0,0,0,0,0,0,1,0,0,1,1,0,0.0,0.0,0.0,0.0,0.0,0.0,0.0,0.0
85,23,2016-11-29,4.0,0.0,0.0,0,1,29,334,11,2016,0,1,0,0,0,0,0,0,0,0,0,0,0,0,0,0,0,1,0,0,1,1,0,0.0,0.0,0.0,0.0,0.0,0.0,0.0,0.0
86,24,2016-11-30,4.0,0.0,0.0,0,2,30,335,11,2016,0,0,1,0,0,0,0,0,0,0,0,0,0,0,0,0,0,1,0,0,1,1,0,0.0,0.0,0.0,0.0,0.0,0.0,0.0,0.0
87,25,2016-12-01,4.0,0.0,0.0,0,3,1,336,12,2016,0,0,0,1,0,0,0,0,0,0,0,0,0,0,0,0,0,0,1,0,1,1,0,0.0,0.0,0.0,0.0,0.0,0.0,0.0,0.0
88,26,2016-12-02,4.0,0.0,0.0,0,4,2,337,12,2016,0,0,0,0,1,0,0,0,0,0,0,0,0,0,0,0,0,0,1,0,1,1,0,0.0,0.0,0.0,0.0,0.0,0.0,0.0,0.0
89,27,2016-12-03,4.0,0.0,0.0,0,5,3,338,12,2016,0,0,0,0,0,1,0,0,0,0,0,0,0,0,0,0,0,0,1,0,1,1,0,0.0,0.0,0.0,0.0,0.0,0.0,0.0,0.0
90,28,2016-12-04,4.0,0.0,0.0,0,6,4,339,12,2016,0,0,0,0,0,0,1,0,0,0,0,0,0,0,0,0,0,0,1,0,1,1,0,0.0,0.0,0.0,0.0,0.0,0.0,0.0,0.0
91,29,2016-12-05,4.0,0.0,0.0,0,0,5,340,12,2016,1,0,0,0,0,0,0,0,0,0,0,0,0,0,0,0,0,0,1,0,1,1,0,0.0,0.0,0.0,0.0,0.0,0.0,0.0,0.0
92,30,2016-12-06,4.0,0.0,0.0,0,1,6,341,12,2016,0,1,0,0,0,0,0,0,0,0,0,0,0,0,0,0,0,0,1,0,1,1,0,0.0,0.0,0.0,0.0,0.0,0.0,0.0,0.0
93,0,2016-11-06,16.0,0.0,0.0,0,6,6,311,11,2016,0,0,0,0,0,0,1,0,0,0,0,0,0,0,0,0,0,1,0,0,1,1,0,2.0,1.3,7.2,2.0,-1.37715142494,-1.56404614764,-1.58419862147,-0.788869889515
94,1,2016-11-07,16.0,0.0,0.0,0,0,7,312,11,2016,1,0,0,0,0,0,0,0,0,0,0,0,0,0,0,0,0,1,0,0,1,1,0,3.0,1.6,7.5,80.0,-0.657015992315,-1.50367157702,-1.52802506892,1.78521255997
95,2,2016-11-08,16.0,0.0,0.0,0,1,8,313,11,2016,0,1,0,0,0,0,0,0,0,0,0,0,0,0,0,0,0,1,0,0,1,1,0,3.0,-0.5,5.3,3.0,-0.657015992315,-1.92629357139,-1.93996445429,-0.755868832471
96,3,2016-11-09,16.0,0.0,0.0,0,2,9,314,11,2016,0,0,1,0,0,0,0,0,0,0,0,0,0,0,0,0,0,1,0,0,1,1,0,6.0,3.4,7.7,63.0,1.50339030556,-1.14142415327,-1.49057603388,1.22419459021
97,4,2016-11-10,16.0,0.0,0.0,0,3,10,315,11,2016,0,0,0,1,0,0,0,0,0,0,0,0,0,0,0,0,0,1,0,0,1,1,0,4.0,4.6,9.7,5.0,0.0631194403098,-0.89992587077,-1.11608568355,-0.689866718381
98,5,2016-11-11,16.0,0.0,0.0,0,4,11,316,11,2016,0,0,0,0,1,0,0,0,0,0,0,0,0,0,0,0,0,1,0,0,1,1,0,6.0,5.5,10.7,61.0,1.50339030556,-0.718802158896,-0.928840508378,1.15819247612
99,6,2016-11-12,16.0,0.0,0.0,0,5,12,317,11,2016,0,0,0,0,0,1,0,0,0,0,0,0,0,0,0,0,0,1,0,0,1,1,0,5.0,7.7,9.9,80.0,0.783254872935,-0.27605530765,-1.07863664851,1.78521255997
100,7,2016-11-13,16.0,0.0,0.0,0,6,13,318,11,2016,0,0,0,0,0,0,1,0,0,0,0,0,0,0,0,0,0,1,0,0,1,1,0,4.0,5.3,9.5,60.0,0.0631194403098,-0.759051872646,-1.15353471858,1.12519141908
101,8,2016-11-14,16.0,0.0,0.0,0,0,14,319,11,2016,1,0,0,0,0,0,0,0,0,0,0,0,0,0,0,0,0,1,0,0,1,1,0,0.0,0.0,0.0,0.0,0.0,0.0,0.0,0.0
102,9,2016-11-15,16.0,0.0,0.0,0,1,15,320,11,2016,0,1,0,0,0,0,0,0,0,0,0,0,0,0,0,0,0,1,0,0,1,1,0,0.0,0.0,0.0,0.0,0.0,0.0,0.0,0.0
103,10,2016-11-16,16.0,0.0,0.0,0,2,16,321,11,2016,0,0,1,0,0,0,0,0,0,0,0,0,0,0,0,0,0,1,0,0,1,1,0,0.0,0.0,0.0,0.0,0.0,0.0,0.0,0.0
104,11,2016-11-17,16.0,0.0,0.0,0,3,17,322,11,2016,0,0,0,1,0,0,0,0,0,0,0,0,0,0,0,0,0,1,0,0,1,1,0,0.0,0.0,0.0,0.0,0.0,0.0,0.0,0.0
105,12,2016-11-18,16.0,0.0,0.0,0,4,18,323,11,2016,0,0,0,0,1,0,0,0,0,0,0,0,0,0,0,0,0,1,0,0,1,1,0,0.0,0.0,0.0,0.0,0.0,0.0,0.0,0.0
106,13,2016-11-19,16.0,0.0,0.0,0,5,19,324,11,2016,0,0,0,0,0,1,0,0,0,0,0,0,0,0,0,0,0,1,0,0,1,1,0,0.0,0.0,0.0,0.0,0.0,0.0,0.0,0.0
107,14,2016-11-20,16.0,0.0,0.0,0,6,20,325,11,2016,0,0,0,0,0,0,1,0,0,0,0,0,0,0,0,0,0,1,0,0,1,1,0,0.0,0.0,0.0,0.0,0.0,0.0,0.0,0.0
108,15,2016-11-21,16.0,0.0,0.0,0,0,21,326,11,2016,1,0,0,0,0,0,0,0,0,0,0,0,0,0,0,0,0,1,0,0,1,1,0,0.0,0.0,0.0,0.0,0.0,0.0,0.0,0.0
109,16,2016-11-22,16.0,0.0,0.0,0,1,22,327,11,2016,0,1,0,0,0,0,0,0,0,0,0,0,0,0,0,0,0,1,0,0,1,1,0,0.0,0.0,0.0,0.0,0.0,0.0,0.0,0.0
110,17,2016-11-23,16.0,0.0,0.0,0,2,23,328,11,2016,0,0,1,0,0,0,0,0,0,0,0,0,0,0,0,0,0,1,0,0,1,1,0,0.0,0.0,0.0,0.0,0.0,0.0,0.0,0.0
111,18,2016-11-24,16.0,0.0,0.0,0,3,24,329,11,2016,0,0,0,1,0,0,0,0,0,0,0,0,0,0,0,0,0,1,0,0,1,1,0,0.0,0.0,0.0,0.0,0.0,0.0,0.0,0.0
112,19,2016-11-25,16.0,0.0,0.0,0,4,25,330,11,2016,0,0,0,0,1,0,0,0,0,0,0,0,0,0,0,0,0,1,0,0,1,1,0,0.0,0.0,0.0,0.0,0.0,0.0,0.0,0.0
113,20,2016-11-26,16.0,0.0,0.0,0,5,26,331,11,2016,0,0,0,0,0,1,0,0,0,0,0,0,0,0,0,0,0,1,0,0,1,1,0,0.0,0.0,0.0,0.0,0.0,0.0,0.0,0.0
114,21,2016-11-27,16.0,0.0,0.0,0,6,27,332,11,2016,0,0,0,0,0,0,1,0,0,0,0,0,0,0,0,0,0,1,0,0,1,1,0,0.0,0.0,0.0,0.0,0.0,0.0,0.0,0.0
115,22,2016-11-28,16.0,0.0,0.0,0,0,28,333,11,2016,1,0,0,0,0,0,0,0,0,0,0,0,0,0,0,0,0,1,0,0,1,1,0,0.0,0.0,0.0,0.0,0.0,0.0,0.0,0.0
116,23,2016-11-29,16.0,0.0,0.0,0,1,29,334,11,2016,0,1,0,0,0,0,0,0,0,0,0,0,0,0,0,0,0,1,0,0,1,1,0,0.0,0.0,0.0,0.0,0.0,0.0,0.0,0.0
117,24,2016-11-30,16.0,0.0,0.0,0,2,30,335,11,2016,0,0,1,0,0,0,0,0,0,0,0,0,0,0,0,0,0,1,0,0,1,1,0,0.0,0.0,0.0,0.0,0.0,0.0,0.0,0.0
118,25,2016-12-01,16.0,0.0,0.0,0,3,1,336,12,2016,0,0,0,1,0,0,0,0,0,0,0,0,0,0,0,0,0,0,1,0,1,1,0,0.0,0.0,0.0,0.0,0.0,0.0,0.0,0.0
119,26,2016-12-02,16.0,0.0,0.0,0,4,2,337,12,2016,0,0,0,0,1,0,0,0,0,0,0,0,0,0,0,0,0,0,1,0,1,1,0,0.0,0.0,0.0,0.0,0.0,0.0,0.0,0.0
120,27,2016-12-03,16.0,0.0,0.0,0,5,3,338,12,2016,0,0,0,0,0,1,0,0,0,0,0,0,0,0,0,0,0,0,1,0,1,1,0,0.0,0.0,0.0,0.0,0.0,0.0,0.0,0.0
121,28,2016-12-04,16.0,0.0,0.0,0,6,4,339,12,2016,0,0,0,0,0,0,1,0,0,0,0,0,0,0,0,0,0,0,1,0,1,1,0,0.0,0.0,0.0,0.0,0.0,0.0,0.0,0.0
122,29,2016-12-05,16.0,0.0,0.0,0,0,5,340,12,2016,1,0,0,0,0,0,0,0,0,0,0,0,0,0,0,0,0,0,1,0,1,1,0,0.0,0.0,0.0,0.0,0.0,0.0,0.0,0.0
123,30,2016-12-06,16.0,0.0,0.0,0,1,6,341,12,2016,0,1,0,0,0,0,0,0,0,0,0,0,0,0,0,0,0,0,1,0,1,1,0,0.0,0.0,0.0,0.0,0.0,0.0,0.0,0.0
124,0,2016-11-06,1.0,0.0,0.0,0,6,6,311,11,2016,0,0,0,0,0,0,1,0,0,0,0,0,0,0,0,0,0,1,0,0,1,1,0,2.0,0.6,8.2,3.0,-1.50990491546,-1.55230616168,-1.17652361279,-0.704585664007
125,1,2016-11-07,1.0,0.0,0.0,0,0,7,312,11,2016,1,0,0,0,0,0,0,0,0,0,0,0,0,0,0,0,0,1,0,0,1,1,0,4.0,3.3,9.0,80.0,-0.442585885272,-1.05737273762,-1.04542260385,1.86716200941
126,2,2016-11-08,1.0,0.0,0.0,0,1,8,313,11,2016,0,1,0,0,0,0,0,0,0,0,0,0,0,0,0,0,0,1,0,0,1,1,0,2.0,-1.2,7.4,2.0,-1.50990491546,-1.88226177771,-1.30762462173,-0.737984984441
127,3,2016-11-09,1.0,0.0,0.0,0,2,9,314,11,2016,0,0,1,0,0,0,0,0,0,0,0,0,0,0,0,0,0,1,0,0,1,1,0,7.0,4.0,9.4,63.0,1.15839266001,-0.929056664718,-0.979872099378,1.29937356204
128,4,2016-11-10,1.0,0.0,0.0,0,3,10,315,11,2016,0,0,0,1,0,0,0,0,0,0,0,0,0,0,0,0,0,1,0,0,1,1,0,5.0,4.4,11.3,25.0,0.0910736298213,-0.855733194487,-0.668507203146,0.0301993855422
129,5,2016-11-11,1.0,0.0,0.0,0,4,11,316,11,2016,0,0,0,0,1,0,0,0,0,0,0,0,0,0,0,0,0,1,0,0,1,1,0,6.0,4.9,12.5,61.0,0.624733144914,-0.764078856699,-0.471855689736,1.23257492117
130,6,2016-11-12,1.0,0.0,0.0,0,5,12,317,11,2016,0,0,0,0,0,1,0,0,0,0,0,0,0,0,0,0,0,1,0,0,1,1,0,6.0,8.2,11.5,80.0,0.624733144914,-0.159160227297,-0.635731950911,1.86716200941
131,7,2016-11-13,1.0,0.0,0.0,0,6,13,318,11,2016,0,0,0,0,0,0,1,0,0,0,0,0,0,0,0,0,0,1,0,0,1,1,0,5.0,5.4,10.8,25.0,0.0910736298213,-0.672424518911,-0.750445333733,0.0301993855422
132,8,2016-11-14,1.0,0.0,0.0,0,0,14,319,11,2016,1,0,0,0,0,0,0,0,0,0,0,0,0,0,0,0,0,1,0,0,1,1,0,0.0,0.0,0.0,0.0,0.0,0.0,0.0,0.0
133,9,2016-11-15,1.0,0.0,0.0,0,1,15,320,11,2016,0,1,0,0,0,0,0,0,0,0,0,0,0,0,0,0,0,1,0,0,1,1,0,0.0,0.0,0.0,0.0,0.0,0.0,0.0,0.0
134,10,2016-11-16,1.0,0.0,0.0,0,2,16,321,11,2016,0,0,1,0,0,0,0,0,0,0,0,0,0,0,0,0,0,1,0,0,1,1,0,0.0,0.0,0.0,0.0,0.0,0.0,0.0,0.0
135,11,2016-11-17,1.0,0.0,0.0,0,3,17,322,11,2016,0,0,0,1,0,0,0,0,0,0,0,0,0,0,0,0,0,1,0,0,1,1,0,0.0,0.0,0.0,0.0,0.0,0.0,0.0,0.0
136,12,2016-11-18,1.0,0.0,0.0,0,4,18,323,11,2016,0,0,0,0,1,0,0,0,0,0,0,0,0,0,0,0,0,1,0,0,1,1,0,0.0,0.0,0.0,0.0,0.0,0.0,0.0,0.0
137,13,2016-11-19,1.0,0.0,0.0,0,5,19,324,11,2016,0,0,0,0,0,1,0,0,0,0,0,0,0,0,0,0,0,1,0,0,1,1,0,0.0,0.0,0.0,0.0,0.0,0.0,0.0,0.0
138,14,2016-11-20,1.0,0.0,0.0,0,6,20,325,11,2016,0,0,0,0,0,0,1,0,0,0,0,0,0,0,0,0,0,1,0,0,1,1,0,0.0,0.0,0.0,0.0,0.0,0.0,0.0,0.0
139,15,2016-11-21,1.0,0.0,0.0,0,0,21,326,11,2016,1,0,0,0,0,0,0,0,0,0,0,0,0,0,0,0,0,1,0,0,1,1,0,0.0,0.0,0.0,0.0,0.0,0.0,0.0,0.0
140,16,2016-11-22,1.0,0.0,0.0,0,1,22,327,11,2016,0,1,0,0,0,0,0,0,0,0,0,0,0,0,0,0,0,1,0,0,1,1,0,0.0,0.0,0.0,0.0,0.0,0.0,0.0,0.0
141,17,2016-11-23,1.0,0.0,0.0,0,2,23,328,11,2016,0,0,1,0,0,0,0,0,0,0,0,0,0,0,0,0,0,1,0,0,1,1,0,0.0,0.0,0.0,0.0,0.0,0.0,0.0,0.0
142,18,2016-11-24,1.0,0.0,0.0,0,3,24,329,11,2016,0,0,0,1,0,0,0,0,0,0,0,0,0,0,0,0,0,1,0,0,1,1,0,0.0,0.0,0.0,0.0,0.0,0.0,0.0,0.0
143,19,2016-11-25,1.0,0.0,0.0,0,4,25,330,11,2016,0,0,0,0,1,0,0,0,0,0,0,0,0,0,0,0,0,1,0,0,1,1,0,0.0,0.0,0.0,0.0,0.0,0.0,0.0,0.0
144,20,2016-11-26,1.0,0.0,0.0,0,5,26,331,11,2016,0,0,0,0,0,1,0,0,0,0,0,0,0,0,0,0,0,1,0,0,1,1,0,0.0,0.0,0.0,0.0,0.0,0.0,0.0,0.0
145,21,2016-11-27,1.0,0.0,0.0,0,6,27,332,11,2016,0,0,0,0,0,0,1,0,0,0,0,0,0,0,0,0,0,1,0,0,1,1,0,0.0,0.0,0.0,0.0,0.0,0.0,0.0,0.0
146,22,2016-11-28,1.0,0.0,0.0,0,0,28,333,11,2016,1,0,0,0,0,0,0,0,0,0,0,0,0,0,0,0,0,1,0,0,1,1,0,0.0,0.0,0.0,0.0,0.0,0.0,0.0,0.0
147,23,2016-11-29,1.0,0.0,0.0,0,1,29,334,11,2016,0,1,0,0,0,0,0,0,0,0,0,0,0,0,0,0,0,1,0,0,1,1,0,0.0,0.0,0.0,0.0,0.0,0.0,0.0,0.0
148,24,2016-11-30,1.0,0.0,0.0,0,2,30,335,11,2016,0,0,1,0,0,0,0,0,0,0,0,0,0,0,0,0,0,1,0,0,1,1,0,0.0,0.0,0.0,0.0,0.0,0.0,0.0,0.0
149,25,2016-12-01,1.0,0.0,0.0,0,3,1,336,12,2016,0,0,0,1,0,0,0,0,0,0,0,0,0,0,0,0,0,0,1,0,1,1,0,0.0,0.0,0.0,0.0,0.0,0.0,0.0,0.0
150,26,2016-12-02,1.0,0.0,0.0,0,4,2,337,12,2016,0,0,0,0,1,0,0,0,0,0,0,0,0,0,0,0,0,0,1,0,1,1,0,0.0,0.0,0.0,0.0,0.0,0.0,0.0,0.0
151,27,2016-12-03,1.0,0.0,0.0,0,5,3,338,12,2016,0,0,0,0,0,1,0,0,0,0,0,0,0,0,0,0,0,0,1,0,1,1,0,0.0,0.0,0.0,0.0,0.0,0.0,0.0,0.0
152,28,2016-12-04,1.0,0.0,0.0,0,6,4,339,12,2016,0,0,0,0,0,0,1,0,0,0,0,0,0,0,0,0,0,0,1,0,1,1,0,0.0,0.0,0.0,0.0,0.0,0.0,0.0,0.0
153,29,2016-12-05,1.0,0.0,0.0,0,0,5,340,12,2016,1,0,0,0,0,0,0,0,0,0,0,0,0,0,0,0,0,0,1,0,1,1,0,0.0,0.0,0.0,0.0,0.0,0.0,0.0,0.0
154,30,2016-12-06,1.0,0.0,0.0,0,1,6,341,12,2016,0,1,0,0,0,0,0,0,0,0,0,0,0,0,0,0,0,0,1,0,1,1,0,0.0,0.0,0.0,0.0,0.0,0.0,0.0,0.0
155,0,2016-11-06,2.0,0.0,0.0,0,6,6,311,11,2016,0,0,0,0,0,0,1,0,0,0,0,0,0,0,0,0,0,1,0,0,1,1,0,4.0,0.6,8.5,25.0,-0.424481533498,-1.30905528172,-0.930783535866,-0.337989370889
156,1,2016-11-07,2.0,0.0,0.0,0,0,7,312,11,2016,1,0,0,0,0,0,0,0,0,0,0,0,0,0,0,0,0,1,0,0,1,1,0,4.0,1.0,7.3,25.0,-0.424481533498,-1.23448133274,-1.14140655313,-0.337989370889
157,2,2016-11-08,2.0,0.0,0.0,0,1,8,313,11,2016,0,1,0,0,0,0,0,0,0,0,0,0,0,0,0,0,0,1,0,0,1,1,0,4.0,-2.1,5.9,4.0,-0.424481533498,-1.81242943735,-1.38713340659,-0.958292956762
158,3,2016-11-09,2.0,0.0,0.0,0,2,9,314,11,2016,0,0,1,0,0,0,0,0,0,0,0,0,0,0,0,0,0,1,0,0,1,1,0,6.0,2.9,8.4,80.0,0.583280380563,-0.880255075073,-0.948335453971,1.28661525878
159,4,2016-11-10,2.0,0.0,0.0,0,3,10,315,11,2016,0,0,0,1,0,0,0,0,0,0,0,0,0,0,0,0,0,1,0,0,1,1,0,6.0,4.8,9.4,80.0,0.583280380563,-0.526028817406,-0.772816272922,1.28661525878
160,5,2016-11-11,2.0,0.0,0.0,0,4,11,316,11,2016,0,0,0,0,1,0,0,0,0,0,0,0,0,0,0,0,0,1,0,0,1,1,0,6.0,5.7,11.2,80.0,0.583280380563,-0.358237432195,-0.456881747034,1.28661525878
161,6,2016-11-12,2.0,0.0,0.0,0,5,12,317,11,2016,0,0,0,0,0,1,0,0,0,0,0,0,0,0,0,0,0,1,0,0,1,1,0,5.0,6.5,9.5,80.0,0.0793994235321,-0.20908953423,-0.755264354817,1.28661525878
162,7,2016-11-13,2.0,0.0,0.0,0,6,13,318,11,2016,0,0,0,0,0,0,1,0,0,0,0,0,0,0,0,0,0,1,0,0,1,1,0,6.0,5.0,10.5,80.0,0.583280380563,-0.488741842915,-0.579745173768,1.28661525878
163,8,2016-11-14,2.0,0.0,0.0,0,0,14,319,11,2016,1,0,0,0,0,0,0,0,0,0,0,0,0,0,0,0,0,1,0,0,1,1,0,0.0,0.0,0.0,0.0,0.0,0.0,0.0,0.0
164,9,2016-11-15,2.0,0.0,0.0,0,1,15,320,11,2016,0,1,0,0,0,0,0,0,0,0,0,0,0,0,0,0,0,1,0,0,1,1,0,0.0,0.0,0.0,0.0,0.0,0.0,0.0,0.0
165,10,2016-11-16,2.0,0.0,0.0,0,2,16,321,11,2016,0,0,1,0,0,0,0,0,0,0,0,0,0,0,0,0,0,1,0,0,1,1,0,0.0,0.0,0.0,0.0,0.0,0.0,0.0,0.0
166,11,2016-11-17,2.0,0.0,0.0,0,3,17,322,11,2016,0,0,0,1,0,0,0,0,0,0,0,0,0,0,0,0,0,1,0,0,1,1,0,0.0,0.0,0.0,0.0,0.0,0.0,0.0,0.0
167,12,2016-11-18,2.0,0.0,0.0,0,4,18,323,11,2016,0,0,0,0,1,0,0,0,0,0,0,0,0,0,0,0,0,1,0,0,1,1,0,0.0,0.0,0.0,0.0,0.0,0.0,0.0,0.0
168,13,2016-11-19,2.0,0.0,0.0,0,5,19,324,11,2016,0,0,0,0,0,1,0,0,0,0,0,0,0,0,0,0,0,1,0,0,1,1,0,0.0,0.0,0.0,0.0,0.0,0.0,0.0,0.0
169,14,2016-11-20,2.0,0.0,0.0,0,6,20,325,11,2016,0,0,0,0,0,0,1,0,0,0,0,0,0,0,0,0,0,1,0,0,1,1,0,0.0,0.0,0.0,0.0,0.0,0.0,0.0,0.0
170,15,2016-11-21,2.0,0.0,0.0,0,0,21,326,11,2016,1,0,0,0,0,0,0,0,0,0,0,0,0,0,0,0,0,1,0,0,1,1,0,0.0,0.0,0.0,0.0,0.0,0.0,0.0,0.0
171,16,2016-11-22,2.0,0.0,0.0,0,1,22,327,11,2016,0,1,0,0,0,0,0,0,0,0,0,0,0,0,0,0,0,1,0,0,1,1,0,0.0,0.0,0.0,0.0,0.0,0.0,0.0,0.0
172,17,2016-11-23,2.0,0.0,0.0,0,2,23,328,11,2016,0,0,1,0,0,0,0,0,0,0,0,0,0,0,0,0,0,1,0,0,1,1,0,0.0,0.0,0.0,0.0,0.0,0.0,0.0,0.0
173,18,2016-11-24,2.0,0.0,0.0,0,3,24,329,11,2016,0,0,0,1,0,0,0,0,0,0,0,0,0,0,0,0,0,1,0,0,1,1,0,0.0,0.0,0.0,0.0,0.0,0.0,0.0,0.0
174,19,2016-11-25,2.0,0.0,0.0,0,4,25,330,11,2016,0,0,0,0,1,0,0,0,0,0,0,0,0,0,0,0,0,1,0,0,1,1,0,0.0,0.0,0.0,0.0,0.0,0.0,0.0,0.0
175,20,2016-11-26,2.0,0.0,0.0,0,5,26,331,11,2016,0,0,0,0,0,1,0,0,0,0,0,0,0,0,0,0,0,1,0,0,1,1,0,0.0,0.0,0.0,0.0,0.0,0.0,0.0,0.0
176,21,2016-11-27,2.0,0.0,0.0,0,6,27,332,11,2016,0,0,0,0,0,0,1,0,0,0,0,0,0,0,0,0,0,1,0,0,1,1,0,0.0,0.0,0.0,0.0,0.0,0.0,0.0,0.0
177,22,2016-11-28,2.0,0.0,0.0,0,0,28,333,11,2016,1,0,0,0,0,0,0,0,0,0,0,0,0,0,0,0,0,1,0,0,1,1,0,0.0,0.0,0.0,0.0,0.0,0.0,0.0,0.0
178,23,2016-11-29,2.0,0.0,0.0,0,1,29,334,11,2016,0,1,0,0,0,0,0,0,0,0,0,0,0,0,0,0,0,1,0,0,1,1,0,0.0,0.0,0.0,0.0,0.0,0.0,0.0,0.0
179,24,2016-11-30,2.0,0.0,0.0,0,2,30,335,11,2016,0,0,1,0,0,0,0,0,0,0,0,0,0,0,0,0,0,1,0,0,1,1,0,0.0,0.0,0.0,0.0,0.0,0.0,0.0,0.0
180,25,2016-12-01,2.0,0.0,0.0,0,3,1,336,12,2016,0,0,0,1,0,0,0,0,0,0,0,0,0,0,0,0,0,0,1,0,1,1,0,0.0,0.0,0.0,0.0,0.0,0.0,0.0,0.0
181,26,2016-12-02,2.0,0.0,0.0,0,4,2,337,12,2016,0,0,0,0,1,0,0,0,0,0,0,0,0,0,0,0,0,0,1,0,1,1,0,0.0,0.0,0.0,0.0,0.0,0.0,0.0,0.0
182,27,2016-12-03,2.0,0.0,0.0,0,5,3,338,12,2016,0,0,0,0,0,1,0,0,0,0,0,0,0,0,0,0,0,0,1,0,1,1,0,0.0,0.0,0.0,0.0,0.0,0.0,0.0,0.0
183,28,2016-12-04,2.0,0.0,0.0,0,6,4,339,12,2016,0,0,0,0,0,0,1,0,0,0,0,0,0,0,0,0,0,0,1,0,1,1,0,0.0,0.0,0.0,0.0,0.0,0.0,0.0,0.0
184,29,2016-12-05,2.0,0.0,0.0,0,0,5,340,12,2016,1,0,0,0,0,0,0,0,0,0,0,0,0,0,0,0,0,0,1,0,1,1,0,0.0,0.0,0.0,0.0,0.0,0.0,0.0,0.0
185,30,2016-12-06,2.0,0.0,0.0,0,1,6,341,12,2016,0,1,0,0,0,0,0,0,0,0,0,0,0,0,0,0,0,0,1,0,1,1,0,0.0,0.0,0.0,0.0,0.0,0.0,0.0,0.0
186,0,2016-11-06,5.0,0.0,0.0,0,6,6,311,11,2016,0,0,0,0,0,0,1,0,0,0,0,0,0,0,0,0,0,1,0,0,1,1,0,4.0,2.2,7.0,25.0,0.305060965001,-1.14006948709,-1.25760084837,-0.0651797114032
187,1,2016-11-07,5.0,0.0,0.0,0,0,7,312,11,2016,1,0,0,0,0,0,0,0,0,0,0,0,0,0,0,0,0,1,0,0,1,1,0,3.0,2.4,6.6,80.0,-0.325704188196,-1.10133233889,-1.32689362203,1.75036934011
188,2,2016-11-08,5.0,0.0,0.0,0,1,8,313,11,2016,0,1,0,0,0,0,0,0,0,0,0,0,0,0,0,0,0,1,0,0,1,1,0,3.0,-0.6,5.9,3.0,-0.325704188196,-1.68238956188,-1.44815597592,-0.791399332009
189,3,2016-11-09,5.0,0.0,0.0,0,2,9,314,11,2016,0,0,1,0,0,0,0,0,0,0,0,0,0,0,0,0,0,1,0,0,1,1,0,6.0,2.1,7.1,69.0,1.56659127139,-1.15943806119,-1.24027765496,1.38725952981
190,4,2016-11-10,5.0,0.0,0.0,0,3,10,315,11,2016,0,0,0,1,0,0,0,0,0,0,0,0,0,0,0,0,0,1,0,0,1,1,0,4.0,4.7,9.8,80.0,0.305060965001,-0.655855134602,-0.772551432802,1.75036934011
191,5,2016-11-11,5.0,0.0,0.0,0,4,11,316,11,2016,0,0,0,0,1,0,0,0,0,0,0,0,0,0,0,0,0,1,0,0,1,1,0,5.0,5.0,10.0,61.0,0.935826118197,-0.597749412304,-0.737905045975,1.12317966777
192,6,2016-11-12,5.0,0.0,0.0,0,5,12,317,11,2016,0,0,0,0,0,1,0,0,0,0,0,0,0,0,0,0,0,1,0,0,1,1,0,5.0,6.8,10.5,80.0,0.935826118197,-0.24911507851,-0.651289078909,1.75036934011
193,7,2016-11-13,5.0,0.0,0.0,0,6,13,318,11,2016,0,0,0,0,0,0,1,0,0,0,0,0,0,0,0,0,0,1,0,0,1,1,0,4.0,4.8,9.5,60.0,0.305060965001,-0.636486560503,-0.824521013042,1.09016968502
194,8,2016-11-14,5.0,0.0,0.0,0,0,14,319,11,2016,1,0,0,0,0,0,0,0,0,0,0,0,0,0,0,0,0,1,0,0,1,1,0,0.0,0.0,0.0,0.0,0.0,0.0,0.0,0.0
195,9,2016-11-15,5.0,0.0,0.0,0,1,15,320,11,2016,0,1,0,0,0,0,0,0,0,0,0,0,0,0,0,0,0,1,0,0,1,1,0,0.0,0.0,0.0,0.0,0.0,0.0,0.0,0.0
196,10,2016-11-16,5.0,0.0,0.0,0,2,16,321,11,2016,0,0,1,0,0,0,0,0,0,0,0,0,0,0,0,0,0,1,0,0,1,1,0,0.0,0.0,0.0,0.0,0.0,0.0,0.0,0.0
197,11,2016-11-17,5.0,0.0,0.0,0,3,17,322,11,2016,0,0,0,1,0,0,0,0,0,0,0,0,0,0,0,0,0,1,0,0,1,1,0,0.0,0.0,0.0,0.0,0.0,0.0,0.0,0.0
198,12,2016-11-18,5.0,0.0,0.0,0,4,18,323,11,2016,0,0,0,0,1,0,0,0,0,0,0,0,0,0,0,0,0,1,0,0,1,1,0,0.0,0.0,0.0,0.0,0.0,0.0,0.0,0.0
199,13,2016-11-19,5.0,0.0,0.0,0,5,19,324,11,2016,0,0,0,0,0,1,0,0,0,0,0,0,0,0,0,0,0,1,0,0,1,1,0,0.0,0.0,0.0,0.0,0.0,0.0,0.0,0.0
200,14,2016-11-20,5.0,0.0,0.0,0,6,20,325,11,2016,0,0,0,0,0,0,1,0,0,0,0,0,0,0,0,0,0,1,0,0,1,1,0,0.0,0.0,0.0,0.0,0.0,0.0,0.0,0.0
201,15,2016-11-21,5.0,0.0,0.0,0,0,21,326,11,2016,1,0,0,0,0,0,0,0,0,0,0,0,0,0,0,0,0,1,0,0,1,1,0,0.0,0.0,0.0,0.0,0.0,0.0,0.0,0.0
202,16,2016-11-22,5.0,0.0,0.0,0,1,22,327,11,2016,0,1,0,0,0,0,0,0,0,0,0,0,0,0,0,0,0,1,0,0,1,1,0,0.0,0.0,0.0,0.0,0.0,0.0,0.0,0.0
203,17,2016-11-23,5.0,0.0,0.0,0,2,23,328,11,2016,0,0,1,0,0,0,0,0,0,0,0,0,0,0,0,0,0,1,0,0,1,1,0,0.0,0.0,0.0,0.0,0.0,0.0,0.0,0.0
204,18,2016-11-24,5.0,0.0,0.0,0,3,24,329,11,2016,0,0,0,1,0,0,0,0,0,0,0,0,0,0,0,0,0,1,0,0,1,1,0,0.0,0.0,0.0,0.0,0.0,0.0,0.0,0.0
205,19,2016-11-25,5.0,0.0,0.0,0,4,25,330,11,2016,0,0,0,0,1,0,0,0,0,0,0,0,0,0,0,0,0,1,0,0,1,1,0,0.0,0.0,0.0,0.0,0.0,0.0,0.0,0.0
206,20,2016-11-26,5.0,0.0,0.0,0,5,26,331,11,2016,0,0,0,0,0,1,0,0,0,0,0,0,0,0,0,0,0,1,0,0,1,1,0,0.0,0.0,0.0,0.0,0.0,0.0,0.0,0.0
207,21,2016-11-27,5.0,0.0,0.0,0,6,27,332,11,2016,0,0,0,0,0,0,1,0,0,0,0,0,0,0,0,0,0,1,0,0,1,1,0,0.0,0.0,0.0,0.0,0.0,0.0,0.0,0.0
208,22,2016-11-28,5.0,0.0,0.0,0,0,28,333,11,2016,1,0,0,0,0,0,0,0,0,0,0,0,0,0,0,0,0,1,0,0,1,1,0,0.0,0.0,0.0,0.0,0.0,0.0,0.0,0.0
209,23,2016-11-29,5.0,0.0,0.0,0,1,29,334,11,2016,0,1,0,0,0,0,0,0,0,0,0,0,0,0,0,0,0,1,0,0,1,1,0,0.0,0.0,0.0,0.0,0.0,0.0,0.0,0.0
210,24,2016-11-30,5.0,0.0,0.0,0,2,30,335,11,2016,0,0,1,0,0,0,0,0,0,0,0,0,0,0,0,0,0,1,0,0,1,1,0,0.0,0.0,0.0,0.0,0.0,0.0,0.0,0.0
211,25,2016-12-01,5.0,0.0,0.0,0,3,1,336,12,2016,0,0,0,1,0,0,0,0,0,0,0,0,0,0,0,0,0,0,1,0,1,1,0,0.0,0.0,0.0,0.0,0.0,0.0,0.0,0.0
212,26,2016-12-02,5.0,0.0,0.0,0,4,2,337,12,2016,0,0,0,0,1,0,0,0,0,0,0,0,0,0,0,0,0,0,1,0,1,1,0,0.0,0.0,0.0,0.0,0.0,0.0,0.0,0.0
213,27,2016-12-03,5.0,0.0,0.0,0,5,3,338,12,2016,0,0,0,0,0,1,0,0,0,0,0,0,0,0,0,0,0,0,1,0,1,1,0,0.0,0.0,0.0,0.0,0.0,0.0,0.0,0.0
214,28,2016-12-04,5.0,0.0,0.0,0,6,4,339,12,2016,0,0,0,0,0,0,1,0,0,0,0,0,0,0,0,0,0,0,1,0,1,1,0,0.0,0.0,0.0,0.0,0.0,0.0,0.0,0.0
215,29,2016-12-05,5.0,0.0,0.0,0,0,5,340,12,2016,1,0,0,0,0,0,0,0,0,0,0,0,0,0,0,0,0,0,1,0,1,1,0,0.0,0.0,0.0,0.0,0.0,0.0,0.0,0.0
216,30,2016-12-06,5.0,0.0,0.0,0,1,6,341,12,2016,0,1,0,0,0,0,0,0,0,0,0,0,0,0,0,0,0,0,1,0,1,1,0,0.0,0.0,0.0,0.0,0.0,0.0,0.0,0.0
217,0,2016-11-06,6.0,0.0,0.0,0,6,6,311,11,2016,0,0,0,0,0,0,1,0,0,0,0,0,0,0,0,0,0,1,0,0,1,1,0,2.0,0.6,8.2,3.0,-1.44174770829,-1.68776615931,-1.39050613702,-0.674128730111
218,1,2016-11-07,6.0,0.0,0.0,0,0,7,312,11,2016,1,0,0,0,0,0,0,0,0,0,0,0,0,0,0,0,0,1,0,0,1,1,0,4.0,3.3,9.0,80.0,-0.381466489982,-1.19404749351,-1.25698601544,1.93426070271
219,2,2016-11-08,6.0,0.0,0.0,0,1,8,313,11,2016,0,1,0,0,0,0,0,0,0,0,0,0,0,0,0,0,0,1,0,0,1,1,0,2.0,-1.2,7.4,2.0,-1.44174770829,-2.01691193651,-1.5240262586,-0.708003917551
220,3,2016-11-09,6.0,0.0,0.0,0,2,9,314,11,2016,0,0,1,0,0,0,0,0,0,0,0,0,0,0,0,0,0,1,0,0,1,1,0,7.0,4.0,9.4,63.0,1.20895533748,-1.06604635793,-1.19022595465,1.35838251625
221,4,2016-11-10,6.0,0.0,0.0,0,3,10,315,11,2016,0,0,0,1,0,0,0,0,0,0,0,0,0,0,0,0,0,1,0,0,1,1,0,5.0,4.4,11.3,25.0,0.148674119172,-0.992902851885,-0.873115665893,0.0711253935534
222,5,2016-11-11,6.0,0.0,0.0,0,4,11,316,11,2016,0,0,0,0,1,0,0,0,0,0,0,0,0,0,0,0,0,1,0,0,1,1,0,6.0,4.9,12.5,61.0,0.678814728327,-0.90147346933,-0.672835483521,1.29063214137
223,6,2016-11-12,6.0,0.0,0.0,0,5,12,317,11,2016,0,0,0,0,0,1,0,0,0,0,0,0,0,0,0,0,0,1,0,0,1,1,0,6.0,8.2,11.5,80.0,0.678814728327,-0.298039544463,-0.839735635498,1.93426070271
224,7,2016-11-13,6.0,0.0,0.0,0,6,13,318,11,2016,0,0,0,0,0,0,1,0,0,0,0,0,0,0,0,0,0,1,0,0,1,1,0,5.0,5.4,10.8,25.0,0.148674119172,-0.810044086774,-0.956565741881,0.0711253935534
225,8,2016-11-14,6.0,0.0,0.0,0,0,14,319,11,2016,1,0,0,0,0,0,0,0,0,0,0,0,0,0,0,0,0,1,0,0,1,1,0,0.0,0.0,0.0,0.0,0.0,0.0,0.0,0.0
226,9,2016-11-15,6.0,0.0,0.0,0,1,15,320,11,2016,0,1,0,0,0,0,0,0,0,0,0,0,0,0,0,0,0,1,0,0,1,1,0,0.0,0.0,0.0,0.0,0.0,0.0,0.0,0.0
227,10,2016-11-16,6.0,0.0,0.0,0,2,16,321,11,2016,0,0,1,0,0,0,0,0,0,0,0,0,0,0,0,0,0,1,0,0,1,1,0,0.0,0.0,0.0,0.0,0.0,0.0,0.0,0.0
228,11,2016-11-17,6.0,0.0,0.0,0,3,17,322,11,2016,0,0,0,1,0,0,0,0,0,0,0,0,0,0,0,0,0,1,0,0,1,1,0,0.0,0.0,0.0,0.0,0.0,0.0,0.0,0.0
229,12,2016-11-18,6.0,0.0,0.0,0,4,18,323,11,2016,0,0,0,0,1,0,0,0,0,0,0,0,0,0,0,0,0,1,0,0,1,1,0,0.0,0.0,0.0,0.0,0.0,0.0,0.0,0.0
230,13,2016-11-19,6.0,0.0,0.0,0,5,19,324,11,2016,0,0,0,0,0,1,0,0,0,0,0,0,0,0,0,0,0,1,0,0,1,1,0,0.0,0.0,0.0,0.0,0.0,0.0,0.0,0.0
231,14,2016-11-20,6.0,0.0,0.0,0,6,20,325,11,2016,0,0,0,0,0,0,1,0,0,0,0,0,0,0,0,0,0,1,0,0,1,1,0,0.0,0.0,0.0,0.0,0.0,0.0,0.0,0.0
232,15,2016-11-21,6.0,0.0,0.0,0,0,21,326,11,2016,1,0,0,0,0,0,0,0,0,0,0,0,0,0,0,0,0,1,0,0,1,1,0,0.0,0.0,0.0,0.0,0.0,0.0,0.0,0.0
233,16,2016-11-22,6.0,0.0,0.0,0,1,22,327,11,2016,0,1,0,0,0,0,0,0,0,0,0,0,0,0,0,0,0,1,0,0,1,1,0,0.0,0.0,0.0,0.0,0.0,0.0,0.0,0.0
234,17,2016-11-23,6.0,0.0,0.0,0,2,23,328,11,2016,0,0,1,0,0,0,0,0,0,0,0,0,0,0,0,0,0,1,0,0,1,1,0,0.0,0.0,0.0,0.0,0.0,0.0,0.0,0.0
235,18,2016-11-24,6.0,0.0,0.0,0,3,24,329,11,2016,0,0,0,1,0,0,0,0,0,0,0,0,0,0,0,0,0,1,0,0,1,1,0,0.0,0.0,0.0,0.0,0.0,0.0,0.0,0.0
236,19,2016-11-25,6.0,0.0,0.0,0,4,25,330,11,2016,0,0,0,0,1,0,0,0,0,0,0,0,0,0,0,0,0,1,0,0,1,1,0,0.0,0.0,0.0,0.0,0.0,0.0,0.0,0.0
237,20,2016-11-26,6.0,0.0,0.0,0,5,26,331,11,2016,0,0,0,0,0,1,0,0,0,0,0,0,0,0,0,0,0,1,0,0,1,1,0,0.0,0.0,0.0,0.0,0.0,0.0,0.0,0.0
238,21,2016-11-27,6.0,0.0,0.0,0,6,27,332,11,2016,0,0,0,0,0,0,1,0,0,0,0,0,0,0,0,0,0,1,0,0,1,1,0,0.0,0.0,0.0,0.0,0.0,0.0,0.0,0.0
239,22,2016-11-28,6.0,0.0,0.0,0,0,28,333,11,2016,1,0,0,0,0,0,0,0,0,0,0,0,0,0,0,0,0,1,0,0,1,1,0,0.0,0.0,0.0,0.0,0.0,0.0,0.0,0.0
240,23,2016-11-29,6.0,0.0,0.0,0,1,29,334,11,2016,0,1,0,0,0,0,0,0,0,0,0,0,0,0,0,0,0,1,0,0,1,1,0,0.0,0.0,0.0,0.0,0.0,0.0,0.0,0.0
241,24,2016-11-30,6.0,0.0,0.0,0,2,30,335,11,2016,0,0,1,0,0,0,0,0,0,0,0,0,0,0,0,0,0,1,0,0,1,1,0,0.0,0.0,0.0,0.0,0.0,0.0,0.0,0.0
242,25,2016-12-01,6.0,0.0,0.0,0,3,1,336,12,2016,0,0,0,1,0,0,0,0,0,0,0,0,0,0,0,0,0,0,1,0,1,1,0,0.0,0.0,0.0,0.0,0.0,0.0,0.0,0.0
243,26,2016-12-02,6.0,0.0,0.0,0,4,2,337,12,2016,0,0,0,0,1,0,0,0,0,0,0,0,0,0,0,0,0,0,1,0,1,1,0,0.0,0.0,0.0,0.0,0.0,0.0,0.0,0.0
244,27,2016-12-03,6.0,0.0,0.0,0,5,3,338,12,2016,0,0,0,0,0,1,0,0,0,0,0,0,0,0,0,0,0,0,1,0,1,1,0,0.0,0.0,0.0,0.0,0.0,0.0,0.0,0.0
245,28,2016-12-04,6.0,0.0,0.0,0,6,4,339,12,2016,0,0,0,0,0,0,1,0,0,0,0,0,0,0,0,0,0,0,1,0,1,1,0,0.0,0.0,0.0,0.0,0.0,0.0,0.0,0.0
246,29,2016-12-05,6.0,0.0,0.0,0,0,5,340,12,2016,1,0,0,0,0,0,0,0,0,0,0,0,0,0,0,0,0,0,1,0,1,1,0,0.0,0.0,0.0,0.0,0.0,0.0,0.0,0.0
247,30,2016-12-06,6.0,0.0,0.0,0,1,6,341,12,2016,0,1,0,0,0,0,0,0,0,0,0,0,0,0,0,0,0,0,1,0,1,1,0,0.0,0.0,0.0,0.0,0.0,0.0,0.0,0.0
248,0,2016-11-06,7.0,0.0,0.0,0,6,6,311,11,2016,0,0,0,0,0,0,1,0,0,0,0,0,0,0,0,0,0,1,0,0,1,1,0,2.0,1.9,8.0,2.0,inf,-1.33836104316,-1.40151744303,-0.664637062817
249,1,2016-11-07,7.0,0.0,0.0,0,0,7,312,11,2016,1,0,0,0,0,0,0,0,0,0,0,0,0,0,0,0,0,1,0,0,1,1,0,3.0,3.8,8.8,80.0,inf,-1.00877704092,-1.2711994379,2.02535529215
250,2,2016-11-08,7.0,0.0,0.0,0,1,8,313,11,2016,0,1,0,0,0,0,0,0,0,0,0,0,0,0,0,0,0,1,0,0,1,1,0,3.0,1.1,8.1,3.0,inf,-1.47713325463,-1.38522769238,-0.630149981343
251,3,2016-11-09,7.0,0.0,0.0,0,2,9,314,11,2016,0,0,1,0,0,0,0,0,0,0,0,0,0,0,0,0,0,1,0,0,1,1,0,6.0,5.3,8.6,80.0,inf,-0.748579144412,-1.30377893918,2.02535529215
252,4,2016-11-10,7.0,0.0,0.0,0,3,10,315,11,2016,0,0,0,1,0,0,0,0,0,0,0,0,0,0,0,0,0,1,0,0,1,1,0,5.0,5.4,11.4,5.0,inf,-0.731232617978,-0.847665921228,-0.561175818396
253,5,2016-11-11,7.0,0.0,0.0,0,4,11,316,11,2016,0,0,0,0,1,0,0,0,0,0,0,0,0,0,0,0,0,1,0,0,1,1,0,5.0,6.3,12.5,61.0,inf,-0.575113880074,-0.668478664176,1.37010074414
254,6,2016-11-12,7.0,0.0,0.0,0,5,12,317,11,2016,0,0,0,0,0,1,0,0,0,0,0,0,0,0,0,0,0,1,0,0,1,1,0,6.0,9.1,11.4,80.0,inf,-0.0894111399272,-0.847665921228,2.02535529215
255,7,2016-11-13,7.0,0.0,0.0,0,6,13,318,11,2016,0,0,0,0,0,0,1,0,0,0,0,0,0,0,0,0,0,1,0,0,1,1,0,4.0,6.5,10.7,60.0,inf,-0.540420827206,-0.961694175716,1.33561366267
256,8,2016-11-14,7.0,0.0,0.0,0,0,14,319,11,2016,1,0,0,0,0,0,0,0,0,0,0,0,0,0,0,0,0,1,0,0,1,1,0,0.0,0.0,0.0,0.0,0.0,0.0,0.0,0.0
257,9,2016-11-15,7.0,0.0,0.0,0,1,15,320,11,2016,0,1,0,0,0,0,0,0,0,0,0,0,0,0,0,0,0,1,0,0,1,1,0,0.0,0.0,0.0,0.0,0.0,0.0,0.0,0.0
258,10,2016-11-16,7.0,0.0,0.0,0,2,16,321,11,2016,0,0,1,0,0,0,0,0,0,0,0,0,0,0,0,0,0,1,0,0,1,1,0,0.0,0.0,0.0,0.0,0.0,0.0,0.0,0.0
259,11,2016-11-17,7.0,0.0,0.0,0,3,17,322,11,2016,0,0,0,1,0,0,0,0,0,0,0,0,0,0,0,0,0,1,0,0,1,1,0,0.0,0.0,0.0,0.0,0.0,0.0,0.0,0.0
260,12,2016-11-18,7.0,0.0,0.0,0,4,18,323,11,2016,0,0,0,0,1,0,0,0,0,0,0,0,0,0,0,0,0,1,0,0,1,1,0,0.0,0.0,0.0,0.0,0.0,0.0,0.0,0.0
261,13,2016-11-19,7.0,0.0,0.0,0,5,19,324,11,2016,0,0,0,0,0,1,0,0,0,0,0,0,0,0,0,0,0,1,0,0,1,1,0,0.0,0.0,0.0,0.0,0.0,0.0,0.0,0.0
262,14,2016-11-20,7.0,0.0,0.0,0,6,20,325,11,2016,0,0,0,0,0,0,1,0,0,0,0,0,0,0,0,0,0,1,0,0,1,1,0,0.0,0.0,0.0,0.0,0.0,0.0,0.0,0.0
263,15,2016-11-21,7.0,0.0,0.0,0,0,21,326,11,2016,1,0,0,0,0,0,0,0,0,0,0,0,0,0,0,0,0,1,0,0,1,1,0,0.0,0.0,0.0,0.0,0.0,0.0,0.0,0.0
264,16,2016-11-22,7.0,0.0,0.0,0,1,22,327,11,2016,0,1,0,0,0,0,0,0,0,0,0,0,0,0,0,0,0,1,0,0,1,1,0,0.0,0.0,0.0,0.0,0.0,0.0,0.0,0.0
265,17,2016-11-23,7.0,0.0,0.0,0,2,23,328,11,2016,0,0,1,0,0,0,0,0,0,0,0,0,0,0,0,0,0,1,0,0,1,1,0,0.0,0.0,0.0,0.0,0.0,0.0,0.0,0.0
266,18,2016-11-24,7.0,0.0,0.0,0,3,24,329,11,2016,0,0,0,1,0,0,0,0,0,0,0,0,0,0,0,0,0,1,0,0,1,1,0,0.0,0.0,0.0,0.0,0.0,0.0,0.0,0.0
267,19,2016-11-25,7.0,0.0,0.0,0,4,25,330,11,2016,0,0,0,0,1,0,0,0,0,0,0,0,0,0,0,0,0,1,0,0,1,1,0,0.0,0.0,0.0,0.0,0.0,0.0,0.0,0.0
268,20,2016-11-26,7.0,0.0,0.0,0,5,26,331,11,2016,0,0,0,0,0,1,0,0,0,0,0,0,0,0,0,0,0,1,0,0,1,1,0,0.0,0.0,0.0,0.0,0.0,0.0,0.0,0.0
269,21,2016-11-27,7.0,0.0,0.0,0,6,27,332,11,2016,0,0,0,0,0,0,1,0,0,0,0,0,0,0,0,0,0,1,0,0,1,1,0,0.0,0.0,0.0,0.0,0.0,0.0,0.0,0.0
270,22,2016-11-28,7.0,0.0,0.0,0,0,28,333,11,2016,1,0,0,0,0,0,0,0,0,0,0,0,0,0,0,0,0,1,0,0,1,1,0,0.0,0.0,0.0,0.0,0.0,0.0,0.0,0.0
271,23,2016-11-29,7.0,0.0,0.0,0,1,29,334,11,2016,0,1,0,0,0,0,0,0,0,0,0,0,0,0,0,0,0,1,0,0,1,1,0,0.0,0.0,0.0,0.0,0.0,0.0,0.0,0.0
272,24,2016-11-30,7.0,0.0,0.0,0,2,30,335,11,2016,0,0,1,0,0,0,0,0,0,0,0,0,0,0,0,0,0,1,0,0,1,1,0,0.0,0.0,0.0,0.0,0.0,0.0,0.0,0.0
273,25,2016-12-01,7.0,0.0,0.0,0,3,1,336,12,2016,0,0,0,1,0,0,0,0,0,0,0,0,0,0,0,0,0,0,1,0,1,1,0,0.0,0.0,0.0,0.0,0.0,0.0,0.0,0.0
274,26,2016-12-02,7.0,0.0,0.0,0,4,2,337,12,2016,0,0,0,0,1,0,0,0,0,0,0,0,0,0,0,0,0,0,1,0,1,1,0,0.0,0.0,0.0,0.0,0.0,0.0,0.0,0.0
275,27,2016-12-03,7.0,0.0,0.0,0,5,3,338,12,2016,0,0,0,0,0,1,0,0,0,0,0,0,0,0,0,0,0,0,1,0,1,1,0,0.0,0.0,0.0,0.0,0.0,0.0,0.0,0.0
276,28,2016-12-04,7.0,0.0,0.0,0,6,4,339,12,2016,0,0,0,0,0,0,1,0,0,0,0,0,0,0,0,0,0,0,1,0,1,1,0,0.0,0.0,0.0,0.0,0.0,0.0,0.0,0.0
277,29,2016-12-05,7.0,0.0,0.0,0,0,5,340,12,2016,1,0,0,0,0,0,0,0,0,0,0,0,0,0,0,0,0,0,1,0,1,1,0,0.0,0.0,0.0,0.0,0.0,0.0,0.0,0.0
278,30,2016-12-06,7.0,0.0,0.0,0,1,6,341,12,2016,0,1,0,0,0,0,0,0,0,0,0,0,0,0,0,0,0,0,1,0,1,1,0,0.0,0.0,0.0,0.0,0.0,0.0,0.0,0.0
279,0,2016-11-06,8.0,0.0,0.0,0,6,6,311,11,2016,0,0,0,0,0,0,1,0,0,0,0,0,0,0,0,0,0,1,0,0,1,1,0,3.0,2.4,7.1,80.0,-0.478274650537,-1.08873371822,-1.42764774237,1.81271374425
280,1,2016-11-07,8.0,0.0,0.0,0,0,7,312,11,2016,1,0,0,0,0,0,0,0,0,0,0,0,0,0,0,0,0,1,0,0,1,1,0,3.0,2.5,7.0,80.0,-0.478274650537,-1.07090695601,-1.44459935797,1.81271374425
281,2,2016-11-08,8.0,0.0,0.0,0,1,8,313,11,2016,0,1,0,0,0,0,0,0,0,0,0,0,0,0,0,0,0,1,0,0,1,1,0,3.0,0.4,6.5,3.0,-0.478274650537,-1.44526896238,-1.52935743593,-0.738799670668
282,3,2016-11-09,8.0,0.0,0.0,0,2,9,314,11,2016,0,0,1,0,0,0,0,0,0,0,0,0,0,0,0,0,0,1,0,0,1,1,0,6.0,2.7,7.7,63.0,1.06345775237,-1.03525343159,-1.32593804882,1.2493926007
283,4,2016-11-10,8.0,0.0,0.0,0,3,10,315,11,2016,0,0,0,1,0,0,0,0,0,0,0,0,0,0,0,0,0,1,0,0,1,1,0,4.0,5.2,10.3,25.0,0.0356361504321,-0.589584376388,-0.885196043417,-0.00979583783338
284,5,2016-11-11,8.0,0.0,0.0,0,4,11,316,11,2016,0,0,0,0,1,0,0,0,0,0,0,0,0,0,0,0,0,1,0,0,1,1,0,5.0,5.6,10.9,80.0,0.549546951401,-0.518277327555,-0.783486349863,1.81271374425
285,6,2016-11-12,8.0,0.0,0.0,0,5,12,317,11,2016,0,0,0,0,0,1,0,0,0,0,0,0,0,0,0,0,0,1,0,0,1,1,0,4.0,7.3,10.4,80.0,0.0356361504321,-0.215222370017,-0.868244427825,1.81271374425
286,7,2016-11-13,8.0,0.0,0.0,0,6,13,318,11,2016,0,0,0,0,0,0,1,0,0,0,0,0,0,0,0,0,0,1,0,0,1,1,0,4.0,5.6,9.8,60.0,0.0356361504321,-0.518277327555,-0.969954121379,1.14998298713
287,8,2016-11-14,8.0,0.0,0.0,0,0,14,319,11,2016,1,0,0,0,0,0,0,0,0,0,0,0,0,0,0,0,0,1,0,0,1,1,0,0.0,0.0,0.0,0.0,0.0,0.0,0.0,0.0
288,9,2016-11-15,8.0,0.0,0.0,0,1,15,320,11,2016,0,1,0,0,0,0,0,0,0,0,0,0,0,0,0,0,0,1,0,0,1,1,0,0.0,0.0,0.0,0.0,0.0,0.0,0.0,0.0
289,10,2016-11-16,8.0,0.0,0.0,0,2,16,321,11,2016,0,0,1,0,0,0,0,0,0,0,0,0,0,0,0,0,0,1,0,0,1,1,0,0.0,0.0,0.0,0.0,0.0,0.0,0.0,0.0
290,11,2016-11-17,8.0,0.0,0.0,0,3,17,322,11,2016,0,0,0,1,0,0,0,0,0,0,0,0,0,0,0,0,0,1,0,0,1,1,0,0.0,0.0,0.0,0.0,0.0,0.0,0.0,0.0
291,12,2016-11-18,8.0,0.0,0.0,0,4,18,323,11,2016,0,0,0,0,1,0,0,0,0,0,0,0,0,0,0,0,0,1,0,0,1,1,0,0.0,0.0,0.0,0.0,0.0,0.0,0.0,0.0
292,13,2016-11-19,8.0,0.0,0.0,0,5,19,324,11,2016,0,0,0,0,0,1,0,0,0,0,0,0,0,0,0,0,0,1,0,0,1,1,0,0.0,0.0,0.0,0.0,0.0,0.0,0.0,0.0
293,14,2016-11-20,8.0,0.0,0.0,0,6,20,325,11,2016,0,0,0,0,0,0,1,0,0,0,0,0,0,0,0,0,0,1,0,0,1,1,0,0.0,0.0,0.0,0.0,0.0,0.0,0.0,0.0
294,15,2016-11-21,8.0,0.0,0.0,0,0,21,326,11,2016,1,0,0,0,0,0,0,0,0,0,0,0,0,0,0,0,0,1,0,0,1,1,0,0.0,0.0,0.0,0.0,0.0,0.0,0.0,0.0
295,16,2016-11-22,8.0,0.0,0.0,0,1,22,327,11,2016,0,1,0,0,0,0,0,0,0,0,0,0,0,0,0,0,0,1,0,0,1,1,0,0.0,0.0,0.0,0.0,0.0,0.0,0.0,0.0
296,17,2016-11-23,8.0,0.0,0.0,0,2,23,328,11,2016,0,0,1,0,0,0,0,0,0,0,0,0,0,0,0,0,0,1,0,0,1,1,0,0.0,0.0,0.0,0.0,0.0,0.0,0.0,0.0
297,18,2016-11-24,8.0,0.0,0.0,0,3,24,329,11,2016,0,0,0,1,0,0,0,0,0,0,0,0,0,0,0,0,0,1,0,0,1,1,0,0.0,0.0,0.0,0.0,0.0,0.0,0.0,0.0
298,19,2016-11-25,8.0,0.0,0.0,0,4,25,330,11,2016,0,0,0,0,1,0,0,0,0,0,0,0,0,0,0,0,0,1,0,0,1,1,0,0.0,0.0,0.0,0.0,0.0,0.0,0.0,0.0
299,20,2016-11-26,8.0,0.0,0.0,0,5,26,331,11,2016,0,0,0,0,0,1,0,0,0,0,0,0,0,0,0,0,0,1,0,0,1,1,0,0.0,0.0,0.0,0.0,0.0,0.0,0.0,0.0
300,21,2016-11-27,8.0,0.0,0.0,0,6,27,332,11,2016,0,0,0,0,0,0,1,0,0,0,0,0,0,0,0,0,0,1,0,0,1,1,0,0.0,0.0,0.0,0.0,0.0,0.0,0.0,0.0
301,22,2016-11-28,8.0,0.0,0.0,0,0,28,333,11,2016,1,0,0,0,0,0,0,0,0,0,0,0,0,0,0,0,0,1,0,0,1,1,0,0.0,0.0,0.0,0.0,0.0,0.0,0.0,0.0
302,23,2016-11-29,8.0,0.0,0.0,0,1,29,334,11,2016,0,1,0,0,0,0,0,0,0,0,0,0,0,0,0,0,0,1,0,0,1,1,0,0.0,0.0,0.0,0.0,0.0,0.0,0.0,0.0
303,24,2016-11-30,8.0,0.0,0.0,0,2,30,335,11,2016,0,0,1,0,0,0,0,0,0,0,0,0,0,0,0,0,0,1,0,0,1,1,0,0.0,0.0,0.0,0.0,0.0,0.0,0.0,0.0
304,25,2016-12-01,8.0,0.0,0.0,0,3,1,336,12,2016,0,0,0,1,0,0,0,0,0,0,0,0,0,0,0,0,0,0,1,0,1,1,0,0.0,0.0,0.0,0.0,0.0,0.0,0.0,0.0
305,26,2016-12-02,8.0,0.0,0.0,0,4,2,337,12,2016,0,0,0,0,1,0,0,0,0,0,0,0,0,0,0,0,0,0,1,0,1,1,0,0.0,0.0,0.0,0.0,0.0,0.0,0.0,0.0
306,27,2016-12-03,8.0,0.0,0.0,0,5,3,338,12,2016,0,0,0,0,0,1,0,0,0,0,0,0,0,0,0,0,0,0,1,0,1,1,0,0.0,0.0,0.0,0.0,0.0,0.0,0.0,0.0
307,28,2016-12-04,8.0,0.0,0.0,0,6,4,339,12,2016,0,0,0,0,0,0,1,0,0,0,0,0,0,0,0,0,0,0,1,0,1,1,0,0.0,0.0,0.0,0.0,0.0,0.0,0.0,0.0
308,29,2016-12-05,8.0,0.0,0.0,0,0,5,340,12,2016,1,0,0,0,0,0,0,0,0,0,0,0,0,0,0,0,0,0,1,0,1,1,0,0.0,0.0,0.0,0.0,0.0,0.0,0.0,0.0
309,30,2016-12-06,8.0,0.0,0.0,0,1,6,341,12,2016,0,1,0,0,0,0,0,0,0,0,0,0,0,0,0,0,0,0,1,0,1,1,0,0.0,0.0,0.0,0.0,0.0,0.0,0.0,0.0
310,0,2016-11-06,11.0,0.0,0.0,0,6,6,311,11,2016,0,0,0,0,0,0,1,0,0,0,0,0,0,0,0,0,0,1,0,0,1,1,0,6.0,5.1,10.5,80.0,1.24600722053,-0.851908693493,-0.880687016089,1.71887300175
311,1,2016-11-07,11.0,0.0,0.0,0,0,7,312,11,2016,1,0,0,0,0,0,0,0,0,0,0,0,0,0,0,0,0,1,0,0,1,1,0,8.0,4.3,6.5,80.0,2.29590201684,-0.985403144687,-1.50936789497,1.71887300175
312,2,2016-11-08,11.0,0.0,0.0,0,1,8,313,11,2016,0,1,0,0,0,0,0,0,0,0,0,0,0,0,0,0,0,1,0,0,1,1,0,6.0,-0.5,5.5,7.0,1.24600722053,-1.78636985185,-1.66653811469,-0.590265763447
313,3,2016-11-09,11.0,0.0,0.0,0,2,9,314,11,2016,0,0,1,0,0,0,0,0,0,0,0,0,0,0,0,0,0,1,0,0,1,1,0,6.0,0.4,4.5,6.0,1.24600722053,-1.63618859426,-1.82370833442,-0.621897801326
314,4,2016-11-10,11.0,0.0,0.0,0,3,10,315,11,2016,0,0,0,1,0,0,0,0,0,0,0,0,0,0,0,0,0,1,0,0,1,1,0,7.0,2.7,8.8,80.0,1.77095461869,-1.25239204708,-1.14787638962,1.71887300175
315,5,2016-11-11,11.0,0.0,0.0,0,4,11,316,11,2016,0,0,0,0,1,0,0,0,0,0,0,0,0,0,0,0,0,1,0,0,1,1,0,6.0,5.4,10.0,80.0,1.24600722053,-0.801848274295,-0.95927212595,1.71887300175
316,6,2016-11-12,11.0,0.0,0.0,0,5,12,317,11,2016,0,0,0,0,0,1,0,0,0,0,0,0,0,0,0,0,0,1,0,0,1,1,0,8.0,7.1,10.1,80.0,2.29590201684,-0.518172565508,-0.943555103978,1.71887300175
317,7,2016-11-13,11.0,0.0,0.0,0,6,13,318,11,2016,0,0,0,0,0,0,1,0,0,0,0,0,0,0,0,0,0,1,0,0,1,1,0,8.0,5.9,9.2,80.0,2.29590201684,-0.718414242299,-1.08500830173,1.71887300175
318,8,2016-11-14,11.0,0.0,0.0,0,0,14,319,11,2016,1,0,0,0,0,0,0,0,0,0,0,0,0,0,0,0,0,1,0,0,1,1,0,0.0,0.0,0.0,0.0,0.0,0.0,0.0,0.0
319,9,2016-11-15,11.0,0.0,0.0,0,1,15,320,11,2016,0,1,0,0,0,0,0,0,0,0,0,0,0,0,0,0,0,1,0,0,1,1,0,0.0,0.0,0.0,0.0,0.0,0.0,0.0,0.0
320,10,2016-11-16,11.0,0.0,0.0,0,2,16,321,11,2016,0,0,1,0,0,0,0,0,0,0,0,0,0,0,0,0,0,1,0,0,1,1,0,0.0,0.0,0.0,0.0,0.0,0.0,0.0,0.0
321,11,2016-11-17,11.0,0.0,0.0,0,3,17,322,11,2016,0,0,0,1,0,0,0,0,0,0,0,0,0,0,0,0,0,1,0,0,1,1,0,0.0,0.0,0.0,0.0,0.0,0.0,0.0,0.0
322,12,2016-11-18,11.0,0.0,0.0,0,4,18,323,11,2016,0,0,0,0,1,0,0,0,0,0,0,0,0,0,0,0,0,1,0,0,1,1,0,0.0,0.0,0.0,0.0,0.0,0.0,0.0,0.0
323,13,2016-11-19,11.0,0.0,0.0,0,5,19,324,11,2016,0,0,0,0,0,1,0,0,0,0,0,0,0,0,0,0,0,1,0,0,1,1,0,0.0,0.0,0.0,0.0,0.0,0.0,0.0,0.0
324,14,2016-11-20,11.0,0.0,0.0,0,6,20,325,11,2016,0,0,0,0,0,0,1,0,0,0,0,0,0,0,0,0,0,1,0,0,1,1,0,0.0,0.0,0.0,0.0,0.0,0.0,0.0,0.0
325,15,2016-11-21,11.0,0.0,0.0,0,0,21,326,11,2016,1,0,0,0,0,0,0,0,0,0,0,0,0,0,0,0,0,1,0,0,1,1,0,0.0,0.0,0.0,0.0,0.0,0.0,0.0,0.0
326,16,2016-11-22,11.0,0.0,0.0,0,1,22,327,11,2016,0,1,0,0,0,0,0,0,0,0,0,0,0,0,0,0,0,1,0,0,1,1,0,0.0,0.0,0.0,0.0,0.0,0.0,0.0,0.0
327,17,2016-11-23,11.0,0.0,0.0,0,2,23,328,11,2016,0,0,1,0,0,0,0,0,0,0,0,0,0,0,0,0,0,1,0,0,1,1,0,0.0,0.0,0.0,0.0,0.0,0.0,0.0,0.0
328,18,2016-11-24,11.0,0.0,0.0,0,3,24,329,11,2016,0,0,0,1,0,0,0,0,0,0,0,0,0,0,0,0,0,1,0,0,1,1,0,0.0,0.0,0.0,0.0,0.0,0.0,0.0,0.0
329,19,2016-11-25,11.0,0.0,0.0,0,4,25,330,11,2016,0,0,0,0,1,0,0,0,0,0,0,0,0,0,0,0,0,1,0,0,1,1,0,0.0,0.0,0.0,0.0,0.0,0.0,0.0,0.0
330,20,2016-11-26,11.0,0.0,0.0,0,5,26,331,11,2016,0,0,0,0,0,1,0,0,0,0,0,0,0,0,0,0,0,1,0,0,1,1,0,0.0,0.0,0.0,0.0,0.0,0.0,0.0,0.0
331,21,2016-11-27,11.0,0.0,0.0,0,6,27,332,11,2016,0,0,0,0,0,0,1,0,0,0,0,0,0,0,0,0,0,1,0,0,1,1,0,0.0,0.0,0.0,0.0,0.0,0.0,0.0,0.0
332,22,2016-11-28,11.0,0.0,0.0,0,0,28,333,11,2016,1,0,0,0,0,0,0,0,0,0,0,0,0,0,0,0,0,1,0,0,1,1,0,0.0,0.0,0.0,0.0,0.0,0.0,0.0,0.0
333,23,2016-11-29,11.0,0.0,0.0,0,1,29,334,11,2016,0,1,0,0,0,0,0,0,0,0,0,0,0,0,0,0,0,1,0,0,1,1,0,0.0,0.0,0.0,0.0,0.0,0.0,0.0,0.0
334,24,2016-11-30,11.0,0.0,0.0,0,2,30,335,11,2016,0,0,1,0,0,0,0,0,0,0,0,0,0,0,0,0,0,1,0,0,1,1,0,0.0,0.0,0.0,0.0,0.0,0.0,0.0,0.0
335,25,2016-12-01,11.0,0.0,0.0,0,3,1,336,12,2016,0,0,0,1,0,0,0,0,0,0,0,0,0,0,0,0,0,0,1,0,1,1,0,0.0,0.0,0.0,0.0,0.0,0.0,0.0,0.0
336,26,2016-12-02,11.0,0.0,0.0,0,4,2,337,12,2016,0,0,0,0,1,0,0,0,0,0,0,0,0,0,0,0,0,0,1,0,1,1,0,0.0,0.0,0.0,0.0,0.0,0.0,0.0,0.0
337,27,2016-12-03,11.0,0.0,0.0,0,5,3,338,12,2016,0,0,0,0,0,1,0,0,0,0,0,0,0,0,0,0,0,0,1,0,1,1,0,0.0,0.0,0.0,0.0,0.0,0.0,0.0,0.0
338,28,2016-12-04,11.0,0.0,0.0,0,6,4,339,12,2016,0,0,0,0,0,0,1,0,0,0,0,0,0,0,0,0,0,0,1,0,1,1,0,0.0,0.0,0.0,0.0,0.0,0.0,0.0,0.0
339,29,2016-12-05,11.0,0.0,0.0,0,0,5,340,12,2016,1,0,0,0,0,0,0,0,0,0,0,0,0,0,0,0,0,0,1,0,1,1,0,0.0,0.0,0.0,0.0,0.0,0.0,0.0,0.0
340,30,2016-12-06,11.0,0.0,0.0,0,1,6,341,12,2016,0,1,0,0,0,0,0,0,0,0,0,0,0,0,0,0,0,0,1,0,1,1,0,0.0,0.0,0.0,0.0,0.0,0.0,0.0,0.0
341,0,2016-11-06,10.0,0.0,0.0,0,6,6,311,11,2016,0,0,0,0,0,0,1,0,0,0,0,0,0,0,0,0,0,1,0,0,1,1,0,3.0,-0.6,9.2,4.0,0.420065227935,-1.82912351623,-1.14583488548,-0.658739740912
342,1,2016-11-07,10.0,0.0,0.0,0,0,7,312,11,2016,1,0,0,0,0,0,0,0,0,0,0,0,0,0,0,0,0,1,0,0,1,1,0,5.0,4.7,9.3,80.0,1.98870041477,-0.875685808915,-1.12726618468,1.83373589261
343,2,2016-11-08,10.0,0.0,0.0,0,1,8,313,11,2016,0,1,0,0,0,0,0,0,0,0,0,0,0,0,0,0,0,1,0,0,1,1,0,4.0,-0.2,8.1,4.0,1.20438282135,-1.75716595341,-1.35009059431,-0.658739740912
344,3,2016-11-09,10.0,0.0,0.0,0,2,9,314,11,2016,0,0,1,0,0,0,0,0,0,0,0,0,0,0,0,0,0,1,0,0,1,1,0,7.0,5.9,9.7,80.0,3.5573356016,-0.659813120466,-1.05299138147,1.83373589261
345,4,2016-11-10,10.0,0.0,0.0,0,3,10,315,11,2016,0,0,0,1,0,0,0,0,0,0,0,0,0,0,0,0,0,1,0,0,1,1,0,6.0,5.8,11.5,6.0,2.77301800818,-0.67780251117,-0.718754767024,-0.593148276872
346,5,2016-11-11,10.0,0.0,0.0,0,4,11,316,11,2016,0,0,0,0,1,0,0,0,0,0,0,0,0,0,0,0,0,1,0,0,1,1,0,6.0,6.2,12.9,61.0,2.77301800818,-0.605844948354,-0.458792955787,1.21061698423
347,6,2016-11-12,10.0,0.0,0.0,0,5,12,317,11,2016,0,0,0,0,0,1,0,0,0,0,0,0,0,0,0,0,0,1,0,0,1,1,0,7.0,9.5,11.9,80.0,3.5573356016,-0.0121950551215,-0.644479963813,1.83373589261
348,7,2016-11-13,10.0,0.0,0.0,0,6,13,318,11,2016,0,0,0,0,0,0,1,0,0,0,0,0,0,0,0,0,0,1,0,0,1,1,0,6.0,6.2,10.7,6.0,2.77301800818,-0.605844948354,-0.867304373445,-0.593148276872
349,8,2016-11-14,10.0,0.0,0.0,0,0,14,319,11,2016,1,0,0,0,0,0,0,0,0,0,0,0,0,0,0,0,0,1,0,0,1,1,0,0.0,0.0,0.0,0.0,0.0,0.0,0.0,0.0
350,9,2016-11-15,10.0,0.0,0.0,0,1,15,320,11,2016,0,1,0,0,0,0,0,0,0,0,0,0,0,0,0,0,0,1,0,0,1,1,0,0.0,0.0,0.0,0.0,0.0,0.0,0.0,0.0
351,10,2016-11-16,10.0,0.0,0.0,0,2,16,321,11,2016,0,0,1,0,0,0,0,0,0,0,0,0,0,0,0,0,0,1,0,0,1,1,0,0.0,0.0,0.0,0.0,0.0,0.0,0.0,0.0
352,11,2016-11-17,10.0,0.0,0.0,0,3,17,322,11,2016,0,0,0,1,0,0,0,0,0,0,0,0,0,0,0,0,0,1,0,0,1,1,0,0.0,0.0,0.0,0.0,0.0,0.0,0.0,0.0
353,12,2016-11-18,10.0,0.0,0.0,0,4,18,323,11,2016,0,0,0,0,1,0,0,0,0,0,0,0,0,0,0,0,0,1,0,0,1,1,0,0.0,0.0,0.0,0.0,0.0,0.0,0.0,0.0
354,13,2016-11-19,10.0,0.0,0.0,0,5,19,324,11,2016,0,0,0,0,0,1,0,0,0,0,0,0,0,0,0,0,0,1,0,0,1,1,0,0.0,0.0,0.0,0.0,0.0,0.0,0.0,0.0
355,14,2016-11-20,10.0,0.0,0.0,0,6,20,325,11,2016,0,0,0,0,0,0,1,0,0,0,0,0,0,0,0,0,0,1,0,0,1,1,0,0.0,0.0,0.0,0.0,0.0,0.0,0.0,0.0
356,15,2016-11-21,10.0,0.0,0.0,0,0,21,326,11,2016,1,0,0,0,0,0,0,0,0,0,0,0,0,0,0,0,0,1,0,0,1,1,0,0.0,0.0,0.0,0.0,0.0,0.0,0.0,0.0
357,16,2016-11-22,10.0,0.0,0.0,0,1,22,327,11,2016,0,1,0,0,0,0,0,0,0,0,0,0,0,0,0,0,0,1,0,0,1,1,0,0.0,0.0,0.0,0.0,0.0,0.0,0.0,0.0
358,17,2016-11-23,10.0,0.0,0.0,0,2,23,328,11,2016,0,0,1,0,0,0,0,0,0,0,0,0,0,0,0,0,0,1,0,0,1,1,0,0.0,0.0,0.0,0.0,0.0,0.0,0.0,0.0
359,18,2016-11-24,10.0,0.0,0.0,0,3,24,329,11,2016,0,0,0,1,0,0,0,0,0,0,0,0,0,0,0,0,0,1,0,0,1,1,0,0.0,0.0,0.0,0.0,0.0,0.0,0.0,0.0
360,19,2016-11-25,10.0,0.0,0.0,0,4,25,330,11,2016,0,0,0,0,1,0,0,0,0,0,0,0,0,0,0,0,0,1,0,0,1,1,0,0.0,0.0,0.0,0.0,0.0,0.0,0.0,0.0
361,20,2016-11-26,10.0,0.0,0.0,0,5,26,331,11,2016,0,0,0,0,0,1,0,0,0,0,0,0,0,0,0,0,0,1,0,0,1,1,0,0.0,0.0,0.0,0.0,0.0,0.0,0.0,0.0
362,21,2016-11-27,10.0,0.0,0.0,0,6,27,332,11,2016,0,0,0,0,0,0,1,0,0,0,0,0,0,0,0,0,0,1,0,0,1,1,0,0.0,0.0,0.0,0.0,0.0,0.0,0.0,0.0
363,22,2016-11-28,10.0,0.0,0.0,0,0,28,333,11,2016,1,0,0,0,0,0,0,0,0,0,0,0,0,0,0,0,0,1,0,0,1,1,0,0.0,0.0,0.0,0.0,0.0,0.0,0.0,0.0
364,23,2016-11-29,10.0,0.0,0.0,0,1,29,334,11,2016,0,1,0,0,0,0,0,0,0,0,0,0,0,0,0,0,0,1,0,0,1,1,0,0.0,0.0,0.0,0.0,0.0,0.0,0.0,0.0
365,24,2016-11-30,10.0,0.0,0.0,0,2,30,335,11,2016,0,0,1,0,0,0,0,0,0,0,0,0,0,0,0,0,0,1,0,0,1,1,0,0.0,0.0,0.0,0.0,0.0,0.0,0.0,0.0
366,25,2016-12-01,10.0,0.0,0.0,0,3,1,336,12,2016,0,0,0,1,0,0,0,0,0,0,0,0,0,0,0,0,0,0,1,0,1,1,0,0.0,0.0,0.0,0.0,0.0,0.0,0.0,0.0
367,26,2016-12-02,10.0,0.0,0.0,0,4,2,337,12,2016,0,0,0,0,1,0,0,0,0,0,0,0,0,0,0,0,0,0,1,0,1,1,0,0.0,0.0,0.0,0.0,0.0,0.0,0.0,0.0
368,27,2016-12-03,10.0,0.0,0.0,0,5,3,338,12,2016,0,0,0,0,0,1,0,0,0,0,0,0,0,0,0,0,0,0,1,0,1,1,0,0.0,0.0,0.0,0.0,0.0,0.0,0.0,0.0
369,28,2016-12-04,10.0,0.0,0.0,0,6,4,339,12,2016,0,0,0,0,0,0,1,0,0,0,0,0,0,0,0,0,0,0,1,0,1,1,0,0.0,0.0,0.0,0.0,0.0,0.0,0.0,0.0
370,29,2016-12-05,10.0,0.0,0.0,0,0,5,340,12,2016,1,0,0,0,0,0,0,0,0,0,0,0,0,0,0,0,0,0,1,0,1,1,0,0.0,0.0,0.0,0.0,0.0,0.0,0.0,0.0
371,30,2016-12-06,10.0,0.0,0.0,0,1,6,341,12,2016,0,1,0,0,0,0,0,0,0,0,0,0,0,0,0,0,0,0,1,0,1,1,0,0.0,0.0,0.0,0.0,0.0,0.0,0.0,0.0
372,0,2016-11-06,9.0,0.0,0.0,0,6,6,311,11,2016,0,0,0,0,0,0,1,0,0,0,0,0,0,0,0,0,0,1,0,0,1,1,0,2.0,2.4,8.3,3.0,-0.784555761425,-1.6047212841,-1.34823507075,-0.62384696638
373,1,2016-11-07,9.0,0.0,0.0,0,0,7,312,11,2016,1,0,0,0,0,0,0,0,0,0,0,0,0,0,0,0,0,1,0,0,1,1,0,4.0,4.5,8.7,60.0,0.21295084953,-1.21842245875,-1.28443450114,1.28840418797
374,2,2016-11-08,9.0,0.0,0.0,0,1,8,313,11,2016,0,1,0,0,0,0,0,0,0,0,0,0,0,0,0,0,0,1,0,0,1,1,0,2.0,1.1,7.4,3.0,-0.784555761425,-1.84385865217,-1.49178635237,-0.62384696638
375,3,2016-11-09,9.0,0.0,0.0,0,2,9,314,11,2016,0,0,1,0,0,0,0,0,0,0,0,0,0,0,0,0,0,1,0,0,1,1,0,6.0,5.1,9.1,80.0,1.21045746048,-1.1080513658,-1.22063393153,1.95936950528
376,4,2016-11-10,9.0,0.0,0.0,0,3,10,315,11,2016,0,0,0,1,0,0,0,0,0,0,0,0,0,0,0,0,0,1,0,0,1,1,0,5.0,5.7,11.8,5.0,0.711704155007,-0.99768027284,-0.789980086649,-0.556750434649
377,5,2016-11-11,9.0,0.0,0.0,0,4,11,316,11,2016,0,0,0,0,1,0,0,0,0,0,0,0,0,0,0,0,0,1,0,0,1,1,0,5.0,7.2,12.5,61.0,0.711704155007,-0.721752540451,-0.678329089829,1.32195245383
378,6,2016-11-12,9.0,0.0,0.0,0,5,12,317,11,2016,0,0,0,0,0,1,0,0,0,0,0,0,0,0,0,0,0,1,0,0,1,1,0,6.0,9.3,12.4,80.0,1.21045746048,-0.335453715107,-0.694279232232,1.95936950528
379,7,2016-11-13,9.0,0.0,0.0,0,6,13,318,11,2016,0,0,0,0,0,0,1,0,0,0,0,0,0,0,0,0,0,1,0,0,1,1,0,4.0,6.6,11.0,60.0,0.21295084953,-0.832123633407,-0.917581225872,1.28840418797
380,8,2016-11-14,9.0,0.0,0.0,0,0,14,319,11,2016,1,0,0,0,0,0,0,0,0,0,0,0,0,0,0,0,0,1,0,0,1,1,0,0.0,0.0,0.0,0.0,0.0,0.0,0.0,0.0
381,9,2016-11-15,9.0,0.0,0.0,0,1,15,320,11,2016,0,1,0,0,0,0,0,0,0,0,0,0,0,0,0,0,0,1,0,0,1,1,0,0.0,0.0,0.0,0.0,0.0,0.0,0.0,0.0
382,10,2016-11-16,9.0,0.0,0.0,0,2,16,321,11,2016,0,0,1,0,0,0,0,0,0,0,0,0,0,0,0,0,0,1,0,0,1,1,0,0.0,0.0,0.0,0.0,0.0,0.0,0.0,0.0
383,11,2016-11-17,9.0,0.0,0.0,0,3,17,322,11,2016,0,0,0,1,0,0,0,0,0,0,0,0,0,0,0,0,0,1,0,0,1,1,0,0.0,0.0,0.0,0.0,0.0,0.0,0.0,0.0
384,12,2016-11-18,9.0,0.0,0.0,0,4,18,323,11,2016,0,0,0,0,1,0,0,0,0,0,0,0,0,0,0,0,0,1,0,0,1,1,0,0.0,0.0,0.0,0.0,0.0,0.0,0.0,0.0
385,13,2016-11-19,9.0,0.0,0.0,0,5,19,324,11,2016,0,0,0,0,0,1,0,0,0,0,0,0,0,0,0,0,0,1,0,0,1,1,0,0.0,0.0,0.0,0.0,0.0,0.0,0.0,0.0
386,14,2016-11-20,9.0,0.0,0.0,0,6,20,325,11,2016,0,0,0,0,0,0,1,0,0,0,0,0,0,0,0,0,0,1,0,0,1,1,0,0.0,0.0,0.0,0.0,0.0,0.0,0.0,0.0
387,15,2016-11-21,9.0,0.0,0.0,0,0,21,326,11,2016,1,0,0,0,0,0,0,0,0,0,0,0,0,0,0,0,0,1,0,0,1,1,0,0.0,0.0,0.0,0.0,0.0,0.0,0.0,0.0
388,16,2016-11-22,9.0,0.0,0.0,0,1,22,327,11,2016,0,1,0,0,0,0,0,0,0,0,0,0,0,0,0,0,0,1,0,0,1,1,0,0.0,0.0,0.0,0.0,0.0,0.0,0.0,0.0
389,17,2016-11-23,9.0,0.0,0.0,0,2,23,328,11,2016,0,0,1,0,0,0,0,0,0,0,0,0,0,0,0,0,0,1,0,0,1,1,0,0.0,0.0,0.0,0.0,0.0,0.0,0.0,0.0
390,18,2016-11-24,9.0,0.0,0.0,0,3,24,329,11,2016,0,0,0,1,0,0,0,0,0,0,0,0,0,0,0,0,0,1,0,0,1,1,0,0.0,0.0,0.0,0.0,0.0,0.0,0.0,0.0
391,19,2016-11-25,9.0,0.0,0.0,0,4,25,330,11,2016,0,0,0,0,1,0,0,0,0,0,0,0,0,0,0,0,0,1,0,0,1,1,0,0.0,0.0,0.0,0.0,0.0,0.0,0.0,0.0
392,20,2016-11-26,9.0,0.0,0.0,0,5,26,331,11,2016,0,0,0,0,0,1,0,0,0,0,0,0,0,0,0,0,0,1,0,0,1,1,0,0.0,0.0,0.0,0.0,0.0,0.0,0.0,0.0
393,21,2016-11-27,9.0,0.0,0.0,0,6,27,332,11,2016,0,0,0,0,0,0,1,0,0,0,0,0,0,0,0,0,0,1,0,0,1,1,0,0.0,0.0,0.0,0.0,0.0,0.0,0.0,0.0
394,22,2016-11-28,9.0,0.0,0.0,0,0,28,333,11,2016,1,0,0,0,0,0,0,0,0,0,0,0,0,0,0,0,0,1,0,0,1,1,0,0.0,0.0,0.0,0.0,0.0,0.0,0.0,0.0
395,23,2016-11-29,9.0,0.0,0.0,0,1,29,334,11,2016,0,1,0,0,0,0,0,0,0,0,0,0,0,0,0,0,0,1,0,0,1,1,0,0.0,0.0,0.0,0.0,0.0,0.0,0.0,0.0
396,24,2016-11-30,9.0,0.0,0.0,0,2,30,335,11,2016,0,0,1,0,0,0,0,0,0,0,0,0,0,0,0,0,0,1,0,0,1,1,0,0.0,0.0,0.0,0.0,0.0,0.0,0.0,0.0
397,25,2016-12-01,9.0,0.0,0.0,0,3,1,336,12,2016,0,0,0,1,0,0,0,0,0,0,0,0,0,0,0,0,0,0,1,0,1,1,0,0.0,0.0,0.0,0.0,0.0,0.0,0.0,0.0
398,26,2016-12-02,9.0,0.0,0.0,0,4,2,337,12,2016,0,0,0,0,1,0,0,0,0,0,0,0,0,0,0,0,0,0,1,0,1,1,0,0.0,0.0,0.0,0.0,0.0,0.0,0.0,0.0
399,27,2016-12-03,9.0,0.0,0.0,0,5,3,338,12,2016,0,0,0,0,0,1,0,0,0,0,0,0,0,0,0,0,0,0,1,0,1,1,0,0.0,0.0,0.0,0.0,0.0,0.0,0.0,0.0
400,28,2016-12-04,9.0,0.0,0.0,0,6,4,339,12,2016,0,0,0,0,0,0,1,0,0,0,0,0,0,0,0,0,0,0,1,0,1,1,0,0.0,0.0,0.0,0.0,0.0,0.0,0.0,0.0
401,29,2016-12-05,9.0,0.0,0.0,0,0,5,340,12,2016,1,0,0,0,0,0,0,0,0,0,0,0,0,0,0,0,0,0,1,0,1,1,0,0.0,0.0,0.0,0.0,0.0,0.0,0.0,0.0
402,30,2016-12-06,9.0,0.0,0.0,0,1,6,341,12,2016,0,1,0,0,0,0,0,0,0,0,0,0,0,0,0,0,0,0,1,0,1,1,0,0.0,0.0,0.0,0.0,0.0,0.0,0.0,0.0
403,0,2016-11-06,12.0,0.0,0.0,0,6,6,311,11,2016,0,0,0,0,0,0,1,0,0,0,0,0,0,0,0,0,0,1,0,0,1,1,0,0.0,11.0,14.7,1.0,-1.01197617903,-0.473019060001,-0.867696792838,-0.666027457796
404,1,2016-11-07,12.0,0.0,0.0,0,0,7,312,11,2016,1,0,0,0,0,0,0,0,0,0,0,0,0,0,0,0,0,1,0,0,1,1,0,0.0,4.0,12.5,0.0,-1.01197617903,-1.37350719645,-1.15484678796,-0.695957350549
405,2,2016-11-08,12.0,0.0,0.0,0,1,8,313,11,2016,0,1,0,0,0,0,0,0,0,0,0,0,0,0,0,0,0,1,0,0,1,1,0,0.0,8.5,18.9,0.0,-1.01197617903,-0.794621965875,-0.3195013476,-0.695957350549
406,3,2016-11-09,12.0,0.0,0.0,0,2,9,314,11,2016,0,0,1,0,0,0,0,0,0,0,0,0,0,0,0,0,0,1,0,0,1,1,0,2.0,9.6,12.4,3.0,-0.310957639919,-0.65311668729,-1.16789906047,-0.60616767229
407,4,2016-11-10,12.0,0.0,0.0,0,3,10,315,11,2016,0,0,0,1,0,0,0,0,0,0,0,0,0,0,0,0,0,1,0,0,1,1,0,2.0,6.3,13.8,6.0,-0.310957639919,-1.07763252304,-0.985167245389,-0.516377994032
408,5,2016-11-11,12.0,0.0,0.0,0,4,11,316,11,2016,0,0,0,0,1,0,0,0,0,0,0,0,0,0,0,0,0,1,0,0,1,1,0,0.0,9.2,14.9,0.0,-1.01197617903,-0.70457315223,-0.841592247827,-0.695957350549
409,6,2016-11-12,12.0,0.0,0.0,0,5,12,317,11,2016,0,0,0,0,0,1,0,0,0,0,0,0,0,0,0,0,0,1,0,0,1,1,0,0.0,4.1,9.8,1.0,-1.01197617903,-1.36064308021,-1.50725814562,-0.666027457796
410,7,2016-11-13,12.0,0.0,0.0,0,6,13,318,11,2016,0,0,0,0,0,0,1,0,0,0,0,0,0,0,0,0,0,1,0,0,1,1,0,1.0,4.1,9.5,2.0,-0.661466909476,-1.36064308021,-1.54641496313,-0.636097565043
411,8,2016-11-14,12.0,0.0,0.0,0,0,14,319,11,2016,1,0,0,0,0,0,0,0,0,0,0,0,0,0,0,0,0,1,0,0,1,1,0,0.0,0.0,0.0,0.0,0.0,0.0,0.0,0.0
412,9,2016-11-15,12.0,0.0,0.0,0,1,15,320,11,2016,0,1,0,0,0,0,0,0,0,0,0,0,0,0,0,0,0,1,0,0,1,1,0,0.0,0.0,0.0,0.0,0.0,0.0,0.0,0.0
413,10,2016-11-16,12.0,0.0,0.0,0,2,16,321,11,2016,0,0,1,0,0,0,0,0,0,0,0,0,0,0,0,0,0,1,0,0,1,1,0,0.0,0.0,0.0,0.0,0.0,0.0,0.0,0.0
414,11,2016-11-17,12.0,0.0,0.0,0,3,17,322,11,2016,0,0,0,1,0,0,0,0,0,0,0,0,0,0,0,0,0,1,0,0,1,1,0,0.0,0.0,0.0,0.0,0.0,0.0,0.0,0.0
415,12,2016-11-18,12.0,0.0,0.0,0,4,18,323,11,2016,0,0,0,0,1,0,0,0,0,0,0,0,0,0,0,0,0,1,0,0,1,1,0,0.0,0.0,0.0,0.0,0.0,0.0,0.0,0.0
416,13,2016-11-19,12.0,0.0,0.0,0,5,19,324,11,2016,0,0,0,0,0,1,0,0,0,0,0,0,0,0,0,0,0,1,0,0,1,1,0,0.0,0.0,0.0,0.0,0.0,0.0,0.0,0.0
417,14,2016-11-20,12.0,0.0,0.0,0,6,20,325,11,2016,0,0,0,0,0,0,1,0,0,0,0,0,0,0,0,0,0,1,0,0,1,1,0,0.0,0.0,0.0,0.0,0.0,0.0,0.0,0.0
418,15,2016-11-21,12.0,0.0,0.0,0,0,21,326,11,2016,1,0,0,0,0,0,0,0,0,0,0,0,0,0,0,0,0,1,0,0,1,1,0,0.0,0.0,0.0,0.0,0.0,0.0,0.0,0.0
419,16,2016-11-22,12.0,0.0,0.0,0,1,22,327,11,2016,0,1,0,0,0,0,0,0,0,0,0,0,0,0,0,0,0,1,0,0,1,1,0,0.0,0.0,0.0,0.0,0.0,0.0,0.0,0.0
420,17,2016-11-23,12.0,0.0,0.0,0,2,23,328,11,2016,0,0,1,0,0,0,0,0,0,0,0,0,0,0,0,0,0,1,0,0,1,1,0,0.0,0.0,0.0,0.0,0.0,0.0,0.0,0.0
421,18,2016-11-24,12.0,0.0,0.0,0,3,24,329,11,2016,0,0,0,1,0,0,0,0,0,0,0,0,0,0,0,0,0,1,0,0,1,1,0,0.0,0.0,0.0,0.0,0.0,0.0,0.0,0.0
422,19,2016-11-25,12.0,0.0,0.0,0,4,25,330,11,2016,0,0,0,0,1,0,0,0,0,0,0,0,0,0,0,0,0,1,0,0,1,1,0,0.0,0.0,0.0,0.0,0.0,0.0,0.0,0.0
423,20,2016-11-26,12.0,0.0,0.0,0,5,26,331,11,2016,0,0,0,0,0,1,0,0,0,0,0,0,0,0,0,0,0,1,0,0,1,1,0,0.0,0.0,0.0,0.0,0.0,0.0,0.0,0.0
424,21,2016-11-27,12.0,0.0,0.0,0,6,27,332,11,2016,0,0,0,0,0,0,1,0,0,0,0,0,0,0,0,0,0,1,0,0,1,1,0,0.0,0.0,0.0,0.0,0.0,0.0,0.0,0.0
425,22,2016-11-28,12.0,0.0,0.0,0,0,28,333,11,2016,1,0,0,0,0,0,0,0,0,0,0,0,0,0,0,0,0,1,0,0,1,1,0,0.0,0.0,0.0,0.0,0.0,0.0,0.0,0.0
426,23,2016-11-29,12.0,0.0,0.0,0,1,29,334,11,2016,0,1,0,0,0,0,0,0,0,0,0,0,0,0,0,0,0,1,0,0,1,1,0,0.0,0.0,0.0,0.0,0.0,0.0,0.0,0.0
427,24,2016-11-30,12.0,0.0,0.0,0,2,30,335,11,2016,0,0,1,0,0,0,0,0,0,0,0,0,0,0,0,0,0,1,0,0,1,1,0,0.0,0.0,0.0,0.0,0.0,0.0,0.0,0.0
428,25,2016-12-01,12.0,0.0,0.0,0,3,1,336,12,2016,0,0,0,1,0,0,0,0,0,0,0,0,0,0,0,0,0,0,1,0,1,1,0,0.0,0.0,0.0,0.0,0.0,0.0,0.0,0.0
429,26,2016-12-02,12.0,0.0,0.0,0,4,2,337,12,2016,0,0,0,0,1,0,0,0,0,0,0,0,0,0,0,0,0,0,1,0,1,1,0,0.0,0.0,0.0,0.0,0.0,0.0,0.0,0.0
430,27,2016-12-03,12.0,0.0,0.0,0,5,3,338,12,2016,0,0,0,0,0,1,0,0,0,0,0,0,0,0,0,0,0,0,1,0,1,1,0,0.0,0.0,0.0,0.0,0.0,0.0,0.0,0.0
431,28,2016-12-04,12.0,0.0,0.0,0,6,4,339,12,2016,0,0,0,0,0,0,1,0,0,0,0,0,0,0,0,0,0,0,1,0,1,1,0,0.0,0.0,0.0,0.0,0.0,0.0,0.0,0.0
432,29,2016-12-05,12.0,0.0,0.0,0,0,5,340,12,2016,1,0,0,0,0,0,0,0,0,0,0,0,0,0,0,0,0,0,1,0,1,1,0,0.0,0.0,0.0,0.0,0.0,0.0,0.0,0.0
433,30,2016-12-06,12.0,0.0,0.0,0,1,6,341,12,2016,0,1,0,0,0,0,0,0,0,0,0,0,0,0,0,0,0,0,1,0,1,1,0,0.0,0.0,0.0,0.0,0.0,0.0,0.0,0.0
434,0,2016-11-06,14.0,0.0,0.0,0,6,6,311,11,2016,0,0,0,0,0,0,1,0,0,0,0,0,0,0,0,0,0,1,0,0,1,1,0,3.0,3.5,9.6,25.0,-0.893387281803,-1.51159181912,-1.09671943407,-0.24324120946
435,1,2016-11-07,14.0,0.0,0.0,0,0,7,312,11,2016,1,0,0,0,0,0,0,0,0,0,0,0,0,0,0,0,0,1,0,0,1,1,0,2.0,2.4,8.4,2.0,-1.4776125526,-1.73611081627,-1.36819248445,-0.963942356887
436,2,2016-11-08,14.0,0.0,0.0,0,1,8,313,11,2016,0,1,0,0,0,0,0,0,0,0,0,0,0,0,0,0,0,1,0,0,1,1,0,6.0,2.8,8.7,63.0,0.859288530589,-1.65446754458,-1.30032422185,0.94748242542
437,3,2016-11-09,14.0,0.0,0.0,0,2,9,314,11,2016,0,0,1,0,0,0,0,0,0,0,0,0,0,0,0,0,0,1,0,0,1,1,0,5.0,5.3,9.8,63.0,0.275063259792,-1.14419709652,-1.05147392567,0.94748242542
438,4,2016-11-10,14.0,0.0,0.0,0,3,10,315,11,2016,0,0,0,1,0,0,0,0,0,0,0,0,0,0,0,0,0,1,0,0,1,1,0,5.0,6.5,10.1,5.0,0.275063259792,-0.899267281455,-0.983605663078,-0.869937859396
439,5,2016-11-11,14.0,0.0,0.0,0,4,11,316,11,2016,0,0,0,0,1,0,0,0,0,0,0,0,0,0,0,0,0,1,0,0,1,1,0,6.0,6.8,12.4,63.0,0.859288530589,-0.838034827688,-0.463282316519,0.94748242542
440,6,2016-11-12,14.0,0.0,0.0,0,5,12,317,11,2016,0,0,0,0,0,1,0,0,0,0,0,0,0,0,0,0,0,1,0,0,1,1,0,5.0,7.6,9.7,80.0,0.275063259792,-0.67474828431,-1.07409667987,1.48017457787
441,7,2016-11-13,14.0,0.0,0.0,0,6,13,318,11,2016,0,0,0,0,0,0,1,0,0,0,0,0,0,0,0,0,0,1,0,0,1,1,0,5.0,5.7,11.1,63.0,0.275063259792,-1.06255382483,-0.757378121096,0.94748242542
442,8,2016-11-14,14.0,0.0,0.0,0,0,14,319,11,2016,1,0,0,0,0,0,0,0,0,0,0,0,0,0,0,0,0,1,0,0,1,1,0,0.0,0.0,0.0,0.0,0.0,0.0,0.0,0.0
443,9,2016-11-15,14.0,0.0,0.0,0,1,15,320,11,2016,0,1,0,0,0,0,0,0,0,0,0,0,0,0,0,0,0,1,0,0,1,1,0,0.0,0.0,0.0,0.0,0.0,0.0,0.0,0.0
444,10,2016-11-16,14.0,0.0,0.0,0,2,16,321,11,2016,0,0,1,0,0,0,0,0,0,0,0,0,0,0,0,0,0,1,0,0,1,1,0,0.0,0.0,0.0,0.0,0.0,0.0,0.0,0.0
445,11,2016-11-17,14.0,0.0,0.0,0,3,17,322,11,2016,0,0,0,1,0,0,0,0,0,0,0,0,0,0,0,0,0,1,0,0,1,1,0,0.0,0.0,0.0,0.0,0.0,0.0,0.0,0.0
446,12,2016-11-18,14.0,0.0,0.0,0,4,18,323,11,2016,0,0,0,0,1,0,0,0,0,0,0,0,0,0,0,0,0,1,0,0,1,1,0,0.0,0.0,0.0,0.0,0.0,0.0,0.0,0.0
447,13,2016-11-19,14.0,0.0,0.0,0,5,19,324,11,2016,0,0,0,0,0,1,0,0,0,0,0,0,0,0,0,0,0,1,0,0,1,1,0,0.0,0.0,0.0,0.0,0.0,0.0,0.0,0.0
448,14,2016-11-20,14.0,0.0,0.0,0,6,20,325,11,2016,0,0,0,0,0,0,1,0,0,0,0,0,0,0,0,0,0,1,0,0,1,1,0,0.0,0.0,0.0,0.0,0.0,0.0,0.0,0.0
449,15,2016-11-21,14.0,0.0,0.0,0,0,21,326,11,2016,1,0,0,0,0,0,0,0,0,0,0,0,0,0,0,0,0,1,0,0,1,1,0,0.0,0.0,0.0,0.0,0.0,0.0,0.0,0.0
450,16,2016-11-22,14.0,0.0,0.0,0,1,22,327,11,2016,0,1,0,0,0,0,0,0,0,0,0,0,0,0,0,0,0,1,0,0,1,1,0,0.0,0.0,0.0,0.0,0.0,0.0,0.0,0.0
451,17,2016-11-23,14.0,0.0,0.0,0,2,23,328,11,2016,0,0,1,0,0,0,0,0,0,0,0,0,0,0,0,0,0,1,0,0,1,1,0,0.0,0.0,0.0,0.0,0.0,0.0,0.0,0.0
452,18,2016-11-24,14.0,0.0,0.0,0,3,24,329,11,2016,0,0,0,1,0,0,0,0,0,0,0,0,0,0,0,0,0,1,0,0,1,1,0,0.0,0.0,0.0,0.0,0.0,0.0,0.0,0.0
453,19,2016-11-25,14.0,0.0,0.0,0,4,25,330,11,2016,0,0,0,0,1,0,0,0,0,0,0,0,0,0,0,0,0,1,0,0,1,1,0,0.0,0.0,0.0,0.0,0.0,0.0,0.0,0.0
454,20,2016-11-26,14.0,0.0,0.0,0,5,26,331,11,2016,0,0,0,0,0,1,0,0,0,0,0,0,0,0,0,0,0,1,0,0,1,1,0,0.0,0.0,0.0,0.0,0.0,0.0,0.0,0.0
455,21,2016-11-27,14.0,0.0,0.0,0,6,27,332,11,2016,0,0,0,0,0,0,1,0,0,0,0,0,0,0,0,0,0,1,0,0,1,1,0,0.0,0.0,0.0,0.0,0.0,0.0,0.0,0.0
456,22,2016-11-28,14.0,0.0,0.0,0,0,28,333,11,2016,1,0,0,0,0,0,0,0,0,0,0,0,0,0,0,0,0,1,0,0,1,1,0,0.0,0.0,0.0,0.0,0.0,0.0,0.0,0.0
457,23,2016-11-29,14.0,0.0,0.0,0,1,29,334,11,2016,0,1,0,0,0,0,0,0,0,0,0,0,0,0,0,0,0,1,0,0,1,1,0,0.0,0.0,0.0,0.0,0.0,0.0,0.0,0.0
458,24,2016-11-30,14.0,0.0,0.0,0,2,30,335,11,2016,0,0,1,0,0,0,0,0,0,0,0,0,0,0,0,0,0,1,0,0,1,1,0,0.0,0.0,0.0,0.0,0.0,0.0,0.0,0.0
459,25,2016-12-01,14.0,0.0,0.0,0,3,1,336,12,2016,0,0,0,1,0,0,0,0,0,0,0,0,0,0,0,0,0,0,1,0,1,1,0,0.0,0.0,0.0,0.0,0.0,0.0,0.0,0.0
460,26,2016-12-02,14.0,0.0,0.0,0,4,2,337,12,2016,0,0,0,0,1,0,0,0,0,0,0,0,0,0,0,0,0,0,1,0,1,1,0,0.0,0.0,0.0,0.0,0.0,0.0,0.0,0.0
461,27,2016-12-03,14.0,0.0,0.0,0,5,3,338,12,2016,0,0,0,0,0,1,0,0,0,0,0,0,0,0,0,0,0,0,1,0,1,1,0,0.0,0.0,0.0,0.0,0.0,0.0,0.0,0.0
462,28,2016-12-04,14.0,0.0,0.0,0,6,4,339,12,2016,0,0,0,0,0,0,1,0,0,0,0,0,0,0,0,0,0,0,1,0,1,1,0,0.0,0.0,0.0,0.0,0.0,0.0,0.0,0.0
463,29,2016-12-05,14.0,0.0,0.0,0,0,5,340,12,2016,1,0,0,0,0,0,0,0,0,0,0,0,0,0,0,0,0,0,1,0,1,1,0,0.0,0.0,0.0,0.0,0.0,0.0,0.0,0.0
464,30,2016-12-06,14.0,0.0,0.0,0,1,6,341,12,2016,0,1,0,0,0,0,0,0,0,0,0,0,0,0,0,0,0,0,1,0,1,1,0,0.0,0.0,0.0,0.0,0.0,0.0,0.0,0.0
465,0,2016-11-06,15.0,0.0,0.0,0,6,6,311,11,2016,0,0,0,0,0,0,1,0,0,0,0,0,0,0,0,0,0,1,0,0,1,1,0,5.0,2.2,7.8,5.0,-0.0611476835395,-1.21288087195,-1.24629689726,-0.899040427441
466,1,2016-11-07,15.0,0.0,0.0,0,0,7,312,11,2016,1,0,0,0,0,0,0,0,0,0,0,0,0,0,0,0,0,1,0,0,1,1,0,5.0,0.5,7.6,6.0,-0.0611476835395,-1.57041945098,-1.28923279143,-0.866484645946
467,2,2016-11-08,15.0,0.0,0.0,0,1,8,313,11,2016,0,1,0,0,0,0,0,0,0,0,0,0,0,0,0,0,0,1,0,0,1,1,0,5.0,-1.4,5.5,23.0,-0.0611476835395,-1.97002139225,-1.7400596802,-0.31303636053
468,3,2016-11-09,15.0,0.0,0.0,0,2,9,314,11,2016,0,0,1,0,0,0,0,0,0,0,0,0,0,0,0,0,0,1,0,0,1,1,0,6.0,2.8,8.0,63.0,0.487072927504,-1.08669078523,-1.20336100309,0.989194899274
469,4,2016-11-10,15.0,0.0,0.0,0,3,10,315,11,2016,0,0,0,1,0,0,0,0,0,0,0,0,0,0,0,0,0,1,0,0,1,1,0,5.0,4.4,8.5,25.0,-0.0611476835395,-0.750183887318,-1.09602126767,-0.24792479754
470,5,2016-11-11,15.0,0.0,0.0,0,4,11,316,11,2016,0,0,0,0,1,0,0,0,0,0,0,0,0,0,0,0,0,1,0,0,1,1,0,7.0,4.8,9.9,61.0,1.03529353855,-0.66605716284,-0.795470008494,0.924083336284
471,6,2016-11-12,15.0,0.0,0.0,0,5,12,317,11,2016,0,0,0,0,0,1,0,0,0,0,0,0,0,0,0,0,0,1,0,0,1,1,0,6.0,6.8,9.0,80.0,0.487072927504,-0.245423540449,-0.988681532251,1.54264318469
472,7,2016-11-13,15.0,0.0,0.0,0,6,13,318,11,2016,0,0,0,0,0,0,1,0,0,0,0,0,0,0,0,0,0,1,0,0,1,1,0,6.0,5.4,9.9,60.0,0.487072927504,-0.539867076122,-0.795470008494,0.891527554789
473,8,2016-11-14,15.0,0.0,0.0,0,0,14,319,11,2016,1,0,0,0,0,0,0,0,0,0,0,0,0,0,0,0,0,1,0,0,1,1,0,0.0,0.0,0.0,0.0,0.0,0.0,0.0,0.0
474,9,2016-11-15,15.0,0.0,0.0,0,1,15,320,11,2016,0,1,0,0,0,0,0,0,0,0,0,0,0,0,0,0,0,1,0,0,1,1,0,0.0,0.0,0.0,0.0,0.0,0.0,0.0,0.0
475,10,2016-11-16,15.0,0.0,0.0,0,2,16,321,11,2016,0,0,1,0,0,0,0,0,0,0,0,0,0,0,0,0,0,1,0,0,1,1,0,0.0,0.0,0.0,0.0,0.0,0.0,0.0,0.0
476,11,2016-11-17,15.0,0.0,0.0,0,3,17,322,11,2016,0,0,0,1,0,0,0,0,0,0,0,0,0,0,0,0,0,1,0,0,1,1,0,0.0,0.0,0.0,0.0,0.0,0.0,0.0,0.0
477,12,2016-11-18,15.0,0.0,0.0,0,4,18,323,11,2016,0,0,0,0,1,0,0,0,0,0,0,0,0,0,0,0,0,1,0,0,1,1,0,0.0,0.0,0.0,0.0,0.0,0.0,0.0,0.0
478,13,2016-11-19,15.0,0.0,0.0,0,5,19,324,11,2016,0,0,0,0,0,1,0,0,0,0,0,0,0,0,0,0,0,1,0,0,1,1,0,0.0,0.0,0.0,0.0,0.0,0.0,0.0,0.0
479,14,2016-11-20,15.0,0.0,0.0,0,6,20,325,11,2016,0,0,0,0,0,0,1,0,0,0,0,0,0,0,0,0,0,1,0,0,1,1,0,0.0,0.0,0.0,0.0,0.0,0.0,0.0,0.0
480,15,2016-11-21,15.0,0.0,0.0,0,0,21,326,11,2016,1,0,0,0,0,0,0,0,0,0,0,0,0,0,0,0,0,1,0,0,1,1,0,0.0,0.0,0.0,0.0,0.0,0.0,0.0,0.0
481,16,2016-11-22,15.0,0.0,0.0,0,1,22,327,11,2016,0,1,0,0,0,0,0,0,0,0,0,0,0,0,0,0,0,1,0,0,1,1,0,0.0,0.0,0.0,0.0,0.0,0.0,0.0,0.0
482,17,2016-11-23,15.0,0.0,0.0,0,2,23,328,11,2016,0,0,1,0,0,0,0,0,0,0,0,0,0,0,0,0,0,1,0,0,1,1,0,0.0,0.0,0.0,0.0,0.0,0.0,0.0,0.0
483,18,2016-11-24,15.0,0.0,0.0,0,3,24,329,11,2016,0,0,0,1,0,0,0,0,0,0,0,0,0,0,0,0,0,1,0,0,1,1,0,0.0,0.0,0.0,0.0,0.0,0.0,0.0,0.0
484,19,2016-11-25,15.0,0.0,0.0,0,4,25,330,11,2016,0,0,0,0,1,0,0,0,0,0,0,0,0,0,0,0,0,1,0,0,1,1,0,0.0,0.0,0.0,0.0,0.0,0.0,0.0,0.0
485,20,2016-11-26,15.0,0.0,0.0,0,5,26,331,11,2016,0,0,0,0,0,1,0,0,0,0,0,0,0,0,0,0,0,1,0,0,1,1,0,0.0,0.0,0.0,0.0,0.0,0.0,0.0,0.0
486,21,2016-11-27,15.0,0.0,0.0,0,6,27,332,11,2016,0,0,0,0,0,0,1,0,0,0,0,0,0,0,0,0,0,1,0,0,1,1,0,0.0,0.0,0.0,0.0,0.0,0.0,0.0,0.0
487,22,2016-11-28,15.0,0.0,0.0,0,0,28,333,11,2016,1,0,0,0,0,0,0,0,0,0,0,0,0,0,0,0,0,1,0,0,1,1,0,0.0,0.0,0.0,0.0,0.0,0.0,0.0,0.0
488,23,2016-11-29,15.0,0.0,0.0,0,1,29,334,11,2016,0,1,0,0,0,0,0,0,0,0,0,0,0,0,0,0,0,1,0,0,1,1,0,0.0,0.0,0.0,0.0,0.0,0.0,0.0,0.0
489,24,2016-11-30,15.0,0.0,0.0,0,2,30,335,11,2016,0,0,1,0,0,0,0,0,0,0,0,0,0,0,0,0,0,1,0,0,1,1,0,0.0,0.0,0.0,0.0,0.0,0.0,0.0,0.0
490,25,2016-12-01,15.0,0.0,0.0,0,3,1,336,12,2016,0,0,0,1,0,0,0,0,0,0,0,0,0,0,0,0,0,0,1,0,1,1,0,0.0,0.0,0.0,0.0,0.0,0.0,0.0,0.0
491,26,2016-12-02,15.0,0.0,0.0,0,4,2,337,12,2016,0,0,0,0,1,0,0,0,0,0,0,0,0,0,0,0,0,0,1,0,1,1,0,0.0,0.0,0.0,0.0,0.0,0.0,0.0,0.0
492,27,2016-12-03,15.0,0.0,0.0,0,5,3,338,12,2016,0,0,0,0,0,1,0,0,0,0,0,0,0,0,0,0,0,0,1,0,1,1,0,0.0,0.0,0.0,0.0,0.0,0.0,0.0,0.0
493,28,2016-12-04,15.0,0.0,0.0,0,6,4,339,12,2016,0,0,0,0,0,0,1,0,0,0,0,0,0,0,0,0,0,0,1,0,1,1,0,0.0,0.0,0.0,0.0,0.0,0.0,0.0,0.0
494,29,2016-12-05,15.0,0.0,0.0,0,0,5,340,12,2016,1,0,0,0,0,0,0,0,0,0,0,0,0,0,0,0,0,0,1,0,1,1,0,0.0,0.0,0.0,0.0,0.0,0.0,0.0,0.0
495,30,2016-12-06,15.0,0.0,0.0,0,1,6,341,12,2016,0,1,0,0,0,0,0,0,0,0,0,0,0,0,0,0,0,0,1,0,1,1,0,0.0,0.0,0.0,0.0,0.0,0.0,0.0,0.0
